data;horario;n_da_ocorrencia;tipo_de_ocorrencia;km;trecho;sentido;tipo_de_acidente;automovel;bicicleta;caminhao;moto;onibus;outros;tracao_animal;transporte_de_cargas_especiais;trator_maquinas;utilitarios;ilesos;levemente_feridos;moderadamente_feridos;gravemente_feridos;mortos
"27/06/2010";"16:17:00";"61";"com vítima";"77";"BR-153/SP";"Norte";"Saída de Pista";1;0;0;0;0;0;0;0;0;0;0;1;0;0;0
"28/06/2010";"00:25:00";"4";"sem vítima";"265";"BR-153/SP";"Norte";"Choque contra objeto na faixa de rolamento";1;0;0;0;0;0;0;0;0;0;1;0;0;0;0
"28/06/2010";"07:28:00";"18";"sem vítima";"132,5";"BR-153/SP";"Sul";"Colisão Traseira";0;0;2;0;0;0;0;0;0;0;2;0;0;0;0
"29/06/2010";"05:41:00";"8";"sem vítima";"57,5";"BR-153/SP";"Norte";"Saída de Pista";1;0;0;0;0;0;0;0;0;0;1;0;0;0;0
"29/06/2010";"22:08:00";"75";"com vítima";"6,2";"BR-153/SP";"Norte";"Colisão Lateral";1;0;1;0;0;0;0;0;0;0;1;1;0;0;0
"30/06/2010";"09:55:00";"29";"com vítima";"52";"BR-153/SP";"Norte";"Colisão Traseira";1;0;0;0;1;0;0;0;0;1;2;1;0;0;0
"01/07/2010";"06:00:00";"9";"sem vítima";"39";"BR-153/SP";"Norte";"Saída de Pista";1;0;0;0;0;0;0;0;0;0;1;0;0;0;0
"01/07/2010";"18:10:00";"75";"sem vítima";"37";"BR-153/SP";"Sul";"Colisão Transversal";2;0;0;0;0;0;0;0;0;0;5;0;0;0;0
"02/07/2010";"10:33:00";"44";"sem vítima";"58";"BR-153/SP";"Sul";"Colisão Lateral";1;0;1;0;0;0;0;0;0;0;2;0;0;0;0
"02/07/2010";"15:18:00";"65";"com vítima";"96,1999";"BR-153/SP";"Norte";"Colisão Frontal";1;0;1;0;0;0;0;0;0;0;0;1;1;0;0
"02/07/2010";"19:00:00";"80";"com vítima";"42,2999";"BR-153/SP";"Sul";"Colisão Traseira";1;0;0;1;0;0;0;0;0;0;1;0;0;1;0
"03/07/2010";"16:12:00";"40";"sem vítima";"64";"BR-153/SP";"Sul";"Colisão com Objeto Fixo";0;0;1;0;0;0;0;0;0;1;2;0;0;0;0
"03/07/2010";"22:25:00";"64";"com vítima";"62,7999";"BR-153/SP";"Norte";"Colisão Traseira";0;0;0;1;0;0;0;0;0;0;0;1;0;0;0
"04/07/2010";"02:15:00";"4";"com vítima";"109";"BR-153/SP";"Sul";"Saída de Pista";1;0;0;0;0;1;0;0;0;0;2;1;0;0;0
"04/07/2010";"08:26:00";"17";"com vítima";"88,6999";"BR-153/SP";"Norte";"Queda de Moto";0;0;0;1;0;0;0;0;0;0;0;2;0;0;0
"04/07/2010";"21:25:00";"92";"com vítima";"152";"BR-153/SP";"Sul";"Capotamento";0;0;0;1;0;1;0;0;0;0;1;0;1;0;0
"04/07/2010";"22:00:00";"96";"com vítima";"155,199";"BR-153/SP";"Norte";"Colisão Frontal";0;0;1;1;0;0;0;0;0;0;0;1;0;0;1
"05/07/2010";"09:00:00";"32";"sem vítima";"71,5";"BR-153/SP";"Norte";"Colisão Lateral";2;0;0;0;0;0;0;0;0;1;3;0;0;0;0
"05/07/2010";"11:31:00";"52";"sem vítima";"75,5999";"BR-153/SP";"Sul";"Colisão Transversal";2;0;0;0;0;0;0;0;0;0;2;0;0;0;0
"06/07/2010";"14:51:00";"58";"com vítima";"6,5";"BR-153/SP";"Norte";"Saída de Pista";0;0;0;0;0;0;0;0;0;1;1;1;0;0;0
"07/07/2010";"06:06:00";"11";"sem vítima";"274,5";"BR-153/SP";"Norte";"Saída de Pista";0;0;1;0;0;0;0;0;0;0;1;0;0;0;0
"07/07/2010";"07:55:00";"15";"sem vítima";"75";"BR-153/SP";"Norte";"Colisão Traseira";1;0;1;0;0;0;0;0;0;1;3;0;0;0;0
"07/07/2010";"14:24:00";"49";"com vítima";"58";"BR-153/SP";"Norte";"Colisão Transversal";2;0;0;0;0;0;0;0;0;0;2;3;0;0;0
"07/07/2010";"23:50:00";"96";"com vítima";"59";"BR-153/SP";"Norte";"Colisão Traseira";2;0;0;0;0;0;0;0;0;0;0;2;0;0;0
"08/07/2010";"18:25:00";"71";"sem vítima";"76";"BR-153/SP";"Sul";"Saída de Pista";1;0;0;0;0;0;0;0;0;0;1;0;0;0;0
"08/07/2010";"23:10:00";"94";"com vítima";"109";"BR-153/SP";"Norte";"Colisão Traseira";1;0;1;0;0;0;0;0;0;0;2;1;0;0;0
"09/07/2010";"01:23:00";"4";"sem vítima";"98";"BR-153/SP";"Norte";"Colisão Traseira";1;0;1;0;0;0;0;0;0;0;2;0;0;0;0
"09/07/2010";"05:00:00";"11";"com vítima";"74,8000";"BR-153/SP";"Norte";"Colisão Frontal";2;0;0;0;0;0;0;0;0;0;1;0;2;0;0
"09/07/2010";"06:13:00";"14";"sem vítima";"63";"BR-153/SP";"Norte";"Colisão com Objeto Fixo";1;0;0;0;0;0;0;0;0;0;1;0;0;0;0
"09/07/2010";"20:23:00";"93";"com vítima";"184,300";"BR-153/SP";"Norte";"Colisão Traseira";0;0;0;1;0;1;0;0;0;0;1;1;0;0;0
"10/07/2010";"02:41:00";"5";"sem vítima";"35,7999";"BR-153/SP";"Norte";"Colisão com Objeto Fixo";1;0;0;0;0;0;0;0;0;0;1;0;0;0;0
"10/07/2010";"07:50:00";"17";"sem vítima";"63";"BR-153/SP";"Norte";"Colisão com Objeto Fixo";1;0;0;0;0;0;0;0;0;0;1;0;0;0;0
"10/07/2010";"13:45:00";"43";"sem vítima";"64";"BR-153/SP";"Norte";"Saída de Pista";1;0;0;0;0;0;0;0;0;0;1;0;0;0;0
"10/07/2010";"14:59:00";"51";"sem vítima";"192";"BR-153/SP";"Sul";"Colisão traseira";1;0;0;0;0;0;0;0;0;0;1;0;0;0;0
"10/07/2010";"19:47:00";"66";"sem vítima";"61";"BR-153/SP";"Norte";"Colisão Traseira";2;0;0;0;0;1;0;0;0;0;3;0;0;0;0
"11/07/2010";"02:27:00";"4";"com vítima";"65";"BR-153/SP";"Norte";"Colisão Frontal";1;0;0;0;1;0;0;0;0;0;1;0;1;0;0
"11/07/2010";"19:02:00";"74";"sem vítima";"37";"BR-153/SP";"Norte";"Choque contra objeto na faixa de rolamento";3;0;0;0;0;0;0;0;0;1;4;0;0;0;0
"11/07/2010";"19:54:00";"80";"com vítima";"114";"BR-153/SP";"Norte";"Colisão Frontal";2;0;0;0;0;0;0;0;0;0;1;4;0;2;0
"12/07/2010";"06:30:00";"8";"sem vítima";"63";"BR-153/SP";"Norte";"Colisão Traseira";2;0;1;0;0;0;0;0;0;0;4;0;0;0;0
"12/07/2010";"07:04:00";"14";"com vítima";"37";"BR-153/SP";"Norte";"Colisão Transversal";0;0;0;1;1;0;0;0;0;0;1;0;1;0;0
"12/07/2010";"15:42:00";"49";"com vítima";"108";"BR-153/SP";"Norte";"Colisão Transversal";1;0;0;1;0;0;0;0;0;0;1;0;1;0;0
"13/07/2010";"12:00:00";"45";"sem vítima";"256";"BR-153/SP";"Sul";"Colisão Traseira";1;0;0;1;0;0;0;0;0;0;2;0;0;0;0
"13/07/2010";"17:43:00";"75";"sem vítima";"321,600";"BR-153/SP";"Norte";"Capotamento";1;0;0;0;0;0;0;0;0;0;2;0;0;0;0
"13/07/2010";"23:09:00";"94";"sem vítima";"116";"BR-153/SP";"Norte";"Colisão Lateral";0;0;3;0;0;0;0;0;0;0;3;0;0;0;0
"14/07/2010";"01:04:00";"4";"sem vítima";"86";"BR-153/SP";"Norte";"Saída de Pista";0;0;0;0;0;0;0;0;0;1;2;0;0;0;0
"14/07/2010";"11:05:00";"53";"sem vítima";"198";"BR-153/SP";"Norte";"Saída de Pista";1;0;0;0;0;0;0;0;0;0;1;0;0;0;0
"15/07/2010";"18:50:00";"67";"sem vítima";"125";"BR-153/SP";"Sul";"Choque contra objeto na faixa de rolamento";0;0;1;0;0;0;0;0;0;1;2;0;0;0;0
"16/07/2010";"16:01:00";"54";"sem vítima";"61,2999";"BR-153/SP";"Norte";"Saída de Pista";0;0;0;0;0;0;0;0;0;1;1;0;0;0;0
"17/07/2010";"08:46:00";"27";"com vítima";"128,199";"BR-153/SP";"Sul";"Saída de Pista";0;0;0;0;0;0;0;0;0;1;0;2;0;0;0
"17/07/2010";"09:38:00";"32";"sem vítima";"61";"BR-153/SP";"Norte";"Saída de Pista";1;0;0;0;0;0;0;0;0;0;1;0;0;0;0
"17/07/2010";"11:00:00";"39";"sem vítima";"64";"BR-153/SP";"Sul";"Colisão Lateral";1;0;1;0;0;0;0;0;0;0;2;0;0;0;0
"17/07/2010";"15:43:00";"66";"sem vítima";"141";"BR-153/SP";"Norte";"Saída de Pista";0;0;1;0;0;0;0;0;0;0;1;0;0;0;0
"17/07/2010";"18:36:00";"78";"com vítima";"127";"BR-153/SP";"Sul";"Capotamento";1;0;0;0;0;0;0;0;0;0;1;1;0;0;0
"17/07/2010";"19:26:00";"84";"com vítima";"61";"BR-153/SP";"Sul";"Capotamento";1;0;0;0;0;0;0;0;0;0;1;2;0;0;0
"17/07/2010";"22:46:00";"97";"com vítima";"63";"BR-153/SP";"Sul";"Queda de Moto";0;0;0;1;0;0;0;0;0;0;0;0;1;0;0
"18/07/2010";"04:45:00";"12";"sem vítima";"14,8000";"BR-153/SP";"Norte";"Colisão com Objeto Fixo";1;0;0;0;0;0;0;0;0;0;1;0;0;0;0
"18/07/2010";"15:10:00";"73";"sem vítima";"86,1999";"BR-153/SP";"Norte";"Colisão Traseira";1;0;1;0;0;0;0;0;0;0;2;0;0;0;0
"18/07/2010";"17:12:00";"112";"com vítima";"112,5";"BR-153/SP";"Sul";"Saída de Pista";0;0;1;0;0;0;0;0;0;0;1;1;0;0;0
"19/07/2010";"18:51:00";"61";"com vítima";"24";"BR-153/SP";"Norte";"Colisão Frontal";1;0;0;1;0;0;0;0;0;0;1;1;0;1;0
"20/07/2010";"01:42:00";"3";"sem vítima";"120";"BR-153/SP";"Norte";"Colisão Traseira";1;0;1;0;0;0;0;0;0;0;2;0;0;0;0
"20/07/2010";"08:42:00";"15";"com vítima";"61";"BR-153/SP";"Sul";"Colisão Lateral";1;0;0;1;0;0;0;0;0;0;1;1;0;0;0
"20/07/2010";"08:45:00";"16";"sem vítima";"62,4000";"BR-153/SP";"Sul";"Colisão com Objeto Fixo";1;0;1;0;0;0;0;0;0;0;5;0;0;0;0
"20/07/2010";"20:43:00";"58";"sem vítima";"150";"BR-153/SP";"Norte";"Atropelamento de Animal";1;0;0;0;0;0;0;0;0;0;1;0;0;0;0
"21/07/2010";"06:31:00";"4";"sem vítima";"58";"BR-153/SP";"Norte";"Colisão Transversal";1;0;1;0;0;0;0;0;0;0;4;0;0;0;0
"21/07/2010";"23:40:00";"99";"com vítima";"60,5";"BR-153/SP";"Sul";"Queda de Moto";0;0;0;1;0;0;0;0;0;0;0;1;0;0;0
"22/07/2010";"06:39:00";"12";"com vítima";"72,5";"BR-153/SP";"Norte";"Colisão Transversal";0;0;0;1;0;1;0;0;0;0;1;1;0;0;0
"22/07/2010";"18:51:00";"86";"sem vítima";"25,5";"BR-153/SP";"Sul";"Queda de Moto";2;0;0;1;0;0;0;0;0;0;3;0;0;0;0
"23/07/2010";"03:25:00";"6";"sem vítima";"1,70000";"BR-153/SP";"Sul";"Colisão Traseira";2;0;1;0;0;0;0;0;0;0;3;0;0;0;0
"23/07/2010";"07:09:00";"16";"sem vítima";"59";"BR-153/SP";"Norte";"Queda de Moto";0;0;0;1;0;0;0;0;0;0;1;0;0;0;0
"23/07/2010";"14:09:00";"46";"com vítima";"329,700";"BR-153/SP";"Norte";"Colisão Traseira";0;0;0;1;0;0;0;0;0;1;1;0;1;0;0
"23/07/2010";"21:30:00";"80";"sem vítima";"75";"BR-153/SP";"Norte";"Colisão Transversal";1;0;0;1;0;0;0;0;0;0;2;0;0;0;0
"23/07/2010";"22:06:00";"82";"com vítima";"57";"BR-153/SP";"Sul";"Colisão com Objeto Fixo";0;0;0;1;0;0;0;0;0;0;0;0;0;0;1
"24/07/2010";"23:18:00";"105";"com vítima";"257,700";"BR-153/SP";"Sul";"Atropelamento de Animal";1;0;0;0;0;0;0;0;0;0;0;1;0;0;0
"25/07/2010";"01:14:00";"2";"sem vítima";"64";"BR-153/SP";"Norte";"Saída de Pista";1;0;0;0;0;0;0;0;0;0;1;0;0;0;0
"25/07/2010";"08:04:00";"16";"sem vítima";"100,5";"BR-153/SP";"Norte";"Saída de Pista";1;0;0;0;0;0;0;0;0;0;1;0;0;0;0
"25/07/2010";"16:10:00";"55";"com vítima";"74,9000";"BR-153/SP";"Norte";"Colisão Transversal";1;0;1;0;0;0;0;0;0;0;2;1;0;0;0
"25/07/2010";"19:26:00";"68";"com vítima";"287";"BR-153/SP";"Sul";"Colisão Transversal";2;0;0;0;0;0;0;0;0;1;3;2;0;1;0
"26/07/2010";"23:09:00";"80";"sem vítima";"99";"BR-153/SP";"Norte";"Colisão Transversal";0;0;1;0;0;0;0;0;0;1;3;0;0;0;0
"27/07/2010";"09:15:00";"19";"com vítima";"57";"BR-153/SP";"Norte";"Colisão Lateral";3;0;1;0;0;0;0;0;0;1;2;7;1;3;0
"27/07/2010";"17:55:00";"57";"com vítima";"75";"BR-153/SP";"Norte";"Colisão Transversal";0;0;0;2;0;0;0;0;0;0;0;2;0;0;0
"29/07/2010";"07:53:00";"26";"sem vítima";"62";"BR-153/SP";"Sul";"Colisão Traseira";1;0;0;0;0;0;0;0;0;1;2;0;0;0;0
"29/07/2010";"08:19:00";"30";"com vítima";"75";"BR-153/SP";"Norte";"Colisão Transversal";0;0;1;0;0;0;0;0;0;1;1;1;0;0;0
"29/07/2010";"16:23:00";"87";"com vítima";"273,200";"BR-153/SP";"Sul";"Choque contra objeto na faixa de rolamento";0;0;0;1;0;0;0;0;0;0;0;1;0;0;0
"29/07/2010";"18:14:00";"96";"sem vítima";"58,7999";"BR-153/SP";"Norte";"Colisão Lateral";1;0;0;0;1;0;0;0;0;0;2;0;0;0;0
"30/07/2010";"13:30:00";"61";"com vítima";"53";"BR-153/SP";"Sul";"Choque contra objeto na faixa de rolamento";1;0;1;0;0;0;0;0;0;0;2;2;0;0;0
"30/07/2010";"14:33:00";"67";"sem vítima";"61";"BR-153/SP";"Sul";"Tombamento";0;0;1;0;0;0;0;0;0;0;1;0;0;0;0
"30/07/2010";"18:30:00";"94";"sem vítima";"15,5";"BR-153/SP";"Norte";"Atropelamento de Animal";1;0;0;0;0;0;0;0;0;0;1;0;0;0;0
"30/07/2010";"18:46:00";"96";"sem vítima";"57";"BR-153/SP";"Norte";"Saída de Pista";1;0;1;0;0;0;0;0;0;0;1;0;0;0;0
"31/07/2010";"01:33:00";"2";"sem vítima";"302,799";"BR-153/SP";"Norte";"Colisão Traseira";1;0;2;0;0;0;0;0;0;0;4;0;0;0;0
"31/07/2010";"02:30:00";"5";"sem vítima";"60,7999";"BR-153/SP";"Sul";"Capotamento";1;0;0;0;0;0;0;0;0;0;1;0;0;0;0
"31/07/2010";"04:47:00";"7";"sem vítima";"14";"BR-153/SP";"Sul";"Capotamento";1;0;0;0;0;0;0;0;0;0;2;0;0;0;0
"31/07/2010";"06:11:00";"8";"sem vítima";"70";"BR-153/SP";"Norte";"Saída de Pista";1;0;0;0;0;0;0;0;0;0;2;0;0;0;0
"01/08/2010";"01:39:00";"8";"com vítima";"185,600";"BR-153/SP";"Norte";"Queda de Moto";0;0;0;1;0;0;0;0;0;0;0;1;0;0;0
"01/08/2010";"15:32:00";"86";"sem vítima";"90,9000";"BR-153/SP";"Norte";"Colisão Lateral";1;0;1;0;0;0;0;0;0;0;2;0;0;0;0
"02/08/2010";"07:57:00";"36";"sem vítima";"171";"BR-153/SP";"Sul";"Colisão Lateral";1;0;1;0;0;0;0;0;0;0;2;0;0;0;0
"02/08/2010";"19:05:00";"108";"com vítima";"44,0900";"BR-153/SP";"Sul";"Queda de Moto";0;0;0;1;0;0;0;0;0;0;0;2;0;0;0
"03/08/2010";"03:57:00";"8";"sem vítima";"25";"BR-153/SP";"Sul";"Colisão com Objeto Fixo";1;0;0;0;0;0;0;0;0;0;1;0;0;0;0
"03/08/2010";"11:15:00";"51";"com vítima";"107,900";"BR-153/SP";"Sul";"Colisão Transversal";1;0;1;0;0;0;0;0;0;0;2;0;0;1;0
"03/08/2010";"18:46:00";"90";"sem vítima";"58";"BR-153/SP";"Sul";"Colisão Transversal";2;0;0;0;0;0;0;0;0;0;2;0;0;0;0
"04/08/2010";"15:36:00";"94";"sem vítima";"55,5";"BR-153/SP";"Norte";"Colisão Transversal";2;0;0;0;0;0;0;0;0;0;6;0;0;0;0
"04/08/2010";"18:36:00";"107";"sem vítima";"2";"BR-153/SP";"Norte";"Tombamento";0;0;1;0;0;0;0;0;0;0;1;0;0;0;0
"04/08/2010";"19:11:00";"115";"sem vítima";"150,5";"BR-153/SP";"Norte";"Choque contra objeto na faixa de rolamento";1;0;0;0;0;0;0;0;0;0;1;0;0;0;0
"04/08/2010";"19:11:00";"116";"sem vítima";"150";"BR-153/SP";"Norte";"Choque contra objeto na faixa de rolamento";0;0;0;0;0;0;0;0;0;1;1;0;0;0;0
"04/08/2010";"20:34:00";"124";"sem vítima";"287";"BR-153/SP";"Sul";"Colisão Lateral";1;0;0;0;0;1;0;0;0;0;2;0;0;0;0
"05/08/2010";"07:13:00";"9";"com vítima";"58,7999";"BR-153/SP";"Sul";"Colisão Transversal";2;0;0;0;0;0;0;0;0;0;2;1;0;0;0
"05/08/2010";"09:00:00";"21";"sem vítima";"330,200";"BR-153/SP";"Norte";"Colisão Traseira";1;0;1;0;0;0;0;0;0;0;5;0;0;0;0
"05/08/2010";"18:22:00";"59";"sem vítima";"87";"BR-153/SP";"Norte";"Atropelamento de Animal";1;0;0;0;0;0;0;0;0;0;1;0;0;0;0
"06/08/2010";"01:33:00";"7";"com vítima";"142";"BR-153/SP";"Sul";"Queda de Moto";0;0;0;1;0;0;0;0;0;0;0;1;0;0;0
"06/08/2010";"04:22:00";"17";"com vítima";"2";"BR-153/SP";"Norte";"Colisão Traseira";0;0;1;0;0;0;0;0;0;1;1;2;0;0;0
"06/08/2010";"08:55:00";"42";"com vítima";"109";"BR-153/SP";"Sul";"Capotamento";0;0;0;0;0;0;0;0;0;1;0;1;0;0;0
"06/08/2010";"13:55:00";"66";"sem vítima";"56";"BR-153/SP";"Norte";"Colisão Traseira";2;0;0;0;0;0;0;0;0;0;2;0;0;0;0
"06/08/2010";"13:55:00";"65";"com vítima";"55,7999";"BR-153/SP";"Norte";"Colisão Transversal";1;0;0;1;0;0;0;0;0;0;1;2;0;0;0
"06/08/2010";"16:07:00";"73";"sem vítima";"304,200";"BR-153/SP";"Sul";"Capotamento";0;0;0;0;0;0;0;0;0;1;1;0;0;0;0
"06/08/2010";"20:04:00";"91";"sem vítima";"230";"BR-153/SP";"Norte";"Colisão Traseira";1;0;0;0;0;1;0;0;0;0;2;0;0;0;0
"07/08/2010";"17:09:00";"73";"sem vítima";"65";"BR-153/SP";"Norte";"Colisão Lateral";2;0;0;0;0;0;0;0;0;0;2;0;0;0;0
"07/08/2010";"19:58:00";"89";"com vítima";"147,5";"BR-153/SP";"Sul";"Colisão Traseira";2;0;0;0;0;0;0;0;0;0;1;3;0;0;0
"07/08/2010";"20:14:00";"92";"com vítima";"147,5";"BR-153/SP";"Sul";"Atropelamento  de Pedestre";0;0;0;1;0;0;0;0;0;0;0;2;0;0;0
"08/08/2010";"18:52:00";"98";"sem vítima";"258";"BR-153/SP";"Norte";"Colisão Lateral";1;0;0;0;0;1;0;0;0;0;2;0;0;0;0
"09/08/2010";"14:00:00";"53";"sem vítima";"111,199";"BR-153/SP";"Norte";"Colisão Traseira";2;0;0;0;0;0;0;0;0;0;2;0;0;0;0
"09/08/2010";"18:55:00";"75";"com vítima";"71,6999";"BR-153/SP";"Norte";"Colisão Transversal";2;0;0;0;0;0;0;0;0;0;1;1;0;0;0
"09/08/2010";"19:14:00";"78";"sem vítima";"72";"BR-153/SP";"Norte";"Colisão Traseira";2;0;0;0;0;0;0;0;0;1;3;0;0;0;0
"09/08/2010";"21:05:00";"87";"com vítima";"279,799";"BR-153/SP";"Norte";"Saída de Pista";0;0;1;0;0;0;0;0;0;0;0;0;1;0;0
"10/08/2010";"07:56:00";"28";"sem vítima";"62";"BR-153/SP";"Sul";"Engavetamento";5;0;0;0;0;0;0;0;0;0;5;0;0;0;0
"10/08/2010";"08:00:00";"29";"sem vítima";"62,9000";"BR-153/SP";"Sul";"Colisão Traseira";2;0;0;0;0;0;0;0;0;0;2;0;0;0;0
"10/08/2010";"12:36:00";"64";"sem vítima";"265";"BR-153/SP";"Sul";"Saída de Pista";0;0;1;0;0;0;0;0;0;0;2;0;0;0;0
"11/08/2010";"06:17:00";"12";"com vítima";"71,5";"BR-153/SP";"Norte";"Colisão Traseira";1;0;1;0;0;0;0;0;0;0;1;0;1;0;0
"11/08/2010";"13:12:00";"60";"com vítima";"115,5";"BR-153/SP";"Norte";"Queda de Moto";0;0;0;1;0;0;0;0;0;0;0;1;0;0;0
"11/08/2010";"17:50:00";"93";"com vítima";"93,9000";"BR-153/SP";"Norte";"Capotamento";0;0;0;0;0;0;0;0;0;1;0;0;1;0;0
"11/08/2010";"20:33:00";"105";"com vítima";"71";"BR-153/SP";"Sul";"Colisão Transversal";2;0;0;0;0;0;0;0;0;0;0;4;0;0;0
"12/08/2010";"14:07:00";"56";"sem vítima";"58";"BR-153/SP";"Sul";"Colisão Lateral";1;0;1;0;0;0;0;0;0;0;2;0;0;0;0
"12/08/2010";"18:30:00";"85";"sem vítima";"58";"BR-153/SP";"Sul";"Colisão Transversal";1;0;0;0;0;0;0;0;0;1;2;0;0;0;0
"13/08/2010";"05:51:00";"10";"com vítima";"39";"BR-153/SP";"Norte";"Colisão Lateral";1;0;1;0;0;0;0;0;0;0;4;1;0;0;0
"13/08/2010";"13:23:00";"58";"sem vítima";"256,799";"BR-153/SP";"Sul";"Colisão Transversal";3;0;0;0;0;0;0;0;0;0;3;0;0;0;0
"13/08/2010";"18:28:00";"85";"com vítima";"30";"BR-153/SP";"Norte";"Colisão Transversal";0;0;0;1;0;0;0;0;0;1;1;1;0;0;0
"13/08/2010";"19:41:00";"89";"com vítima";"76,5";"BR-153/SP";"Sul";"Tombamento";1;0;0;0;0;0;0;0;0;0;1;1;0;0;0
"14/08/2010";"15:00:00";"66";"sem vítima";"257,299";"BR-153/SP";"Norte";"Colisão Traseira";2;0;0;0;0;0;0;0;0;0;2;0;0;0;0
"14/08/2010";"21:11:00";"91";"sem vítima";"256";"BR-153/SP";"Sul";"Colisão com Objeto Fixo";1;0;0;0;0;0;0;0;0;0;1;0;0;0;0
"15/08/2010";"00:05:00";"1";"com vítima";"2";"BR-153/SP";"Sul";"Colisão Transversal";2;0;0;0;0;0;0;0;0;0;1;2;0;0;0
"15/08/2010";"03:52:00";"12";"com vítima";"56";"BR-153/SP";"Norte";"Saída de Pista";1;0;0;0;0;0;0;0;0;0;0;2;0;0;0
"15/08/2010";"18:51:00";"77";"sem vítima";"210";"BR-153/SP";"Norte";"Saída de Pista";1;0;0;0;0;0;0;0;0;0;1;0;0;0;0
"15/08/2010";"20:49:00";"88";"sem vítima";"108,199";"BR-153/SP";"Norte";"Colisão Traseira";2;0;0;0;0;0;0;0;0;0;4;0;0;0;0
"16/08/2010";"19:15:00";"79";"sem vítima";"64,5999";"BR-153/SP";"Norte";"Colisão Traseira";0;0;0;1;0;1;0;0;0;0;3;0;0;0;0
"17/08/2010";"15:31:00";"77";"com vítima";"58,7999";"BR-153/SP";"Sul";"Colisão Transversal";1;0;0;1;0;0;0;0;0;0;1;1;0;0;0
"17/08/2010";"16:43:00";"81";"com vítima";"58,7999";"BR-153/SP";"Norte";"Colisão Transversal";1;0;0;1;0;0;0;0;0;0;2;1;0;0;0
"18/08/2010";"00:00:00";"1";"com vítima";"57,0999";"BR-153/SP";"Sul";"Colisão Frontal";1;0;1;0;0;0;0;0;0;0;1;0;0;0;1
"18/08/2010";"08:06:00";"15";"com vítima";"57";"BR-153/SP";"Norte";"Colisão Traseira";1;0;0;0;1;1;0;0;0;0;3;1;0;0;0
"19/08/2010";"08:47:00";"30";"sem vítima";"339,420";"BR-153/SP";"Norte";"Colisão Transversal";0;0;1;0;0;0;0;0;0;1;2;0;0;0;0
"21/08/2010";"16:50:00";"110";"sem vítima";"74";"BR-153/SP";"Sul";"Colisão Traseira";1;0;0;0;0;0;0;0;0;1;2;0;0;0;0
"21/08/2010";"20:05:00";"100";"sem vítima";"61";"BR-153/SP";"Norte";"Colisão Traseira";1;0;0;0;0;0;0;0;0;1;2;0;0;0;0
"22/08/2010";"00:10:00";"3";"com vítima";"61,0999";"BR-153/SP";"Sul";"Capotamento";1;0;0;0;0;0;0;0;0;0;0;1;0;0;0
"22/08/2010";"19:43:00";"94";"sem vítima";"314,5";"BR-153/SP";"Sul";"Choque contra objeto na faixa de rolamento";1;0;0;0;0;0;0;0;0;0;1;0;0;0;0
"22/08/2010";"20:19:00";"96";"sem vítima";"72";"BR-153/SP";"Sul";"Colisão Transversal";0;0;1;1;0;0;0;0;0;0;2;0;0;0;0
"22/08/2010";"21:36:00";"103";"sem vítima";"75";"BR-153/SP";"Sul";"Capotamento";1;0;0;0;0;0;0;0;0;0;1;0;0;0;0
"23/08/2010";"09:10:00";"33";"sem vítima";"72";"BR-153/SP";"Norte";"Colisão traseira";1;0;1;0;0;0;0;0;0;0;2;0;0;0;0
"23/08/2010";"13:01:00";"54";"com vítima";"63,7000";"BR-153/SP";"Norte";"Colisão Lateral";0;0;0;1;0;0;0;0;0;1;0;2;0;0;0
"23/08/2010";"19:04:00";"76";"sem vítima";"49";"BR-153/SP";"Sul";"Colisão Lateral";0;0;2;0;0;0;0;0;0;0;2;0;0;0;0
"23/08/2010";"19:42:00";"77";"sem vítima";"289,200";"BR-153/SP";"Norte";"Colisão Lateral";1;0;2;0;0;0;0;0;0;0;3;0;0;0;0
"24/08/2010";"08:34:00";"22";"com vítima";"62,0999";"BR-153/SP";"Sul";"Colisão Traseira";1;0;0;1;0;0;0;0;0;0;1;0;1;0;0
"24/08/2010";"16:29:00";"62";"sem vítima";"68,3000";"BR-153/SP";"Sul";"Colisão Traseira";1;0;1;0;0;0;0;0;0;0;2;0;0;0;0
"24/08/2010";"18:30:00";"72";"com vítima";"63,7999";"BR-153/SP";"Norte";"Queda de Moto";0;0;0;1;0;0;0;0;0;0;0;0;1;0;0
"25/08/2010";"07:33:00";"27";"sem vítima";"63";"BR-153/SP";"Norte";"Colisão Traseira";2;0;0;0;0;0;0;0;0;0;2;0;0;0;0
"25/08/2010";"10:13:00";"50";"sem vítima";"70";"BR-153/SP";"Sul";"Colisão Traseira";1;0;0;0;0;1;0;0;0;0;2;0;0;0;0
"25/08/2010";"18:50:00";"136";"com vítima";"65,4000";"BR-153/SP";"Norte";"Atropelamento  de Pedestre";1;1;0;0;0;0;0;0;0;0;1;1;0;0;0
"25/08/2010";"19:37:00";"140";"sem vítima";"256";"BR-153/SP";"Norte";"Atropelamento de Ciclista";1;1;0;0;0;0;0;0;0;0;2;0;0;0;0
"25/08/2010";"21:33:00";"153";"com vítima";"161,210";"BR-153/SP";"Norte";"Saída de Pista";0;0;0;0;0;0;0;0;0;1;0;1;0;0;0
"27/08/2010";"04:53:00";"7";"com vítima";"63";"BR-153/SP";"Sul";"Colisão Traseira";0;0;2;0;0;0;0;0;0;0;1;1;0;0;0