data;horario;n_da_ocorrencia;tipo_de_ocorrencia;km;trecho;sentido;tipo_de_acidente;automovel;bicicleta;caminhao;moto;onibus;outros;tracao_animal;transporte_de_cargas_especiais;trator_maquinas;utilitarios;ilesos;levemente_feridos;moderadamente_feridos;gravemente_feridos;mortos
"27/08/2010";"06:40:00";"121";"sem vítima";"62";"BR-153/SP";"Sul";"Colisão Traseira";0;0;0;0;0;0;0;0;0;2;2;0;0;0;0
"27/08/2010";"06:47:00";"10";"sem vítima";"74,5999";"BR-153/SP";"Norte";"Colisão Traseira";2;0;0;0;0;0;0;0;0;0;2;0;0;0;0
"27/08/2010";"08:49:00";"28";"sem vítima";"24";"BR-153/SP";"Sul";"Colisão Traseira";2;0;0;0;0;0;0;0;0;0;3;0;0;0;0
"27/08/2010";"09:22:00";"34";"sem vítima";"111";"BR-153/SP";"Norte";"Colisão Traseira";1;0;0;0;0;0;0;0;0;1;3;0;0;0;0
"28/08/2010";"03:08:00";"10";"sem vítima";"293,5";"BR-153/SP";"Sul";"Colisão com Objeto Fixo";1;0;0;0;0;0;0;0;0;0;1;0;0;0;0
"28/08/2010";"05:50:00";"13";"com vítima";"84";"BR-153/SP";"Norte";"Colisão Frontal";2;0;0;0;0;0;0;0;0;0;1;0;1;3;0
"28/08/2010";"11:14:00";"38";"sem vítima";"56";"BR-153/SP";"Sul";"Colisão Traseira";2;0;0;0;0;0;0;0;0;0;3;0;0;0;0
"28/08/2010";"23:01:00";"100";"sem vítima";"44";"BR-153/SP";"Sul";"Colisão Traseira";2;0;0;0;0;0;0;0;0;0;4;0;0;0;0
"29/08/2010";"02:47:00";"8";"com vítima";"57,4000";"BR-153/SP";"Sul";"Colisão Frontal";1;0;0;1;0;0;0;0;0;0;0;2;1;0;1
"29/08/2010";"16:08:00";"72";"com vítima";"85,0999";"BR-153/SP";"Norte";"Saída de Pista";1;0;0;0;0;0;0;0;0;0;0;3;1;0;0
"29/08/2010";"19:01:00";"89";"com vítima";"146";"BR-153/SP";"Norte";"Colisão Lateral";1;0;1;0;0;0;0;0;0;0;1;0;1;0;0
"29/08/2010";"19:49:00";"97";"com vítima";"13";"BR-153/SP";"Norte";"Atropelamento de Animal";0;0;0;1;0;0;0;0;0;0;0;0;2;0;0
"30/08/2010";"01:21:00";"5";"sem vítima";"61,5";"BR-153/SP";"Norte";"Atropelamento de Animal";1;0;0;0;0;0;0;0;0;0;1;0;0;0;0
"30/08/2010";"04:17:00";"13";"com vítima";"174";"BR-153/SP";"Norte";"Colisão Transversal";2;0;0;0;0;0;0;0;0;0;1;0;1;0;0
"30/08/2010";"20:29:00";"88";"com vítima";"76";"BR-153/SP";"Sul";"Colisão Transversal";2;0;0;0;0;0;0;0;0;0;2;0;1;0;0
"31/08/2010";"06:03:00";"8";"sem vítima";"83";"BR-153/SP";"Norte";"Colisão traseira";1;0;1;0;0;0;0;0;0;0;2;0;0;0;0
"31/08/2010";"07:41:00";"13";"sem vítima";"80";"BR-153/SP";"Sul";"Colisão Lateral";2;0;1;0;0;0;0;0;0;0;5;0;0;0;0
"31/08/2010";"11:07:00";"34";"sem vítima";"6,19999";"BR-153/SP";"Norte";"Colisão Traseira";0;0;2;0;0;0;0;0;0;0;2;0;0;0;0
"31/08/2010";"14:22:00";"50";"com vítima";"99";"BR-153/SP";"Norte";"Tombamento";0;0;1;0;0;0;0;0;0;0;0;1;0;0;0
"31/08/2010";"14:32:00";"52";"sem vítima";"111";"BR-153/SP";"Norte";"Colisão com Objeto Fixo";0;0;0;0;0;1;0;0;0;0;1;0;0;0;0
"31/08/2010";"15:35:00";"55";"com vítima";"49";"BR-153/SP";"Sul";"Colisão Transversal";0;0;0;0;0;0;0;0;0;2;0;2;0;0;0
"01/09/2010";"15:26:00";"72";"sem vítima";"27,1000";"BR-153/SP";"Norte";"Tombamento";0;0;1;0;0;0;0;0;0;0;1;0;0;0;0
"01/09/2010";"22:00:00";"106";"com vítima";"74,8000";"BR-153/SP";"Norte";"Queda de Moto";0;0;0;1;0;0;0;0;0;0;0;2;0;0;0
"02/09/2010";"08:31:00";"27";"sem vítima";"99";"BR-153/SP";"Norte";"Colisão Traseira";1;0;1;0;0;0;0;0;0;0;2;0;0;0;0
"02/09/2010";"10:30:00";"32";"sem vítima";"58,7999";"BR-153/SP";"Norte";"Colisão Transversal";2;0;0;0;0;0;0;0;0;0;4;0;0;0;0
"03/09/2010";"11:47:00";"47";"com vítima";"46,9000";"BR-153/SP";"Sul";"Colisão Traseira";3;0;0;0;0;0;0;0;0;0;2;1;0;0;0
"03/09/2010";"18:52:00";"91";"sem vítima";"58";"BR-153/SP";"Norte";"Colisão Transversal";1;0;0;1;0;0;0;0;0;0;2;0;0;0;0
"03/09/2010";"21:25:00";"107";"com vítima";"61,9000";"BR-153/SP";"Norte";"Queda de Moto";0;0;0;1;0;0;0;0;0;0;0;0;1;0;0
"04/09/2010";"02:05:00";"10";"com vítima";"56,7999";"BR-153/SP";"Sul";"Queda de Moto";0;0;0;1;0;0;0;0;0;0;0;0;1;0;0
"04/09/2010";"06:24:00";"17";"com vítima";"194,899";"BR-153/SP";"Sul";"Saída de Pista";1;0;0;0;0;0;0;0;0;0;1;1;0;0;0
"04/09/2010";"13:33:00";"61";"sem vítima";"58";"BR-153/SP";"Norte";"Colisão Transversal";1;0;1;0;0;0;0;0;0;0;2;0;0;0;0
"04/09/2010";"15:09:00";"70";"sem vítima";"47";"BR-153/SP";"Sul";"Colisão Traseira";2;0;0;0;0;0;0;0;0;0;2;0;0;0;0
"04/09/2010";"20:04:00";"108";"sem vítima";"58,5";"BR-153/SP";"Norte";"Saída de Pista";1;0;0;0;0;0;0;0;0;0;1;0;0;0;0
"05/09/2010";"01:36:00";"5";"sem vítima";"73";"BR-153/SP";"Sul";"Colisão Lateral";1;0;1;0;0;0;0;0;0;0;2;0;0;0;0
"05/09/2010";"04:31:00";"17";"sem vítima";"345";"BR-153/SP";"Norte";"Capotamento";1;0;0;0;0;0;0;0;0;0;2;0;0;0;0
"05/09/2010";"05:16:00";"20";"com vítima";"54,7999";"BR-153/SP";"Norte";"Atropelamento de Animal";0;0;0;1;0;0;0;0;0;0;0;0;0;1;0
"05/09/2010";"12:18:00";"61";"com vítima";"55,7000";"BR-153/SP";"Norte";"Atropelamento  de Pedestre";0;0;1;0;0;0;0;0;0;0;1;1;0;0;0
"05/09/2010";"15:39:00";"76";"sem vítima";"259,799";"BR-153/SP";"Sul";"Colisão Transversal";1;0;1;0;0;0;0;0;0;0;2;0;0;0;0
"06/09/2010";"10:40:00";"33";"sem vítima";"54,2999";"BR-153/SP";"Norte";"Colisão Transversal";2;0;0;0;0;0;0;0;0;0;4;0;0;0;0
"07/09/2010";"04:41:00";"9";"sem vítima";"265";"BR-153/SP";"Norte";"Saída de Pista";1;0;0;0;0;0;0;0;0;0;1;0;0;0;0
"07/09/2010";"07:56:00";"18";"com vítima";"257";"BR-153/SP";"Sul";"Colisão Frontal";1;0;0;1;0;0;0;0;0;0;1;1;0;0;0
"07/09/2010";"11:37:00";"38";"sem vítima";"230,100";"BR-153/SP";"Sul";"Queda de Moto";0;0;0;2;0;0;0;0;0;0;2;0;0;0;0
"07/09/2010";"17:41:00";"73";"com vítima";"274,799";"BR-153/SP";"Norte";"Capotamento";2;0;1;0;0;0;0;0;0;1;4;3;0;1;0
"08/09/2010";"12:06:00";"45";"com vítima";"58";"BR-153/SP";"Norte";"Colisão Transversal";1;0;0;1;0;0;0;0;0;0;1;1;0;0;0
"08/09/2010";"17:51:00";"63";"sem vítima";"265,200";"BR-153/SP";"Sul";"Outros";1;0;0;0;0;0;0;0;0;0;4;0;0;0;0
"08/09/2010";"21:25:00";"75";"com vítima";"27,6000";"BR-153/SP";"Norte";"Colisão com Objeto Fixo";0;0;0;1;0;0;0;0;0;0;0;1;0;0;0
"09/09/2010";"07:59:00";"30";"sem vítima";"58";"BR-153/SP";"Norte";"Colisão Transversal";1;0;1;0;0;0;0;0;0;0;3;0;0;0;0
"09/09/2010";"17:23:00";"74";"com vítima";"58";"BR-153/SP";"Norte";"Colisão Transversal";1;0;0;1;0;0;0;0;0;0;2;1;0;0;0
"10/09/2010";"18:30:00";"71";"com vítima";"103";"BR-153/SP";"Sul";"Colisão Lateral";1;0;0;0;0;0;0;0;0;1;0;2;0;0;0
"10/09/2010";"18:56:00";"72";"sem vítima";"183,800";"BR-153/SP";"Sul";"Colisão Transversal";2;0;0;0;0;0;0;0;0;0;2;0;0;0;0
"10/09/2010";"21:06:00";"83";"com vítima";"49";"BR-153/SP";"Norte";"Colisão Transversal";1;0;0;0;0;0;0;0;0;1;2;1;0;0;0
"10/09/2010";"22:40:00";"87";"com vítima";"50,2000";"BR-153/SP";"Norte";"Colisão Traseira";1;0;0;1;0;0;0;0;0;0;1;1;1;0;0
"11/09/2010";"05:55:00";"13";"com vítima";"45,4000";"BR-153/SP";"Norte";"Queda de Moto";0;0;0;1;0;0;0;0;0;0;0;1;0;0;0
"11/09/2010";"20:10:00";"80";"sem vítima";"72";"BR-153/SP";"Norte";"Colisão Lateral";0;0;1;0;0;0;0;0;0;1;2;0;0;0;0
"11/09/2010";"23:35:00";"94";"com vítima";"38,7999";"BR-153/SP";"Norte";"Queda de Moto";0;0;0;1;0;0;0;0;0;0;0;1;1;0;0
"12/09/2010";"03:33:00";"14";"com vítima";"61,9000";"BR-153/SP";"Sul";"Queda de Moto";0;0;0;1;0;0;0;0;0;0;0;0;0;0;1
"12/09/2010";"04:52:00";"15";"com vítima";"111,599";"BR-153/SP";"Sul";"Queda de Moto";0;0;0;1;0;0;0;0;0;0;0;0;0;0;1
"12/09/2010";"12:31:00";"48";"sem vítima";"76,5999";"BR-153/SP";"Sul";"Saída de Pista";1;0;1;0;0;0;0;0;0;0;4;0;0;0;0
"12/09/2010";"19:27:00";"85";"sem vítima";"179";"BR-153/SP";"Sul";"Choque contra objeto na faixa de rolamento";0;0;0;1;0;0;0;0;0;0;1;0;0;0;0
"12/09/2010";"20:10:00";"92";"com vítima";"328,299";"BR-153/SP";"Sul";"Capotamento";1;0;0;0;0;0;0;0;0;0;0;2;0;0;0
"12/09/2010";"22:26:00";"99";"sem vítima";"197";"BR-153/SP";"Sul";"Atropelamento de Animal";1;0;0;0;0;0;0;0;0;0;3;0;0;0;0
"13/09/2010";"08:19:00";"27";"sem vítima";"62,4000";"BR-153/SP";"Sul";"Colisão Traseira";2;0;0;0;0;0;0;0;0;0;2;0;0;0;0
"13/09/2010";"08:19:00";"52";"sem vítima";"62,5999";"BR-153/SP";"Sul";"Colisão Transversal";2;0;0;0;0;0;0;0;0;0;2;0;0;0;0
"13/09/2010";"12:21:00";"49";"sem vítima";"273,799";"BR-153/SP";"Sul";"Colisão Lateral";0;0;2;0;0;0;0;0;0;0;2;0;0;0;0
"13/09/2010";"15:50:00";"62";"sem vítima";"58,7999";"BR-153/SP";"Norte";"Colisão Transversal";0;0;0;0;0;0;0;0;0;2;2;0;0;0;0
"13/09/2010";"21:35:00";"88";"com vítima";"7";"BR-153/SP";"Norte";"Colisão Transversal";0;0;1;0;0;0;0;0;0;1;1;0;0;1;0
"13/09/2010";"22:12:00";"89";"sem vítima";"28";"BR-153/SP";"Norte";"Colisão Traseira";0;0;0;0;0;1;0;0;0;1;6;0;0;0;0
"14/09/2010";"11:56:00";"39";"com vítima";"256,200";"BR-153/SP";"Norte";"Colisão Transversal";1;0;0;1;0;0;0;0;0;0;1;1;0;0;0
"14/09/2010";"13:58:00";"51";"com vítima";"91,8000";"BR-153/SP";"Norte";"Capotamento";1;0;0;0;0;0;0;0;0;0;0;0;1;0;0
"14/09/2010";"18:02:00";"70";"sem vítima";"25,5";"BR-153/SP";"Norte";"Colisão Traseira";1;0;0;0;0;0;0;0;0;1;4;0;0;0;0
"14/09/2010";"18:36:00";"74";"com vítima";"279,899";"BR-153/SP";"Norte";"Colisão Transversal";1;0;0;0;0;0;0;0;0;1;1;2;1;1;0
"15/09/2010";"09:34:00";"31";"com vítima";"61,4000";"BR-153/SP";"Norte";"Queda de Moto";0;0;0;1;0;0;0;0;0;0;0;1;0;0;0
"15/09/2010";"19:29:00";"75";"com vítima";"70,5";"BR-153/SP";"Sul";"Queda de Moto";0;0;0;1;0;0;0;0;0;0;1;1;0;0;0
"16/09/2010";"07:03:00";"16";"sem vítima";"75,8000";"BR-153/SP";"Norte";"Colisão Lateral";1;0;1;0;0;0;0;0;0;0;2;0;0;0;0
"16/09/2010";"07:08:00";"17";"sem vítima";"63";"BR-153/SP";"Sul";"Colisão Traseira";2;0;0;0;0;0;0;0;0;0;2;0;0;0;0
"16/09/2010";"07:58:00";"25";"sem vítima";"62,0999";"BR-153/SP";"Sul";"Colisão Traseira";2;0;0;0;0;0;0;0;0;0;2;0;0;0;0
"16/09/2010";"10:38:00";"45";"sem vítima";"95,9000";"BR-153/SP";"Norte";"Outros";0;0;1;0;0;0;0;0;0;1;2;0;0;0;0
"16/09/2010";"21:58:00";"98";"sem vítima";"62";"BR-153/SP";"Sul";"Colisão Traseira";1;0;1;0;0;0;0;0;0;0;2;0;0;0;0
"18/09/2010";"08:51:00";"32";"com vítima";"345,299";"BR-153/SP";"Norte";"Queda de Moto";0;0;0;1;0;0;0;0;0;0;0;2;0;0;0
"18/09/2010";"18:45:00";"77";"com vítima";"188";"BR-153/SP";"Norte";"Saída de Pista";1;0;0;0;0;1;0;0;0;0;1;1;0;0;0
"19/09/2010";"00:16:00";"2";"sem vítima";"230";"BR-153/SP";"Sul";"Saída de Pista";1;0;0;0;0;0;0;0;0;0;2;0;0;0;0
"19/09/2010";"16:13:00";"57";"com vítima";"54,9000";"BR-153/SP";"Norte";"Colisão Lateral";1;0;0;1;0;0;0;0;0;0;1;2;0;0;0
"20/09/2010";"09:07:00";"22";"com vítima";"230,300";"BR-153/SP";"Sul";"Saída de Pista";1;0;0;0;0;0;0;0;0;0;0;1;0;0;0
"20/09/2010";"14:07:00";"44";"com vítima";"51";"BR-153/SP";"Sul";"Queda de Moto";0;0;0;1;0;0;0;0;0;0;0;1;0;0;0
"20/09/2010";"18:30:00";"67";"com vítima";"69";"BR-153/SP";"Sul";"Colisão Transversal";1;0;0;0;0;0;0;0;0;1;2;2;0;0;0
"20/09/2010";"20:32:00";"74";"com vítima";"108";"BR-153/SP";"Sul";"Colisão Lateral";0;0;1;1;0;0;0;0;0;0;1;0;1;0;0
"21/09/2010";"16:14:00";"66";"sem vítima";"35";"BR-153/SP";"Norte";"Colisão Traseira";1;0;1;0;0;0;0;0;0;0;2;0;0;0;0
"21/09/2010";"21:14:00";"88";"sem vítima";"342,5";"BR-153/SP";"Norte";"Capotamento";1;0;0;0;0;0;0;0;0;0;2;0;0;0;0
"22/09/2010";"02:45:00";"10";"com vítima";"21";"BR-153/SP";"Sul";"Capotamento";1;0;0;0;0;0;0;0;0;0;0;0;1;0;0
"22/09/2010";"17:54:00";"75";"sem vítima";"58";"BR-153/SP";"Norte";"Colisão Lateral";1;0;1;0;0;0;0;0;0;0;2;0;0;0;0
"23/09/2010";"04:37:00";"8";"com vítima";"79";"BR-153/SP";"Sul";"Atropelamento  de Pedestre";0;0;0;0;0;0;0;0;0;0;0;0;0;0;1
"23/09/2010";"17:48:00";"91";"sem vítima";"27";"BR-153/SP";"Norte";"Colisão traseira";1;0;0;0;0;0;0;0;0;0;1;0;0;0;0
"23/09/2010";"17:59:00";"93";"sem vítima";"227";"BR-153/SP";"Norte";"Colisão Traseira";1;0;1;0;0;0;0;0;0;0;3;0;0;0;0
"23/09/2010";"19:30:00";"100";"sem vítima";"35,7999";"BR-153/SP";"Norte";"Colisão com Objeto Fixo";2;0;0;0;0;0;0;0;0;0;3;0;0;0;0
"24/09/2010";"15:19:00";"75";"sem vítima";"158";"BR-153/SP";"Sul";"Colisão Traseira";2;0;0;0;0;0;0;0;0;0;2;0;0;0;0
"25/09/2010";"00:25:00";"2";"com vítima";"111,199";"BR-153/SP";"Norte";"Colisão com Objeto Fixo";1;0;0;0;0;0;0;0;0;0;0;2;0;1;2
"25/09/2010";"15:46:00";"59";"sem vítima";"70,5";"BR-153/SP";"Sul";"Queda de Moto";0;0;0;1;0;0;0;0;0;0;1;0;0;0;0
"25/09/2010";"15:49:00";"60";"sem vítima";"224";"BR-153/SP";"Sul";"Saída de Pista";1;0;0;0;0;0;0;0;0;0;2;0;0;0;0
"25/09/2010";"22:01:00";"91";"com vítima";"45,4000";"BR-153/SP";"Norte";"Colisão Traseira";1;0;0;0;0;1;0;0;0;0;2;1;0;0;0
"26/09/2010";"09:30:00";"39";"com vítima";"40";"BR-153/SP";"Norte";"Colisão Frontal";1;0;0;0;0;0;0;0;0;1;1;3;0;0;0
"26/09/2010";"10:47:00";"44";"sem vítima";"69,6999";"BR-153/SP";"Norte";"Colisão Traseira";1;0;0;0;0;0;0;0;0;0;1;0;0;0;0
"26/09/2010";"19:16:00";"91";"sem vítima";"63";"BR-153/SP";"Norte";"Colisão com Objeto Fixo";1;0;0;0;0;1;0;0;0;0;2;0;0;0;0
"27/09/2010";"14:36:00";"62";"sem vítima";"83";"BR-153/SP";"Sul";"Saída de Pista";1;0;0;0;0;0;0;0;0;0;1;0;0;0;0
"27/09/2010";"17:28:00";"82";"com vítima";"76,1999";"BR-153/SP";"Sul";"Colisão Transversal";1;0;0;0;0;0;0;0;0;1;2;2;0;2;0
"28/09/2010";"14:30:00";"54";"sem vítima";"173";"BR-153/SP";"Sul";"Colisão Traseira";1;0;0;0;0;0;0;0;0;1;2;0;0;0;0
"29/09/2010";"19:09:00";"76";"sem vítima";"63";"BR-153/SP";"Norte";"Colisão Traseira";0;0;0;0;1;0;0;0;0;1;2;0;0;0;0
"29/09/2010";"20:42:00";"84";"com vítima";"113";"BR-153/SP";"Sul";"Queda de Moto";0;0;0;1;0;1;0;0;0;0;1;1;0;0;0
"30/09/2010";"18:27:00";"64";"com vítima";"54,2000";"BR-153/SP";"Norte";"Saída de Pista";1;0;1;0;0;0;0;0;0;0;1;2;0;0;0
"30/09/2010";"19:29:00";"68";"sem vítima";"64,5";"BR-153/SP";"Norte";"Colisão Lateral";0;0;2;0;0;0;0;0;0;0;2;0;0;0;0
"01/10/2010";"08:26:00";"28";"com vítima";"49,5";"BR-153/SP";"Sul";"Colisão Traseira";1;0;1;0;0;0;0;0;0;0;2;1;0;0;0
"01/10/2010";"16:26:00";"89";"sem vítima";"39";"BR-153/SP";"Norte";"Saída de Pista";1;0;0;0;0;0;0;0;0;0;1;0;0;0;0
"01/10/2010";"19:41:00";"109";"sem vítima";"44";"BR-153/SP";"Norte";"Colisão Transversal";2;0;0;0;0;0;0;0;0;0;4;0;0;0;0
"01/10/2010";"22:15:00";"117";"com vítima";"2,59999";"BR-153/SP";"Sul";"Colisão Traseira";0;0;0;0;1;0;0;0;0;1;1;2;0;0;0
"01/10/2010";"23:26:00";"119";"sem vítima";"52,7000";"BR-153/SP";"Norte";"Colisão Transversal";2;0;0;0;0;0;0;0;0;0;2;0;0;0;0
"02/10/2010";"04:36:00";"7";"sem vítima";"150";"BR-153/SP";"Norte";"Capotamento";0;0;1;0;0;0;0;0;0;0;1;0;0;0;0
"02/10/2010";"06:37:00";"13";"sem vítima";"211";"BR-153/SP";"Norte";"Saída de Pista";0;0;1;0;0;0;0;0;0;0;1;0;0;0;0
"02/10/2010";"11:29:00";"39";"sem vítima";"108";"BR-153/SP";"Norte";"Colisão Transversal";1;0;0;0;0;0;0;0;0;1;2;0;0;0;0
"02/10/2010";"12:17:00";"40";"sem vítima";"42";"BR-153/SP";"Norte";"Choque contra objeto na faixa de rolamento";1;0;1;0;0;0;0;0;0;0;2;0;0;0;0
"02/10/2010";"16:11:00";"56";"sem vítima";"345";"BR-153/SP";"Sul";"Saída de Pista";1;0;0;0;0;0;0;0;0;0;1;0;0;0;0
"02/10/2010";"16:14:00";"57";"sem vítima";"195";"BR-153/SP";"Norte";"Colisão Lateral";1;0;0;0;1;0;0;0;0;0;2;0;0;0;0
"02/10/2010";"17:50:00";"62";"com vítima";"261,600";"BR-153/SP";"Sul";"Colisão Lateral";0;0;1;0;0;0;0;0;0;1;2;1;0;0;0
"03/10/2010";"00:53:00";"9";"com vítima";"47";"BR-153/SP";"Sul";"Atropelamento de Animal";2;0;0;0;0;0;0;0;0;0;1;4;0;0;0
"03/10/2010";"20:28:00";"92";"sem vítima";"58,7999";"BR-153/SP";"Norte";"Colisão Transversal";0;0;0;0;1;0;0;0;0;1;2;0;0;0;0
"04/10/2010";"06:13:00";"14";"sem vítima";"266,399";"BR-153/SP";"Sul";"Colisão com Objeto Fixo";0;0;1;0;0;0;0;0;0;0;1;0;0;0;0
"05/10/2010";"09:59:00";"42";"sem vítima";"29,7999";"BR-153/SP";"Sul";"Colisão Lateral";0;0;2;0;0;0;0;0;0;0;2;0;0;0;0
"05/10/2010";"17:01:00";"79";"com vítima";"108";"BR-153/SP";"Norte";"Colisão Transversal";0;0;0;2;0;0;0;0;0;0;0;2;0;0;0
"06/10/2010";"22:48:00";"98";"sem vítima";"96,0999";"BR-153/SP";"Sul";"Choque contra objeto na faixa de rolamento";1;0;0;0;0;0;0;0;0;0;1;0;0;0;0
"07/10/2010";"12:13:00";"58";"sem vítima";"69";"BR-153/SP";"Norte";"Colisão Traseira";1;0;1;0;0;0;0;0;0;0;3;0;0;0;0
"07/10/2010";"14:28:00";"69";"sem vítima";"77,3000";"BR-153/SP";"Norte";"Colisão com Objeto Fixo";0;0;0;0;0;0;0;0;0;1;1;0;0;0;0
"07/10/2010";"17:13:00";"88";"com vítima";"101,099";"BR-153/SP";"Norte";"Saída de Pista";1;0;0;0;0;0;0;0;0;0;0;1;0;0;0
"07/10/2010";"17:45:00";"93";"sem vítima";"35,5";"BR-153/SP";"Norte";"Queda de moto";0;0;0;1;0;0;0;0;0;0;2;0;0;0;0
"07/10/2010";"18:12:00";"96";"sem vítima";"21,5";"BR-153/SP";"Norte";"Colisão com Objeto Fixo";0;0;1;0;0;0;0;0;0;0;1;0;0;0;0
"07/10/2010";"19:58:00";"106";"sem vítima";"217";"BR-153/SP";"Sul";"Saída de Pista";1;0;0;0;0;0;0;0;0;0;1;0;0;0;0
"08/10/2010";"18:51:00";"91";"com vítima";"52";"BR-153/SP";"Norte";"Colisão Transversal";1;0;0;1;0;0;0;0;0;0;3;0;0;0;1
"08/10/2010";"23:39:00";"106";"sem vítima";"63";"BR-153/SP";"Sul";"Colisão Traseira";1;0;0;0;0;1;0;0;0;0;2;0;0;0;0
"09/10/2010";"13:51:00";"58";"sem vítima";"109,199";"BR-153/SP";"Sul";"Saída de Pista";1;0;0;0;0;0;0;0;0;0;1;0;0;0;0
"09/10/2010";"18:17:00";"86";"sem vítima";"68,7009";"BR-153/SP";"Norte";"Capotamento";1;0;0;0;0;1;0;0;0;0;2;0;0;0;0
"09/10/2010";"20:37:00";"95";"com vítima";"94,3000";"BR-153/SP";"Norte";"Colisão Lateral";0;0;1;1;0;0;0;0;0;0;1;0;1;0;0
"10/10/2010";"02:26:00";"5";"com vítima";"74,5999";"BR-153/SP";"Sul";"Colisão Transversal";1;0;0;0;0;0;0;0;0;1;0;1;2;0;0
"10/10/2010";"11:45:00";"42";"sem vítima";"18";"BR-153/SP";"Norte";"Tombamento";0;0;0;0;0;0;0;0;0;1;1;0;0;0;0
"10/10/2010";"19:29:00";"80";"com vítima";"169,899";"BR-153/SP";"Norte";"Queda de Moto";0;0;0;1;0;0;0;0;0;0;0;1;0;0;0
"11/10/2010";"18:33:00";"69";"sem vítima";"144,5";"BR-153/SP";"Norte";"Capotamento";1;0;0;0;0;0;0;0;0;0;1;0;0;0;0
"11/10/2010";"18:45:00";"71";"sem vítima";"268,100";"BR-153/SP";"Norte";"Colisão Traseira";0;0;1;0;1;0;0;0;0;0;2;0;0;0;0
"11/10/2010";"19:20:00";"73";"com vítima";"52,7999";"BR-153/SP";"Norte";"Queda de Moto";0;0;0;1;0;0;0;0;0;0;0;0;1;0;0
"12/10/2010";"00:50:00";"2";"com vítima";"73";"BR-153/SP";"Sul";"Capotamento";1;0;0;0;0;0;0;0;0;0;0;1;0;0;0
"13/10/2010";"07:22:00";"14";"com vítima";"58";"BR-153/SP";"Sul";"Colisão Transversal";1;0;0;1;0;0;0;0;0;0;1;1;0;0;0
"13/10/2010";"12:31:00";"39";"sem vítima";"16,5";"BR-153/SP";"Norte";"Saída de Pista";0;0;1;0;0;0;0;0;0;0;1;0;0;0;0
"14/10/2010";"16:22:00";"69";"sem vítima";"61";"BR-153/SP";"Norte";"Colisão Lateral";1;0;1;0;0;0;0;0;0;0;2;0;0;0;0
"15/10/2010";"17:36:00";"72";"sem vítima";"314,100";"BR-153/SP";"Sul";"Colisão Traseira";1;0;2;0;0;0;0;0;0;0;3;0;0;0;0
"16/10/2010";"02:23:00";"14";"sem vítima";"104";"BR-153/SP";"Sul";"Saída de Pista";1;0;0;0;0;0;0;0;0;0;1;0;0;0;0
"17/10/2010";"05:56:00";"14";"com vítima";"60";"BR-153/SP";"Norte";"Colisão Traseira";1;0;1;0;0;0;0;0;0;0;1;1;0;0;0
"17/10/2010";"08:06:00";"27";"com vítima";"72,5";"BR-153/SP";"Norte";"Colisão Frontal";1;0;1;1;0;0;0;0;0;0;2;0;0;0;2
"17/10/2010";"08:10:00";"28";"com vítima";"129";"BR-153/SP";"Norte";"Colisão Frontal";1;0;2;0;0;0;0;0;0;0;0;3;1;0;1
"18/10/2010";"13:27:00";"64";"sem vítima";"45";"BR-153/SP";"Sul";"Colisão Traseira";1;0;0;0;0;1;0;0;0;0;2;0;0;0;0
"19/10/2010";"05:37:00";"10";"sem vítima";"61";"BR-153/SP";"Sul";"Atropelamento de Animal";1;0;0;0;0;0;0;0;0;0;1;0;0;0;0
"19/10/2010";"15:44:00";"42";"com vítima";"87,6999";"BR-153/SP";"Sul";"Saída de Pista";0;0;1;0;0;0;0;0;0;0;0;1;0;0;0
"19/10/2010";"17:57:00";"54";"sem vítima";"63,9000";"BR-153/SP";"Norte";"Choque contra objeto na faixa de rolamento";2;0;0;0;0;0;0;0;0;0;2;0;0;0;0
"21/10/2010";"00:52:00";"4";"sem vítima";"256";"BR-153/SP";"Norte";"Colisão com Objeto Fixo";1;0;0;0;0;0;0;0;0;0;1;0;0;0;0
"21/10/2010";"06:27:00";"12";"com vítima";"61";"BR-153/SP";"Sul";"Atropelamento de Animal";0;0;0;1;0;0;0;0;0;0;0;1;0;0;0
"21/10/2010";"11:38:00";"44";"sem vítima";"31,6000";"BR-153/SP";"Sul";"Colisão Transversal";0;0;0;0;0;0;0;0;0;2;2;0;0;0;0
"21/10/2010";"15:07:00";"66";"com vítima";"120,199";"BR-153/SP";"Norte";"Saída de Pista";1;0;0;0;0;0;0;0;0;0;0;1;0;0;0
"21/10/2010";"15:47:00";"71";"sem vítima";"35";"BR-153/SP";"Norte";"Colisão Traseira";1;0;1;0;0;0;0;0;0;0;2;0;0;0;0
"22/10/2010";"07:07:00";"17";"com vítima";"0,60000";"BR-153/SP";"Sul";"Colisão Transversal";0;0;1;0;1;0;0;0;0;0;1;1;0;0;0
"22/10/2010";"08:30:00";"22";"sem vítima";"313,5";"BR-153/SP";"Sul";"Colisão Lateral";1;0;0;0;0;0;0;0;0;1;2;0;0;0;0
"22/10/2010";"09:57:00";"28";"sem vítima";"74";"BR-153/SP";"Sul";"Colisão Lateral";1;0;1;0;0;0;0;0;0;0;2;0;0;0;0
"22/10/2010";"17:00:00";"75";"sem vítima";"62";"BR-153/SP";"Sul";"Colisão com Objeto Fixo";1;0;0;0;0;0;0;0;0;0;1;0;0;0;0