data;horario;n_da_ocorrencia;tipo_de_ocorrencia;km;trecho;sentido;tipo_de_acidente;automovel;bicicleta;caminhao;moto;onibus;outros;tracao_animal;transporte_de_cargas_especiais;trator_maquinas;utilitarios;ilesos;levemente_feridos;moderadamente_feridos;gravemente_feridos;mortos
"22/10/2010";"23:47:00";"110";"sem vítima";"15";"BR-153/SP";"Norte";"Colisão Lateral";2;0;0;0;0;0;0;0;0;0;5;0;0;0;0
"23/10/2010";"20:46:00";"85";"sem vítima";"64";"BR-153/SP";"Norte";"Saída de Pista";1;0;0;0;0;1;0;0;0;0;2;0;0;0;0
"23/10/2010";"21:10:00";"88";"sem vítima";"108";"BR-153/SP";"Sul";"Colisão Transversal";1;0;0;0;0;0;0;0;0;1;2;0;0;0;0
"24/10/2010";"16:28:00";"63";"com vítima";"55";"BR-153/SP";"Norte";"Colisão Traseira";1;0;0;1;0;0;0;0;0;0;1;2;0;0;0
"24/10/2010";"21:26:00";"97";"sem vítima";"195";"BR-153/SP";"Norte";"Saída de Pista";1;0;0;0;0;0;0;0;0;0;6;0;0;0;0
"25/10/2010";"22:21:00";"94";"com vítima";"161";"BR-153/SP";"Norte";"Tombamento";1;0;2;0;0;0;0;0;0;0;1;1;0;0;1
"26/10/2010";"05:44:00";"12";"sem vítima";"91";"BR-153/SP";"Norte";"Colisão Traseira";0;0;2;0;0;0;0;0;0;0;4;0;0;0;0
"27/10/2010";"07:38:00";"15";"sem vítima";"62";"BR-153/SP";"Sul";"Colisão Traseira";1;0;0;0;0;0;0;0;0;2;3;0;0;0;0
"27/10/2010";"08:57:00";"21";"com vítima";"10";"BR-153/SP";"Norte";"Colisão Traseira";0;0;2;0;0;0;0;0;0;0;1;0;1;0;0
"27/10/2010";"10:32:00";"31";"com vítima";"82";"BR-153/SP";"Norte";"Colisão Traseira";0;0;0;0;0;0;0;0;0;2;0;2;0;0;0
"27/10/2010";"10:47:00";"33";"sem vítima";"108";"BR-153/SP";"Norte";"Colisão Traseira";1;0;0;0;0;0;0;0;0;1;2;0;0;0;0
"27/10/2010";"11:25:00";"34";"sem vítima";"21,7999";"BR-153/SP";"Norte";"Colisão Lateral";0;0;2;0;0;0;0;0;0;0;2;0;0;0;0
"27/10/2010";"17:00:00";"71";"sem vítima";"59";"BR-153/SP";"Sul";"Engavetamento";3;0;0;0;0;0;0;0;0;0;3;0;0;0;0
"28/10/2010";"20:46:00";"94";"com vítima";"108";"BR-153/SP";"Norte";"Queda de Moto";0;0;0;1;0;0;0;0;0;0;0;1;0;0;0
"29/10/2010";"01:38:00";"6";"sem vítima";"184";"BR-153/SP";"Norte";"Colisão Traseira";0;0;1;0;0;0;0;0;0;1;2;0;0;0;0
"29/10/2010";"07:57:00";"25";"com vítima";"256";"BR-153/SP";"Norte";"Colisão Transversal";1;0;0;1;0;0;0;0;0;0;2;1;0;0;0
"29/10/2010";"09:03:00";"28";"sem vítima";"62,7999";"BR-153/SP";"Sul";"Colisão Traseira";2;0;0;0;0;0;0;0;0;0;2;0;0;0;0
"30/10/2010";"18:12:00";"73";"com vítima";"55";"BR-153/SP";"Norte";"Colisão Transversal";2;0;0;0;0;0;0;0;0;0;3;1;0;0;0
"30/10/2010";"19:14:00";"78";"com vítima";"85";"BR-153/SP";"Sul";"Colisão Lateral";2;0;0;0;0;0;0;0;0;0;6;1;1;0;0
"30/10/2010";"21:53:00";"90";"com vítima";"22,5";"BR-153/SP";"Norte";"Colisão Frontal";1;0;0;0;0;0;0;0;0;1;1;2;1;0;0
"30/10/2010";"22:06:00";"93";"sem vítima";"275,299";"BR-153/SP";"Sul";"Tombamento";0;0;1;0;0;0;0;0;0;0;1;0;0;0;0
"30/10/2010";"23:14:00";"98";"com vítima";"140,5";"BR-153/SP";"Sul";"Colisão Lateral";2;0;0;0;0;0;0;0;0;0;0;8;2;0;0
"31/10/2010";"02:51:00";"4";"com vítima";"112";"BR-153/SP";"Sul";"Saída de Pista";1;0;0;0;0;0;0;0;0;0;0;1;0;0;0
"31/10/2010";"14:07:00";"42";"sem vítima";"284,799";"BR-153/SP";"Norte";"Saída de Pista";0;0;1;0;0;0;0;0;0;0;1;0;0;0;0
"31/10/2010";"18:34:00";"59";"sem vítima";"63";"BR-153/SP";"Norte";"Colisão com Objeto Fixo";1;0;0;0;0;0;0;0;0;0;2;0;0;0;0
"31/10/2010";"20:12:00";"67";"sem vítima";"272";"BR-153/SP";"Norte";"Saída de Pista";0;0;1;0;0;0;0;0;0;0;1;0;0;0;0
"31/10/2010";"20:56:00";"73";"com vítima";"273";"BR-153/SP";"Norte";"Saída de Pista";1;0;0;0;0;0;0;0;0;0;1;1;0;0;0
"01/11/2010";"18:35:00";"53";"com vítima";"182";"BR-153/SP";"Sul";"Colisão Transversal";1;0;0;0;0;0;0;0;0;1;1;1;1;1;0
"02/11/2010";"10:23:00";"41";"sem vítima";"61,7999";"BR-153/SP";"Norte";"Colisão Traseira";2;0;0;0;0;0;0;0;0;0;3;0;0;0;0
"02/11/2010";"11:00:00";"44";"sem vítima";"114";"BR-153/SP";"Sul";"Colisão Lateral";1;0;1;0;0;0;0;0;0;0;4;0;0;0;0
"02/11/2010";"15:43:00";"53";"com vítima";"230";"BR-153/SP";"Sul";"Colisão Transversal";1;0;1;0;0;0;0;0;0;1;4;0;0;0;1
"02/11/2010";"22:14:00";"76";"sem vítima";"58,7999";"BR-153/SP";"Norte";"Colisão Transversal";1;0;0;1;0;0;0;0;0;0;2;0;0;0;0
"03/11/2010";"22:15:00";"103";"sem vítima";"137,5";"BR-153/SP";"Sul";"Colisão Lateral";0;0;2;0;0;0;0;0;0;0;3;0;0;0;0
"04/11/2010";"00:33:00";"4";"com vítima";"339";"BR-153/SP";"Norte";"Colisão com Objeto Fixo";0;0;0;1;0;0;0;0;0;0;0;1;0;0;0
"04/11/2010";"20:10:00";"86";"com vítima";"60,2999";"BR-153/SP";"Norte";"Colisão Lateral";1;0;1;0;0;0;0;0;0;0;1;1;0;0;0
"05/11/2010";"07:41:00";"18";"sem vítima";"55,9000";"BR-153/SP";"Norte";"Colisão Traseira";2;0;0;0;0;0;0;0;0;0;4;0;0;0;0
"05/11/2010";"10:15:00";"33";"com vítima";"58,7999";"BR-153/SP";"Norte";"Colisão Transversal";1;0;0;1;0;0;0;0;0;0;1;1;0;0;0
"06/11/2010";"01:08:00";"8";"sem vítima";"55,7999";"BR-153/SP";"Sul";"Colisão com Objeto Fixo";1;0;0;0;0;0;0;0;0;0;1;0;0;0;0
"06/11/2010";"05:07:00";"17";"com vítima";"71,9000";"BR-153/SP";"Norte";"Colisão Traseira";2;0;0;0;0;0;0;0;0;0;2;1;0;0;0
"06/11/2010";"15:47:00";"66";"com vítima";"108,199";"BR-153/SP";"Sul";"Colisão Frontal";2;0;0;0;0;0;0;0;0;0;0;1;1;0;1
"07/11/2010";"21:28:00";"88";"sem vítima";"256";"BR-153/SP";"Norte";"Colisão Transversal";2;0;0;0;0;0;0;0;0;0;2;0;0;0;0
"07/11/2010";"23:45:00";"102";"sem vítima";"96,3000";"BR-153/SP";"Norte";"Colisão com Objeto Fixo";3;0;0;0;1;0;0;0;0;0;4;0;0;0;0
"08/11/2010";"03:50:00";"11";"sem vítima";"61,5";"BR-153/SP";"Sul";"Atropelamento de Animal";1;0;0;0;0;0;0;0;0;0;2;0;0;0;0
"08/11/2010";"14:57:00";"50";"com vítima";"217,199";"BR-153/SP";"Norte";"Colisão Transversal";0;0;1;0;0;0;0;0;0;1;1;0;0;0;1
"08/11/2010";"18:50:00";"68";"sem vítima";"217";"BR-153/SP";"Norte";"Colisão Traseira";0;0;0;0;1;0;0;0;0;1;2;0;0;0;0
"09/11/2010";"06:20:00";"16";"sem vítima";"322,600";"BR-153/SP";"Norte";"Saída de Pista";0;0;0;0;0;0;0;0;0;1;2;0;0;0;0
"09/11/2010";"14:56:00";"57";"com vítima";"71,6999";"BR-153/SP";"Norte";"Colisão Frontal";1;0;1;0;0;0;0;0;0;1;0;2;0;0;2
"09/11/2010";"16:23:00";"61";"com vítima";"271";"BR-153/SP";"Sul";"Capotamento";1;0;0;0;0;0;0;0;0;0;0;1;0;0;0
"09/11/2010";"19:09:00";"79";"com vítima";"91";"BR-153/SP";"Norte";"Colisão com Objeto Fixo";0;0;0;0;0;1;0;0;0;1;1;2;0;0;0
"09/11/2010";"22:15:00";"89";"com vítima";"83";"BR-153/SP";"Norte";"Saída de Pista";0;0;1;0;0;0;0;0;0;0;1;1;0;0;0
"09/11/2010";"22:19:00";"90";"sem vítima";"82,9000";"BR-153/SP";"Norte";"Saída de Pista";0;0;1;0;0;0;0;0;0;0;1;0;0;0;0
"09/11/2010";"22:30:00";"91";"com vítima";"82";"BR-153/SP";"Norte";"Colisão Lateral";1;0;1;0;0;0;0;0;0;0;2;1;0;0;1
"10/11/2010";"02:16:00";"5";"com vítima";"158";"BR-153/SP";"Norte";"Saída de Pista";1;0;0;0;0;0;0;0;0;0;1;1;0;0;0
"10/11/2010";"15:46:00";"54";"sem vítima";"20,7000";"BR-153/SP";"Norte";"Colisão Traseira";0;0;0;0;0;1;0;0;0;1;3;0;0;0;0
"10/11/2010";"18:11:00";"65";"sem vítima";"183,800";"BR-153/SP";"Norte";"Colisão com Objeto Fixo";1;0;0;0;0;0;0;0;0;0;1;0;0;0;0
"11/11/2010";"13:43:00";"47";"sem vítima";"45,7999";"BR-153/SP";"Norte";"Colisão Traseira";2;0;0;0;0;0;0;0;0;0;3;0;0;0;0
"11/11/2010";"14:25:00";"48";"sem vítima";"192";"BR-153/SP";"Sul";"Colisão Transversal";1;0;0;0;0;0;0;0;0;1;2;0;0;0;0
"11/11/2010";"18:34:00";"60";"sem vítima";"74";"BR-153/SP";"Norte";"Colisão Traseira";1;0;0;0;0;0;0;0;0;1;2;0;0;0;0
"12/11/2010";"00:39:00";"5";"sem vítima";"83,3000";"BR-153/SP";"Sul";"Atropelamento de Animal";1;0;0;0;0;0;0;0;0;0;1;0;0;0;0
"12/11/2010";"10:21:00";"34";"com vítima";"274,299";"BR-153/SP";"Norte";"Colisão Lateral";0;0;1;1;0;0;0;0;0;0;1;0;0;1;0
"12/11/2010";"19:12:00";"64";"com vítima";"67,5";"BR-153/SP";"Norte";"Colisão Transversal";2;0;0;0;0;0;0;0;0;0;4;1;0;0;0
"13/11/2010";"07:04:00";"22";"com vítima";"193";"BR-153/SP";"Norte";"Colisão Lateral";1;0;0;0;0;0;0;0;0;1;3;1;0;0;0
"14/11/2010";"17:48:00";"63";"com vítima";"56";"BR-153/SP";"Sul";"Colisão com Objeto Fixo";0;0;0;1;0;0;0;0;0;0;1;0;0;1;0
"14/11/2010";"18:40:00";"66";"sem vítima";"27";"BR-153/SP";"Sul";"Saída de Pista";1;0;0;0;0;0;0;0;0;0;5;0;0;0;0
"14/11/2010";"20:09:00";"73";"com vítima";"119";"BR-153/SP";"Norte";"Colisão Traseira";0;0;0;1;0;1;0;0;0;0;1;0;0;0;1
"14/11/2010";"23:10:00";"87";"sem vítima";"17";"BR-153/SP";"Norte";"Capotamento";0;0;0;0;0;0;0;0;0;1;3;0;0;0;0
"15/11/2010";"07:03:00";"14";"sem vítima";"35";"BR-153/SP";"Sul";"Colisão Traseira";0;0;2;0;0;0;0;0;0;0;2;0;0;0;0
"15/11/2010";"07:13:00";"17";"sem vítima";"61";"BR-153/SP";"Norte";"Saída de Pista";1;0;0;0;0;0;0;0;0;0;1;0;0;0;0
"15/11/2010";"21:45:00";"97";"com vítima";"93";"BR-153/SP";"Sul";"Colisão Traseira";2;0;0;0;0;0;0;0;0;0;4;3;0;0;0
"17/11/2010";"02:46:00";"8";"com vítima";"328";"BR-153/SP";"Norte";"Tombamento";0;0;1;0;0;0;0;0;0;0;0;1;0;0;0
"17/11/2010";"03:09:00";"10";"sem vítima";"339";"BR-153/SP";"Norte";"Capotamento";1;0;0;0;0;0;0;0;0;0;1;0;0;0;0
"17/11/2010";"09:33:00";"33";"com vítima";"58";"BR-153/SP";"Norte";"Engavetamento";2;0;0;0;0;0;0;0;0;2;3;2;0;0;0
"17/11/2010";"17:39:00";"64";"sem vítima";"58";"BR-153/SP";"Norte";"Colisão Transversal";1;0;1;0;0;0;0;0;0;0;2;0;0;0;0
"17/11/2010";"19:35:00";"75";"sem vítima";"280";"BR-153/SP";"Norte";"Colisão Transversal";1;0;2;0;0;0;0;0;0;0;3;0;0;0;0
"19/11/2010";"01:50:00";"1";"sem vítima";"274,5";"BR-153/SP";"Norte";"Queda de carga sobre a pista";0;0;1;0;0;0;0;0;0;0;1;0;0;0;0
"19/11/2010";"15:07:00";"60";"com vítima";"278,899";"BR-153/SP";"Norte";"Colisão Transversal";0;0;1;0;0;0;0;0;0;1;1;1;0;0;0
"19/11/2010";"16:08:00";"65";"com vítima";"257";"BR-153/SP";"Sul";"Colisão Lateral";1;0;1;0;0;0;0;0;0;0;2;3;0;0;0
"19/11/2010";"18:55:00";"78";"sem vítima";"47,5";"BR-153/SP";"Norte";"Colisão Traseira";3;0;0;0;0;0;0;0;0;0;3;0;0;0;0
"19/11/2010";"19:19:00";"81";"sem vítima";"47,5";"BR-153/SP";"Norte";"Colisão Traseira";0;0;1;1;0;0;0;0;0;0;2;0;0;0;0
"19/11/2010";"20:41:00";"89";"com vítima";"31,7000";"BR-153/SP";"Norte";"Colisão Frontal";0;0;1;1;0;0;0;0;0;0;1;0;0;0;1
"20/11/2010";"00:43:00";"2";"com vítima";"193";"BR-153/SP";"Sul";"Capotamento";1;0;0;0;0;0;0;0;0;0;0;1;0;0;0
"20/11/2010";"01:00:00";"3";"com vítima";"228";"BR-153/SP";"Norte";"Atropelamento de Animal";1;0;0;0;0;0;0;0;0;0;3;1;0;0;0
"20/11/2010";"12:40:00";"39";"sem vítima";"58";"BR-153/SP";"Norte";"Colisão Transversal";0;0;1;1;0;0;0;0;0;0;2;0;0;0;0
"20/11/2010";"20:36:00";"75";"com vítima";"7";"BR-153/SP";"Norte";"Colisão Transversal";0;0;0;1;0;1;0;0;0;0;1;0;1;0;0
"21/11/2010";"04:49:00";"13";"sem vítima";"338";"BR-153/SP";"Norte";"Queda de Moto";0;0;0;1;0;0;0;0;0;0;1;0;0;0;0
"21/11/2010";"06:03:00";"17";"com vítima";"6";"BR-153/SP";"Sul";"Colisão Transversal";1;0;0;0;0;1;0;0;0;0;1;1;0;0;0
"21/11/2010";"21:09:00";"102";"sem vítima";"45";"BR-153/SP";"Norte";"Colisão Lateral";0;0;2;0;0;0;0;0;0;0;2;0;0;0;0
"22/11/2010";"09:54:00";"35";"com vítima";"18,5";"BR-153/SP";"Norte";"Colisão Frontal";2;0;0;0;0;0;0;0;0;0;1;2;0;0;0
"22/11/2010";"14:26:00";"54";"sem vítima";"211";"BR-153/SP";"Sul";"Tombamento";0;0;0;0;0;0;0;0;0;1;2;0;0;0;0
"22/11/2010";"20:57:00";"77";"sem vítima";"72,5";"BR-153/SP";"Norte";"Saída de Pista";0;0;1;0;0;0;0;0;0;0;2;0;0;0;0
"23/11/2010";"10:04:00";"37";"com vítima";"75,5999";"BR-153/SP";"Norte";"Colisão Transversal";0;0;1;0;0;0;0;0;0;1;1;0;0;0;1
"24/11/2010";"03:10:00";"3";"com vítima";"274";"BR-153/SP";"Norte";"Tombamento";0;0;1;0;0;0;0;0;0;0;0;1;0;0;0
"24/11/2010";"07:01:00";"13";"sem vítima";"35";"BR-153/SP";"Norte";"Colisão Traseira";0;0;0;0;2;0;0;0;0;0;93;0;0;0;0
"25/11/2010";"13:01:00";"49";"sem vítima";"55,0999";"BR-153/SP";"Sul";"Queda de Moto";0;0;0;1;0;0;0;0;0;0;1;0;0;0;0
"25/11/2010";"17:51:00";"68";"com vítima";"257";"BR-153/SP";"Norte";"Atropelamento de Ciclista";1;1;0;0;0;0;0;0;0;0;1;1;0;0;0
"25/11/2010";"21:42:00";"89";"com vítima";"80,0500";"BR-153/SP";"Norte";"Queda de Moto";0;0;0;1;0;0;0;0;0;0;1;1;0;0;0
"26/11/2010";"01:17:00";"5";"com vítima";"140,199";"BR-153/SP";"Norte";"Saída de Pista";0;0;0;0;0;0;0;0;0;1;0;4;0;0;0
"26/11/2010";"12:30:00";"50";"com vítima";"182,199";"BR-153/SP";"Sul";"Colisão Transversal";1;0;1;0;0;0;0;0;0;0;3;1;0;0;0
"26/11/2010";"20:27:00";"93";"com vítima";"42";"BR-153/SP";"Norte";"Colisão Lateral";1;0;1;0;0;0;0;0;0;2;4;0;1;0;0
"27/11/2010";"03:06:00";"4";"com vítima";"69,5";"BR-153/SP";"Norte";"Capotamento";1;0;0;0;0;0;0;0;0;0;0;1;0;0;0
"27/11/2010";"17:38:00";"69";"sem vítima";"59,2999";"BR-153/SP";"Sul";"Colisão Lateral";2;0;0;0;0;0;0;0;0;0;2;0;0;0;0
"27/11/2010";"21:48:00";"89";"com vítima";"345";"BR-153/SP";"Norte";"Queda de Moto";0;0;0;1;0;0;0;0;0;0;0;2;0;0;0
"28/11/2010";"03:13:00";"9";"sem vítima";"67";"BR-153/SP";"Norte";"Colisão Traseira";0;0;1;0;0;0;0;0;0;1;2;0;0;0;0
"29/11/2010";"13:37:00";"63";"sem vítima";"33";"BR-153/SP";"Norte";"Colisão Lateral";1;0;1;0;0;0;0;0;0;0;2;0;0;0;0
"30/11/2010";"03:00:00";"5";"sem vítima";"61,9000";"BR-153/SP";"Sul";"Saída de Pista";1;0;0;0;0;0;0;0;0;0;1;0;0;0;0
"30/11/2010";"04:48:00";"14";"sem vítima";"72,6999";"BR-153/SP";"Norte";"Colisão Traseira";0;0;2;0;0;0;0;0;0;0;2;0;0;0;0
"01/12/2010";"17:19:00";"60";"sem vítima";"169";"BR-153/SP";"Norte";"Colisão Traseira";0;0;2;0;0;0;0;0;0;0;2;0;0;0;0
"02/12/2010";"07:19:00";"16";"com vítima";"62";"BR-153/SP";"Norte";"Queda de Moto";0;0;0;1;0;0;0;0;0;0;0;1;0;0;0
"02/12/2010";"09:39:00";"32";"sem vítima";"58,7999";"BR-153/SP";"Norte";"Colisão Transversal";0;0;1;0;0;0;0;0;0;1;2;0;0;0;0
"02/12/2010";"18:11:00";"74";"sem vítima";"174";"BR-153/SP";"Norte";"Colisão Traseira";1;0;1;0;0;0;0;0;0;0;2;0;0;0;0
"02/12/2010";"20:38:00";"88";"sem vítima";"57,7999";"BR-153/SP";"Norte";"Colisão com Objeto Fixo";1;0;0;0;0;0;0;0;0;0;6;0;0;0;0
"03/12/2010";"14:17:00";"49";"sem vítima";"185";"BR-153/SP";"Norte";"Colisão Traseira";0;0;0;0;0;0;0;0;0;2;5;0;0;0;0
"03/12/2010";"17:11:00";"66";"com vítima";"274";"BR-153/SP";"Norte";"Queda de Moto";0;0;0;1;0;0;0;0;0;0;0;1;0;0;0
"04/12/2010";"22:09:00";"90";"sem vítima";"195,100";"BR-153/SP";"Sul";"Saída de Pista";1;0;0;0;0;0;0;0;0;0;1;0;0;0;0
"05/12/2010";"01:23:00";"5";"com vítima";"112";"BR-153/SP";"Sul";"Queda de Moto";0;0;0;1;0;0;0;0;0;0;0;1;0;0;0
"05/12/2010";"03:43:00";"16";"com vítima";"71,5";"BR-153/SP";"Sul";"Colisão Traseira";1;0;0;1;0;0;0;0;0;0;1;0;0;0;1
"05/12/2010";"17:38:00";"74";"sem vítima";"230";"BR-153/SP";"Sul";"Saída de Pista";1;0;0;0;0;0;0;0;0;0;1;0;0;0;0
"05/12/2010";"21:11:00";"86";"sem vítima";"79,4000";"BR-153/SP";"Norte";"Colisão Lateral";1;0;0;0;0;0;0;0;0;0;1;0;0;0;0
"05/12/2010";"22:23:00";"90";"sem vítima";"302,399";"BR-153/SP";"Norte";"Colisão Traseira";2;0;0;0;0;0;0;0;0;0;5;0;0;0;0
"06/12/2010";"09:08:00";"31";"com vítima";"85,0999";"BR-153/SP";"Sul";"Saída de Pista";1;0;0;0;0;1;0;0;0;0;2;1;0;0;0
"06/12/2010";"21:13:00";"89";"sem vítima";"73";"BR-153/SP";"Norte";"Colisão Transversal";1;0;0;0;0;0;0;0;0;1;3;0;0;0;0
"07/12/2010";"08:14:00";"20";"com vítima";"46";"BR-153/SP";"Sul";"Saída de Pista";1;0;0;0;0;0;0;0;0;0;2;1;0;0;0
"08/12/2010";"05:57:00";"14";"com vítima";"61,7000";"BR-153/SP";"Sul";"Colisão Traseira";1;0;0;1;0;0;0;0;0;0;1;2;0;0;0
"08/12/2010";"07:19:00";"15";"com vítima";"37,7000";"BR-153/SP";"Sul";"Colisão Transversal";2;0;0;0;0;0;0;0;0;0;2;3;0;0;0
"08/12/2010";"16:42:00";"83";"com vítima";"174,720";"BR-153/SP";"Norte";"Colisão Traseira";0;0;1;1;0;0;0;0;0;0;1;1;0;0;0
"08/12/2010";"20:50:00";"107";"sem vítima";"146,600";"BR-153/SP";"Sul";"Colisão Traseira";1;0;0;0;1;0;0;0;0;0;2;0;0;0;0
"08/12/2010";"23:57:00";"118";"sem vítima";"56";"BR-153/SP";"Norte";"Colisão Lateral";1;0;0;0;0;0;0;0;0;1;4;0;0;0;0
"09/12/2010";"03:19:00";"6";"com vítima";"161";"BR-153/SP";"Sul";"Colisão com Objeto Fixo";0;0;0;0;0;0;0;0;0;1;1;1;0;0;0
"09/12/2010";"15:01:00";"76";"sem vítima";"314,100";"BR-153/SP";"Sul";"Colisão Traseira";1;0;1;0;0;0;0;0;0;0;2;0;0;0;0
"09/12/2010";"17:28:00";"87";"sem vítima";"298";"BR-153/SP";"Sul";"Choque contra objeto na faixa de rolamento";1;0;0;0;0;0;0;0;0;0;2;0;0;0;0
"10/12/2010";"02:31:00";"6";"com vítima";"110";"BR-153/SP";"Sul";"Saída de Pista";1;0;0;0;0;0;0;0;0;0;0;1;0;0;0
"10/12/2010";"05:42:00";"8";"sem vítima";"174,699";"BR-153/SP";"Norte";"Colisão Transversal";2;0;0;0;0;0;0;0;0;0;3;0;0;0;0
"10/12/2010";"17:19:00";"98";"com vítima";"57";"BR-153/SP";"Norte";"Colisão Traseira";0;0;0;1;0;0;0;0;0;1;1;1;0;0;0
"10/12/2010";"20:45:00";"113";"com vítima";"70";"BR-153/SP";"Sul";"Colisão Traseira";1;0;0;1;0;0;0;0;0;0;1;1;0;0;0
"11/12/2010";"03:03:00";"6";"sem vítima";"256";"BR-153/SP";"Norte";"Colisão com Objeto Fixo";1;0;0;0;0;0;0;0;0;0;1;0;0;0;0
"11/12/2010";"08:54:00";"19";"sem vítima";"208,100";"BR-153/SP";"Sul";"Choque contra objeto na faixa de rolamento";1;0;0;0;0;0;0;0;0;0;1;0;0;0;0
"12/12/2010";"13:49:00";"46";"sem vítima";"274,5";"BR-153/SP";"Sul";"Outros";0;0;1;0;0;0;0;0;0;0;1;0;0;0;0
"12/12/2010";"22:48:00";"81";"com vítima";"112";"BR-153/SP";"Norte";"Colisão Traseira";0;0;0;1;0;0;0;0;0;0;0;2;0;0;0
"13/12/2010";"02:47:00";"6";"com vítima";"103";"BR-153/SP";"Norte";"Queda de Moto";0;0;0;1;0;0;0;0;0;0;0;0;1;0;0
"13/12/2010";"08:07:00";"21";"sem vítima";"167,399";"BR-153/SP";"Sul";"Atropelamento de Animal";0;0;0;0;0;0;0;0;0;1;2;0;0;0;0
"13/12/2010";"12:50:00";"49";"com vítima";"61,7999";"BR-153/SP";"Norte";"Queda de Moto";0;0;0;1;0;0;0;0;0;0;0;1;0;0;0
"13/12/2010";"13:19:00";"52";"sem vítima";"343";"BR-153/SP";"Norte";"Saída de Pista";1;0;0;0;0;0;0;0;0;0;3;0;0;0;0
"13/12/2010";"16:10:00";"64";"com vítima";"70";"BR-153/SP";"Sul";"Colisão traseira";1;0;0;0;0;0;0;0;0;1;2;1;0;0;0
"13/12/2010";"17:06:00";"72";"sem vítima";"75,9000";"BR-153/SP";"Sul";"Colisão Transversal";0;0;2;0;0;0;0;0;0;0;2;0;0;0;0
"14/12/2010";"08:32:00";"19";"sem vítima";"182";"BR-153/SP";"Norte";"Colisão Transversal";2;0;0;0;0;0;0;0;0;0;4;0;0;0;0
"15/12/2010";"07:52:00";"19";"sem vítima";"331";"BR-153/SP";"Sul";"Colisão Lateral";1;0;1;0;0;0;0;0;0;0;2;0;0;0;0
"15/12/2010";"14:09:00";"63";"sem vítima";"189";"BR-153/SP";"Sul";"Colisão Traseira";0;0;2;0;0;0;0;0;0;0;2;0;0;0;0
"15/12/2010";"14:15:00";"64";"sem vítima";"56";"BR-153/SP";"Sul";"Colisão Traseira";2;0;0;0;0;0;0;0;0;0;6;0;0;0;0
"16/12/2010";"11:13:00";"34";"com vítima";"256";"BR-153/SP";"Sul";"Colisão Transversal";1;0;0;1;0;0;0;0;0;0;1;1;0;0;0
"16/12/2010";"21:10:00";"78";"com vítima";"71,1999";"BR-153/SP";"Sul";"Colisão Transversal";0;0;0;1;0;0;0;0;0;1;1;1;0;0;0
"17/12/2010";"08:10:00";"14";"sem vítima";"62";"BR-153/SP";"Sul";"Engavetamento";3;0;0;0;0;0;0;0;0;0;3;0;0;0;0
"17/12/2010";"11:13:00";"33";"sem vítima";"87";"BR-153/SP";"Norte";"Colisão Lateral";0;0;2;0;0;0;0;0;0;0;2;0;0;0;0
"18/12/2010";"03:38:00";"8";"com vítima";"80";"BR-153/SP";"Norte";"Saída de Pista";1;0;0;0;0;0;0;0;0;0;0;0;0;1;0
"18/12/2010";"16:17:00";"83";"sem vítima";"47";"BR-153/SP";"Sul";"Saída de Pista";0;0;1;0;0;0;0;0;0;0;3;0;0;0;0
"19/12/2010";"23:55:00";"99";"com vítima";"178";"BR-153/SP";"Norte";"Colisão Traseira";0;0;1;1;0;0;0;0;0;0;1;0;1;0;0
"20/12/2010";"05:59:00";"16";"com vítima";"175";"BR-153/SP";"Norte";"Colisão Frontal";1;0;0;0;0;0;0;0;0;1;1;2;0;0;0
"20/12/2010";"11:46:00";"47";"com vítima";"58";"BR-153/SP";"Norte";"Colisão Transversal";0;0;0;2;0;0;0;0;0;0;0;2;0;0;0
"20/12/2010";"11:53:00";"48";"com vítima";"183";"BR-153/SP";"Sul";"Queda de Moto";0;0;0;1;0;0;0;0;0;0;0;1;0;0;0
"20/12/2010";"13:16:00";"53";"sem vítima";"174";"BR-153/SP";"Norte";"Colisão Traseira";2;0;0;0;0;0;0;0;0;0;2;0;0;0;0
"20/12/2010";"18:20:00";"70";"com vítima";"108";"BR-153/SP";"Sul";"Colisão Transversal";0;0;0;1;1;0;0;0;0;0;1;1;0;0;0
"21/12/2010";"04:34:00";"18";"com vítima";"309,5";"BR-153/SP";"Sul";"Colisão Traseira";0;0;2;0;0;0;0;0;0;0;2;1;0;0;0
"21/12/2010";"08:02:00";"28";"sem vítima";"62,5";"BR-153/SP";"Sul";"Engavetamento";2;0;0;0;0;0;0;0;0;2;4;0;0;0;0
"21/12/2010";"21:21:00";"85";"sem vítima";"100";"BR-153/SP";"Sul";"Choque contra objeto na faixa de rolamento";1;0;0;0;0;0;0;0;0;0;1;0;0;0;0
"21/12/2010";"23:31:00";"95";"com vítima";"338,899";"BR-153/SP";"Norte";"Capotamento";1;0;0;0;0;0;0;0;0;0;0;1;0;0;0
"22/12/2010";"06:32:00";"9";"sem vítima";"52";"BR-153/SP";"Sul";"Colisão Lateral";0;0;2;0;0;0;0;0;0;0;2;0;0;0;0
"23/12/2010";"10:46:00";"53";"sem vítima";"185";"BR-153/SP";"Norte";"Colisão Transversal";2;0;0;0;0;0;0;0;0;0;4;0;0;0;0