data;horario;n_da_ocorrencia;tipo_de_ocorrencia;km;trecho;sentido;tipo_de_acidente;automovel;bicicleta;caminhao;moto;onibus;outros;tracao_animal;transporte_de_cargas_especiais;trator_maquinas;utilitarios;ilesos;levemente_feridos;moderadamente_feridos;gravemente_feridos;mortos
"17/04/2011";"18:17:00";"70";"sem vítima";"88,5";"BR-153/SP";"Norte";"Queda de Moto";0;0;0;1;0;0;0;0;0;0;1;0;0;0;0
"18/04/2011";"15:37:00";"65";"sem vítima";"58";"BR-153/SP";"Norte";"Colisão Transversal";1;0;0;0;0;0;0;0;0;0;1;0;0;0;0
"18/04/2011";"17:11:00";"71";"sem vítima";"35";"BR-153/SP";"Norte";"Saída de Pista";0;0;0;0;0;1;0;0;0;1;2;0;0;0;0
"19/04/2011";"12:30:00";"69";"sem vítima";"58";"BR-153/SP";"Sul";"Colisão Transversal";1;0;0;0;0;0;0;0;0;1;3;0;0;0;0
"20/04/2011";"09:00:00";"21";"com vítima";"42";"BR-153/SP";"Norte";"Colisão Transversal";2;0;0;0;0;0;0;0;0;0;1;2;0;0;0
"20/04/2011";"12:51:00";"46";"sem vítima";"71,8000";"BR-153/SP";"Norte";"Colisão Traseira";2;0;0;0;0;0;0;0;0;0;2;0;0;0;0
"20/04/2011";"12:58:00";"48";"com vítima";"341,5";"BR-153/SP";"Norte";"Colisão com Objeto Fixo";1;0;0;0;0;0;0;0;0;0;0;1;0;0;0
"20/04/2011";"14:02:00";"52";"sem vítima";"192";"BR-153/SP";"Norte";"Colisão Traseira";1;0;0;0;0;0;0;0;0;1;3;0;0;0;0
"20/04/2011";"17:58:00";"77";"sem vítima";"58";"BR-153/SP";"Norte";"Colisão Lateral";0;0;1;0;0;0;0;0;0;1;2;0;0;0;0
"20/04/2011";"19:14:00";"85";"com vítima";"33,7000";"BR-153/SP";"Norte";"Atropelamento de Animal";1;0;0;0;0;0;0;0;0;0;0;2;0;0;0
"20/04/2011";"19:45:00";"88";"sem vítima";"33,7000";"BR-153/SP";"Norte";"Colisão Traseira";2;0;0;0;0;0;0;0;0;0;2;0;0;0;0
"20/04/2011";"21:44:00";"96";"sem vítima";"57,9000";"BR-153/SP";"Norte";"Colisão Transversal";2;0;0;0;0;0;0;0;0;0;2;0;0;0;0
"21/04/2011";"08:28:00";"26";"sem vítima";"39,5";"BR-153/SP";"Norte";"Colisão Transversal";2;0;0;0;0;0;0;0;0;0;2;0;0;0;0
"21/04/2011";"20:23:00";"104";"com vítima";"115,900";"BR-153/SP";"Norte";"Saída de Pista";1;0;0;0;0;0;0;0;0;0;0;0;0;0;1
"23/04/2011";"17:45:00";"77";"sem vítima";"182,199";"BR-153/SP";"Norte";"Colisão Transversal";1;0;1;0;0;0;0;0;0;0;4;0;0;0;0
"23/04/2011";"18:37:00";"80";"sem vítima";"296,299";"BR-153/SP";"Sul";"Atropelamento de Animal";0;0;0;0;0;0;0;0;0;1;1;0;0;0;0
"23/04/2011";"19:15:00";"82";"com vítima";"70";"BR-153/SP";"Norte";"Colisão Lateral";1;0;0;1;0;0;0;0;0;0;1;2;0;0;0
"24/04/2011";"04:38:00";"11";"sem vítima";"256";"BR-153/SP";"Sul";"Saída de Pista";0;0;0;0;0;0;0;0;0;1;1;0;0;0;0
"24/04/2011";"05:08:00";"13";"com vítima";"191,5";"BR-153/SP";"Sul";"Colisão Transversal";2;0;0;0;0;0;0;0;0;0;0;2;0;1;0
"24/04/2011";"11:00:00";"39";"sem vítima";"35";"BR-153/SP";"Sul";"Colisão Traseira";2;0;0;0;0;0;0;0;0;0;4;0;0;0;0
"24/04/2011";"20:03:00";"79";"com vítima";"123,599";"BR-153/SP";"Norte";"Colisão Lateral";2;0;0;0;0;0;0;0;0;0;1;3;2;0;0
"24/04/2011";"20:41:00";"81";"sem vítima";"123,599";"BR-153/SP";"Sul";"Choque contra objeto na faixa de rolamento";1;0;0;0;0;0;0;0;0;0;1;0;0;0;0
"25/04/2011";"09:19:00";"30";"sem vítima";"37";"BR-153/SP";"Norte";"Engavetamento";3;0;0;0;0;0;0;0;0;0;6;0;0;0;0
"25/04/2011";"11:09:00";"39";"sem vítima";"61,7999";"BR-153/SP";"Norte";"Colisão Traseira";2;0;0;0;0;0;0;0;0;0;2;0;0;0;0
"25/04/2011";"15:17:00";"59";"sem vítima";"45";"BR-153/SP";"Norte";"Capotamento";1;0;0;0;0;0;0;0;0;0;1;0;0;0;0
"25/04/2011";"16:39:00";"62";"com vítima";"59";"BR-153/SP";"Norte";"Atropelamento  de Pedestre";1;0;0;0;0;0;0;0;0;0;2;0;0;1;0
"26/04/2011";"05:52:00";"12";"com vítima";"96,0999";"BR-153/SP";"Norte";"Colisão Traseira";0;0;2;0;0;0;0;0;0;0;3;1;0;0;0
"26/04/2011";"06:13:00";"13";"com vítima";"96,1999";"BR-153/SP";"Norte";"Colisão Traseira";1;0;1;0;0;0;0;0;0;0;2;1;0;0;0
"26/04/2011";"18:12:00";"64";"com vítima";"58,7999";"BR-153/SP";"Norte";"Colisão Transversal";0;0;0;1;0;0;0;0;0;1;2;1;0;0;0
"27/04/2011";"18:35:00";"82";"com vítima";"49,4000";"BR-153/SP";"Norte";"Colisão Transversal";1;0;0;1;0;0;0;0;0;0;2;1;1;0;0
"28/04/2011";"10:13:00";"28";"sem vítima";"8,5";"BR-153/SP";"Norte";"Colisão Traseira";1;0;1;0;0;0;0;0;0;0;2;0;0;0;0
"28/04/2011";"17:03:00";"66";"sem vítima";"98,5";"BR-153/SP";"Sul";"Colisão Traseira";0;0;2;0;0;0;0;0;0;0;2;0;0;0;0
"28/04/2011";"22:27:00";"90";"sem vítima";"61";"BR-153/SP";"Norte";"Colisão Transversal";0;0;2;0;0;0;0;0;0;0;3;0;0;0;0
"29/04/2011";"21:23:00";"80";"com vítima";"75,0999";"BR-153/SP";"Norte";"Colisão Traseira";1;0;1;0;0;0;0;0;0;0;3;1;0;0;0
"30/04/2011";"06:54:00";"18";"sem vítima";"55,2000";"BR-153/SP";"Sul";"Saída de Pista";1;0;0;0;0;0;0;0;0;0;1;0;0;0;0
"01/05/2011";"02:04:00";"4";"sem vítima";"58,7999";"BR-153/SP";"Norte";"Saída de Pista";0;0;0;0;0;0;0;0;0;1;1;0;0;0;0
"01/05/2011";"05:17:00";"12";"com vítima";"60,5";"BR-153/SP";"Norte";"Queda de Moto";0;0;0;1;0;0;0;0;0;0;0;1;0;0;0
"01/05/2011";"12:15:00";"41";"com vítima";"174,399";"BR-153/SP";"Norte";"Colisão Transversal";2;0;0;0;0;0;0;0;0;0;1;2;0;0;0
"01/05/2011";"17:37:00";"67";"com vítima";"52";"BR-153/SP";"Sul";"Colisão Lateral";2;0;0;0;0;0;0;0;0;0;0;4;0;0;0
"02/05/2011";"11:11:00";"57";"sem vítima";"71,0999";"BR-153/SP";"Sul";"Colisão Traseira";0;0;1;0;0;0;0;0;0;1;2;0;0;0;0
"02/05/2011";"13:06:00";"67";"sem vítima";"174,399";"BR-153/SP";"Norte";"Colisão Transversal";1;0;1;0;0;0;0;0;0;0;2;0;0;0;0
"02/05/2011";"17:55:00";"87";"sem vítima";"327";"BR-153/SP";"Norte";"Atropelamento de Animal";1;0;0;0;0;0;0;0;0;0;1;0;0;0;0
"02/05/2011";"18:11:00";"89";"com vítima";"257,299";"BR-153/SP";"Sul";"Colisão Lateral";1;0;0;1;0;0;0;0;0;0;1;1;0;0;0
"02/05/2011";"20:00:00";"94";"com vítima";"31";"BR-153/SP";"Sul";"Colisão Transversal";1;0;0;0;0;0;0;0;0;1;0;5;0;0;0
"03/05/2011";"08:29:00";"23";"sem vítima";"90";"BR-153/SP";"Sul";"Saída de Pista";1;0;0;0;0;0;0;0;0;0;1;0;0;0;0
"03/05/2011";"10:16:00";"37";"com vítima";"52";"BR-153/SP";"Sul";"Colisão Transversal";1;0;0;0;0;0;0;0;0;1;1;1;0;0;0
"04/05/2011";"13:07:00";"38";"sem vítima";"35";"BR-153/SP";"Norte";"Colisão Traseira";1;0;1;0;0;0;0;0;0;0;2;0;0;0;0
"05/05/2011";"18:09:00";"85";"sem vítima";"193";"BR-153/SP";"Norte";"Colisão com Objeto Fixo";1;0;1;0;0;0;0;0;0;0;2;0;0;0;0
"05/05/2011";"19:02:00";"90";"com vítima";"54";"BR-153/SP";"Norte";"Tombamento";0;0;1;0;0;0;0;0;0;0;0;0;1;0;0
"06/05/2011";"07:23:00";"18";"sem vítima";"58,2000";"BR-153/SP";"Norte";"Colisão Traseira";1;0;0;1;0;0;0;0;0;0;2;0;0;0;0
"07/05/2011";"03:01:00";"8";"sem vítima";"321";"BR-153/SP";"Norte";"Saída de Pista";1;0;0;0;0;0;0;0;0;0;2;0;0;0;0
"07/05/2011";"10:45:00";"34";"sem vítima";"99";"BR-153/SP";"Norte";"Colisão Traseira";2;0;0;0;0;0;0;0;0;0;2;0;0;0;0
"07/05/2011";"13:51:00";"48";"com vítima";"75";"BR-153/SP";"Norte";"Colisão Transversal";2;0;0;0;0;0;0;0;0;0;3;2;0;0;0
"08/05/2011";"06:55:00";"17";"com vítima";"170,600";"BR-153/SP";"Sul";"Colisão Traseira";1;0;1;0;0;0;0;0;0;0;1;1;0;0;0
"08/05/2011";"07:03:00";"18";"com vítima";"63,0620";"BR-153/SP";"Norte";"Colisão Traseira";2;0;0;0;0;0;0;0;0;0;2;1;0;0;0
"08/05/2011";"08:37:00";"20";"sem vítima";"99";"BR-153/SP";"Norte";"Colisão Traseira";0;0;2;0;0;0;0;0;0;0;2;0;0;0;0
"08/05/2011";"14:43:00";"40";"com vítima";"96";"BR-153/SP";"Sul";"Atropelamento  de Pedestre";1;0;0;0;0;0;0;0;0;0;4;0;0;0;1
"08/05/2011";"17:55:00";"53";"com vítima";"105,699";"BR-153/SP";"Norte";"Colisão Transversal";0;0;0;2;0;0;0;0;0;0;1;1;0;0;0
"08/05/2011";"19:29:00";"64";"com vítima";"71,8000";"BR-153/SP";"Norte";"Colisão Traseira";1;0;0;1;0;0;0;0;0;0;5;1;0;0;0
"08/05/2011";"21:51:00";"75";"sem vítima";"147,5";"BR-153/SP";"Sul";"Colisão Lateral";0;0;2;0;0;0;0;0;0;0;3;0;0;0;0
"09/05/2011";"11:26:00";"50";"com vítima";"70";"BR-153/SP";"Norte";"Tombamento";0;0;1;0;0;0;0;0;0;0;0;1;0;0;0
"10/05/2011";"08:33:00";"27";"com vítima";"41,5999";"BR-153/SP";"Norte";"Colisão Frontal";1;0;0;0;0;1;0;0;0;1;2;0;0;1;0
"11/05/2011";"23:09:00";"89";"sem vítima";"62,2000";"BR-153/SP";"Sul";"Colisão Traseira";1;0;0;0;0;0;0;0;0;0;1;0;0;0;0
"12/05/2011";"02:05:00";"9";"sem vítima";"274,5";"BR-153/SP";"Norte";"Tombamento";0;0;1;0;0;0;0;0;0;0;1;0;0;0;0
"12/05/2011";"06:29:00";"17";"com vítima";"50";"BR-153/SP";"Norte";"Queda de Moto";0;0;0;1;0;0;0;0;0;0;0;0;0;1;0
"12/05/2011";"08:26:00";"25";"sem vítima";"56";"BR-153/SP";"Norte";"Colisão Traseira";1;0;0;0;0;1;0;0;0;0;2;0;0;0;0
"12/05/2011";"09:01:00";"31";"sem vítima";"62,7999";"BR-153/SP";"Sul";"Engavetamento";5;0;0;0;0;0;0;0;0;2;11;0;0;0;0
"12/05/2011";"15:04:00";"49";"com vítima";"71";"BR-153/SP";"Norte";"Colisão Frontal";1;0;1;0;0;0;0;0;0;0;1;0;0;0;1
"12/05/2011";"18:14:00";"55";"sem vítima";"31";"BR-153/SP";"Norte";"Colisão Transversal";1;0;0;0;0;0;0;0;0;1;2;0;0;0;0
"13/05/2011";"01:20:00";"4";"com vítima";"61";"BR-153/SP";"Norte";"Capotamento";1;0;0;0;0;0;0;0;0;0;0;1;0;0;0
"13/05/2011";"08:06:00";"24";"com vítima";"274";"BR-153/SP";"Norte";"Queda de Moto";0;0;0;2;0;0;0;0;0;0;1;1;0;0;0
"13/05/2011";"15:37:00";"67";"com vítima";"161,300";"BR-153/SP";"Sul";"Colisão Transversal";1;0;0;1;0;0;0;0;0;0;2;1;0;0;0
"13/05/2011";"17:25:00";"79";"sem vítima";"75";"BR-153/SP";"Sul";"Atropelamento de Animal";0;0;0;0;0;0;0;0;0;1;1;0;0;0;0
"13/05/2011";"19:25:00";"89";"sem vítima";"26,5";"BR-153/SP";"Norte";"Colisão Lateral";1;0;0;0;0;0;0;0;0;0;1;0;0;0;0
"13/05/2011";"20:23:00";"95";"com vítima";"69,6999";"BR-153/SP";"Sul";"Saída de Pista";1;0;0;0;0;0;0;0;0;0;0;1;0;0;0
"13/05/2011";"22:01:00";"101";"com vítima";"57,0999";"BR-153/SP";"Norte";"Queda de Moto";0;0;0;1;0;1;0;0;0;0;1;1;1;0;0
"14/05/2011";"06:52:00";"17";"sem vítima";"142";"BR-153/SP";"Sul";"Saída de Pista";1;0;0;0;0;0;0;0;0;0;1;0;0;0;0
"14/05/2011";"18:15:00";"76";"sem vítima";"288,600";"BR-153/SP";"Sul";"Incidente";1;0;1;0;0;0;0;0;0;0;2;0;0;0;0
"14/05/2011";"18:50:00";"77";"com vítima";"71";"BR-153/SP";"Sul";"Colisão Transversal";1;0;0;1;0;0;0;0;0;0;1;0;0;0;1
"14/05/2011";"20:51:00";"87";"com vítima";"221";"BR-153/SP";"Norte";"Atropelamento  de Pedestre";0;0;0;0;0;0;0;0;0;0;0;0;1;0;0
"15/05/2011";"02:38:00";"5";"sem vítima";"39,5999";"BR-153/SP";"Norte";"Saída de Pista";1;0;0;0;0;0;0;0;0;0;1;0;0;0;0
"15/05/2011";"03:03:00";"6";"sem vítima";"298,799";"BR-153/SP";"Norte";"Colisão Lateral";1;0;0;0;0;1;0;0;0;0;5;0;0;0;0
"15/05/2011";"19:37:00";"72";"com vítima";"77,5";"BR-153/SP";"Norte";"Colisão Frontal";2;0;0;0;0;0;0;0;0;0;1;4;0;1;0
"17/05/2011";"05:42:00";"9";"sem vítima";"45,7000";"BR-153/SP";"Norte";"Colisão Lateral";1;0;0;0;0;0;0;0;0;1;2;0;0;0;0
"17/05/2011";"09:33:00";"27";"sem vítima";"69,5";"BR-153/SP";"Norte";"Colisão Transversal";1;0;1;0;0;0;0;0;0;0;2;0;0;0;0
"17/05/2011";"14:55:00";"59";"com vítima";"43,5999";"BR-153/SP";"Norte";"Capotamento";1;0;0;0;0;0;0;0;0;0;0;4;0;0;0
"17/05/2011";"16:40:00";"68";"sem vítima";"35";"BR-153/SP";"Sul";"Colisão Traseira";0;0;2;0;0;1;0;0;0;0;3;0;0;0;0
"17/05/2011";"19:20:00";"79";"com vítima";"339,5";"BR-153/SP";"Sul";"Colisão Transversal";0;0;0;1;0;0;0;0;0;1;1;0;1;0;0
"18/05/2011";"12:35:00";"52";"sem vítima";"154,100";"BR-153/SP";"Norte";"Colisão com Objeto Fixo";2;0;0;0;0;0;0;0;0;0;2;0;0;0;0
"18/05/2011";"19:44:00";"89";"sem vítima";"219";"BR-153/SP";"Sul";"Tombamento";0;0;0;0;0;0;0;0;0;1;1;0;0;0;0
"19/05/2011";"18:17:00";"86";"com vítima";"99";"BR-153/SP";"Sul";"Colisão Frontal";1;0;0;1;0;0;0;0;0;0;1;0;1;0;0
"20/05/2011";"07:08:00";"15";"sem vítima";"59,7999";"BR-153/SP";"Sul";"Queda de Moto";0;0;0;1;0;0;0;0;0;0;1;0;0;0;0
"20/05/2011";"08:06:00";"22";"sem vítima";"58";"BR-153/SP";"Norte";"Colisão Transversal";1;0;1;0;0;0;0;0;0;0;3;0;0;0;0
"20/05/2011";"08:44:00";"28";"com vítima";"279,899";"BR-153/SP";"Norte";"Capotamento";2;0;0;0;0;0;0;0;0;0;1;1;0;0;0
"20/05/2011";"18:22:00";"75";"com vítima";"256";"BR-153/SP";"Norte";"Colisão Transversal";1;0;0;1;0;0;0;0;0;0;1;1;0;0;0
"20/05/2011";"18:51:00";"80";"sem vítima";"174,399";"BR-153/SP";"Norte";"Colisão Transversal";1;0;0;0;0;0;0;0;0;1;4;0;0;0;0
"21/05/2011";"04:57:00";"9";"com vítima";"0";"BR-153/SP";"Norte";"Colisão Frontal";1;0;1;0;0;0;0;0;0;0;1;1;0;0;0
"21/05/2011";"09:02:00";"25";"sem vítima";"183";"BR-153/SP";"Norte";"Colisão Traseira";1;0;0;0;0;1;0;0;0;0;2;0;0;0;0
"22/05/2011";"06:17:00";"7";"sem vítima";"195";"BR-153/SP";"Norte";"Saída de Pista";1;0;0;0;0;0;0;0;0;0;1;0;0;0;0
"22/05/2011";"09:08:00";"25";"sem vítima";"182,800";"BR-153/SP";"Norte";"Colisão Traseira";1;0;1;0;0;0;0;0;0;0;2;0;0;0;0
"22/05/2011";"18:06:00";"71";"com vítima";"106,699";"BR-153/SP";"Norte";"Colisão Transversal";2;0;0;0;0;0;0;0;0;0;1;3;0;0;0
"22/05/2011";"18:34:00";"72";"com vítima";"59";"BR-153/SP";"Sul";"Engavetamento";3;0;0;0;0;1;0;0;0;0;3;2;1;0;0
"22/05/2011";"18:52:00";"74";"sem vítima";"112";"BR-153/SP";"Sul";"Colisão Traseira";1;0;0;0;0;1;0;0;0;0;3;0;0;0;0
"23/05/2011";"10:03:00";"25";"com vítima";"74";"BR-153/SP";"Norte";"Choque contra objeto na faixa de rolamento";0;0;0;1;0;0;0;0;0;0;0;1;0;0;0
"23/05/2011";"12:05:00";"37";"com vítima";"285,700";"BR-153/SP";"Norte";"Queda de Moto";0;0;0;1;0;0;0;0;0;0;0;1;0;0;0
"23/05/2011";"14:24:00";"46";"sem vítima";"144";"BR-153/SP";"Norte";"Colisão Traseira";0;0;2;0;0;0;0;0;0;0;3;0;0;0;0
"24/05/2011";"08:10:00";"14";"sem vítima";"174";"BR-153/SP";"Norte";"Colisão Transversal";1;0;1;0;0;0;0;0;0;0;2;0;0;0;0
"24/05/2011";"08:45:00";"20";"sem vítima";"58";"BR-153/SP";"Norte";"Colisão Transversal";2;0;0;0;0;0;0;0;0;0;2;0;0;0;0
"24/05/2011";"22:03:00";"75";"sem vítima";"35";"BR-153/SP";"Sul";"Colisão na Praça - Cancela";0;0;1;0;0;0;0;0;0;0;1;0;0;0;0
"25/05/2011";"20:46:00";"84";"com vítima";"40,0050";"BR-153/SP";"Norte";"Colisão Traseira";0;0;1;0;0;0;0;0;0;1;1;1;0;0;0
"26/05/2011";"10:08:00";"33";"com vítima";"256";"BR-153/SP";"Norte";"Colisão Transversal";0;0;1;1;0;0;0;0;0;0;1;1;0;0;0
"26/05/2011";"11:36:00";"38";"com vítima";"29";"BR-153/SP";"Norte";"Queda de Moto";0;0;0;1;0;0;0;0;0;0;0;2;0;0;0
"26/05/2011";"18:29:00";"76";"sem vítima";"256";"BR-153/SP";"Sul";"Queda de Moto";0;0;0;1;0;0;0;0;0;0;1;0;0;0;0
"27/05/2011";"05:46:00";"16";"com vítima";"67,0999";"BR-153/SP";"Sul";"Colisão Lateral";1;0;1;0;0;0;0;0;0;0;1;1;0;0;0
"27/05/2011";"13:03:00";"50";"sem vítima";"63";"BR-153/SP";"Norte";"Colisão Traseira";2;0;0;0;0;0;0;0;0;0;4;0;0;0;0
"27/05/2011";"16:59:00";"70";"sem vítima";"58,7999";"BR-153/SP";"Norte";"Colisão Transversal";1;0;0;1;0;0;0;0;0;0;2;0;0;0;0
"27/05/2011";"18:29:00";"75";"com vítima";"47,5";"BR-153/SP";"Norte";"Queda de Moto";0;0;0;1;0;0;0;0;0;0;0;1;0;0;0
"27/05/2011";"19:16:00";"79";"com vítima";"75";"BR-153/SP";"Sul";"Queda de Moto";0;0;0;1;0;0;0;0;0;0;0;1;0;0;0
"27/05/2011";"19:19:00";"80";"sem vítima";"81";"BR-153/SP";"Norte";"Colisão Transversal";1;0;1;0;0;0;0;0;0;0;2;0;0;0;0
"28/05/2011";"09:53:00";"32";"sem vítima";"58";"BR-153/SP";"Norte";"Colisão Transversal";1;0;0;1;0;0;0;0;0;0;3;0;0;0;0
"28/05/2011";"10:19:00";"34";"com vítima";"342,799";"BR-153/SP";"Sul";"Atropelamento de Ciclista";1;1;0;0;0;0;0;0;0;0;4;1;0;0;0
"28/05/2011";"18:49:00";"67";"sem vítima";"56";"BR-153/SP";"Norte";"Colisão Traseira";2;0;0;0;0;0;0;0;0;0;2;0;0;0;0
"28/05/2011";"20:38:00";"82";"com vítima";"192,699";"BR-153/SP";"Norte";"Queda de Moto";0;0;0;1;0;1;0;0;0;0;1;1;0;0;0
"29/05/2011";"03:12:00";"10";"sem vítima";"47,9000";"BR-153/SP";"Sul";"Colisão Traseira";1;0;1;0;0;0;0;0;0;0;5;0;0;0;0
"29/05/2011";"11:39:00";"40";"com vítima";"84";"BR-153/SP";"Norte";"Colisão Lateral";1;0;1;0;0;2;0;0;0;0;3;0;1;0;0
"29/05/2011";"11:49:00";"41";"sem vítima";"84";"BR-153/SP";"Sul";"Engavetamento";3;0;0;0;0;0;0;0;0;0;4;0;0;0;0
"29/05/2011";"18:10:00";"59";"com vítima";"57";"BR-153/SP";"Sul";"Colisão Transversal";2;0;0;0;0;0;0;0;0;0;2;2;0;0;0
"29/05/2011";"20:26:00";"74";"sem vítima";"19";"BR-153/SP";"Norte";"Colisão Lateral";2;0;0;0;0;0;0;0;0;0;5;0;0;0;0
"30/05/2011";"07:04:00";"15";"com vítima";"335";"BR-153/SP";"Sul";"Colisão Traseira";2;0;0;0;0;0;0;0;0;0;0;3;0;0;0
"30/05/2011";"07:33:00";"20";"sem vítima";"70";"BR-153/SP";"Norte";"Colisão Traseira";3;0;0;0;0;0;0;0;0;0;6;0;0;0;0
"30/05/2011";"14:01:00";"60";"com vítima";"37";"BR-153/SP";"Norte";"Colisão com Objeto Fixo";0;0;1;0;0;0;0;0;0;0;0;1;0;0;0
"31/05/2011";"18:42:00";"73";"sem vítima";"62,5999";"BR-153/SP";"Sul";"Colisão Traseira";1;0;0;0;0;0;0;0;0;1;2;0;0;0;0
"01/06/2011";"02:50:00";"93";"sem vítima";"58,7999";"BR-153/SP";"Norte";"Colisão Traseira";2;0;0;0;0;0;0;0;0;0;2;0;0;0;0
"01/06/2011";"11:47:00";"46";"com vítima";"106,5";"BR-153/SP";"Norte";"Colisão Transversal";0;0;0;2;0;0;0;0;0;0;0;3;0;0;0
"01/06/2011";"17:13:00";"68";"com vítima";"63,9000";"BR-153/SP";"Norte";"Choque contra objeto na faixa de rolamento";0;1;0;1;0;0;0;0;0;0;1;1;0;0;0
"01/06/2011";"19:03:00";"73";"com vítima";"174,399";"BR-153/SP";"Norte";"Queda de Moto";0;0;0;1;0;0;0;0;0;0;0;1;0;0;0
"02/06/2011";"07:05:00";"11";"com vítima";"55,7999";"BR-153/SP";"Norte";"Colisão Transversal";1;1;0;0;0;0;0;0;0;0;4;1;0;0;0
"02/06/2011";"07:54:00";"17";"com vítima";"74,8000";"BR-153/SP";"Norte";"Colisão Transversal";1;0;0;1;0;0;0;0;0;0;1;1;0;0;0
"03/06/2011";"06:54:00";"13";"sem vítima";"62,5";"BR-153/SP";"Sul";"Colisão Traseira";1;0;0;0;0;0;0;0;0;1;2;0;0;0;0
"03/06/2011";"07:53:00";"18";"sem vítima";"62,5";"BR-153/SP";"Sul";"Colisão Traseira";2;0;0;0;0;0;0;0;0;0;2;0;0;0;0
"03/06/2011";"08:11:00";"20";"com vítima";"62,2000";"BR-153/SP";"Sul";"Engavetamento";2;0;0;1;0;0;0;0;0;1;3;1;0;0;0
"03/06/2011";"17:46:00";"69";"com vítima";"27,7999";"BR-153/SP";"Norte";"Colisão Transversal";0;0;0;1;0;0;0;0;0;1;2;0;0;0;1
"03/06/2011";"18:34:00";"73";"com vítima";"155,5";"BR-153/SP";"Sul";"Colisão Transversal";1;0;0;0;0;0;0;0;0;1;0;2;1;1;0
"03/06/2011";"20:20:00";"83";"sem vítima";"58,7000";"BR-153/SP";"Norte";"Colisão Transversal";0;0;0;0;0;0;0;0;0;2;2;0;0;0;0
"04/06/2011";"04:35:00";"13";"sem vítima";"147";"BR-153/SP";"Norte";"Colisão Transversal";1;0;1;0;0;0;0;0;0;0;2;0;0;0;0
"04/06/2011";"10:17:00";"28";"com vítima";"25";"BR-153/SP";"Norte";"Colisão Transversal";0;0;0;1;0;0;0;0;0;1;1;0;1;0;0
"04/06/2011";"19:24:00";"60";"sem vítima";"261,799";"BR-153/SP";"Norte";"Colisão Lateral";1;0;1;0;0;0;0;0;0;0;3;0;0;0;0
"04/06/2011";"21:58:00";"72";"com vítima";"58";"BR-153/SP";"Norte";"Queda de Moto";0;0;0;1;0;0;0;0;0;0;0;1;0;0;0
"05/06/2011";"03:08:00";"15";"sem vítima";"257";"BR-153/SP";"Sul";"Colisão Traseira";2;0;0;0;0;0;0;0;0;0;2;0;0;0;0
"05/06/2011";"16:14:00";"73";"sem vítima";"34,9000";"BR-153/SP";"Sul";"Colisão Traseira";2;0;0;0;0;0;0;0;0;0;3;0;0;0;0
"05/06/2011";"16:48:00";"75";"com vítima";"187";"BR-153/SP";"Norte";"Capotamento";1;0;0;0;0;0;0;0;0;0;0;1;0;0;0
"05/06/2011";"18:39:00";"84";"sem vítima";"183,800";"BR-153/SP";"Sul";"Colisão Lateral";0;0;1;0;0;0;0;0;0;1;2;0;0;0;0
"06/06/2011";"20:35:00";"76";"com vítima";"58,7999";"BR-153/SP";"Sul";"Queda de Moto";1;0;0;1;0;0;0;0;0;0;1;2;0;0;0
"07/06/2011";"09:24:00";"24";"com vítima";"55";"BR-153/SP";"Norte";"Colisão Traseira";1;0;1;0;0;0;0;0;0;0;1;1;0;0;0
"07/06/2011";"14:04:00";"54";"com vítima";"53,7999";"BR-153/SP";"Norte";"Colisão Transversal";0;0;1;1;0;0;0;0;0;0;1;0;0;0;1
"07/06/2011";"16:53:00";"65";"com vítima";"208,850";"BR-153/SP";"Norte";"Queda de Moto";0;0;0;1;0;0;0;0;0;0;0;1;0;0;0
"07/06/2011";"18:39:00";"73";"sem vítima";"110";"BR-153/SP";"Norte";"Atropelamento de Animal";0;0;0;0;1;0;0;0;0;0;1;0;0;0;0
"07/06/2011";"20:26:00";"81";"sem vítima";"69";"BR-153/SP";"Sul";"Colisão Traseira";1;0;0;0;0;1;0;0;0;0;3;0;0;0;0
"08/06/2011";"06:33:00";"12";"com vítima";"261,600";"BR-153/SP";"Norte";"Capotamento";0;0;0;0;0;0;0;0;0;1;0;1;0;0;0
"08/06/2011";"15:14:00";"56";"sem vítima";"46,5";"BR-153/SP";"Norte";"Colisão Traseira";2;0;0;0;0;0;0;0;0;0;2;0;0;0;0
"08/06/2011";"20:04:00";"69";"sem vítima";"261";"BR-153/SP";"Norte";"Colisão Traseira";2;0;1;0;0;1;0;0;0;0;7;0;0;0;0
"08/06/2011";"23:48:00";"82";"sem vítima";"35,5";"BR-153/SP";"Sul";"Capotamento";1;0;0;0;0;0;0;0;0;0;1;0;0;0;0
"09/06/2011";"04:38:00";"12";"sem vítima";"319";"BR-153/SP";"Sul";"Saída de Pista";1;0;0;0;0;0;0;0;0;0;1;0;0;0;0
"09/06/2011";"12:59:00";"48";"sem vítima";"48";"BR-153/SP";"Norte";"Tombamento";0;0;1;0;0;0;0;0;0;0;2;0;0;0;0
"09/06/2011";"15:17:00";"67";"com vítima";"230";"BR-153/SP";"Norte";"Saída de Pista";1;0;0;0;0;0;0;0;0;0;1;1;1;0;0
"09/06/2011";"17:57:00";"76";"sem vítima";"75";"BR-153/SP";"Sul";"Colisão Traseira";1;0;1;0;0;0;0;0;0;0;2;0;0;0;0