data;horario;n_da_ocorrencia;tipo_de_ocorrencia;km;trecho;sentido;tipo_de_acidente;automovel;bicicleta;caminhao;moto;onibus;outros;tracao_animal;transporte_de_cargas_especiais;trator_maquinas;utilitarios;ilesos;levemente_feridos;moderadamente_feridos;gravemente_feridos;mortos
"03/10/2011";"14:10:00";"57";"sem vítima";"98";"BR-153/SP";"Sul";"Colisão Traseira";0;0;0;0;0;0;0;0;0;2;5;0;0;0;0
"03/10/2011";"17:42:00";"78";"com vítima";"256,7";"BR-153/SP";"Sul";"Colisão Lateral";0;0;0;1;0;0;0;0;0;1;1;1;0;0;0
"03/10/2011";"19:41:00";"89";"com vítima";"106,5";"BR-153/SP";"Sul";"Colisão Lateral";0;0;0;1;0;0;0;0;0;1;2;1;0;0;0
"04/10/2011";"06:34:00";"12";"sem vítima";"54";"BR-153/SP";"Sul";"Colisão Transversal";1;0;0;1;0;0;0;0;0;0;3;0;0;0;0
"04/10/2011";"10:24:00";"33";"sem vítima";"70";"BR-153/SP";"Sul";"Colisão Lateral";1;0;1;0;0;0;0;0;0;0;4;0;0;0;0
"04/10/2011";"12:45:00";"56";"sem vítima";"178";"BR-153/SP";"Norte";"Colisão Traseira";0;0;2;0;0;0;0;0;0;0;2;0;0;0;0
"04/10/2011";"14:16:00";"65";"com vítima";"174";"BR-153/SP";"Norte";"Colisão Lateral";2;0;0;0;0;0;0;0;0;0;2;1;0;0;0
"04/10/2011";"18:13:00";"76";"sem vítima";"35,8";"BR-153/SP";"Sul";"Colisão Traseira";0;0;0;0;2;0;0;0;0;0;2;0;0;0;0
"04/10/2011";"18:34:00";"79";"com vítima";"72";"BR-153/SP";"Norte";"Queda de Moto";0;0;0;1;0;0;0;0;0;0;0;1;0;0;0
"05/10/2011";"11:29:00";"46";"sem vítima";"339";"BR-153/SP";"Norte";"Tombamento";0;0;1;0;0;0;0;0;0;0;1;0;0;0;0
"06/10/2011";"04:08:00";"9";"com vítima";"1,5";"BR-153/SP";"Norte";"Atropelamento  de Pedestre";0;0;1;0;0;0;0;0;0;0;1;0;1;0;0
"06/10/2011";"06:20:00";"11";"com vítima";"74,9";"BR-153/SP";"Norte";"Choque contra objeto na faixa de rolamento";0;0;1;1;0;0;0;0;0;0;1;0;0;0;1
"06/10/2011";"06:39:00";"13";"com vítima";"58,4";"BR-153/SP";"Norte";"Colisão Lateral";0;0;0;1;1;1;0;0;0;0;1;1;1;0;1
"06/10/2011";"07:12:00";"15";"com vítima";"64,5";"BR-153/SP";"Sul";"Atropelamento  de Pedestre";0;0;0;0;0;0;0;0;0;1;1;0;0;0;1
"06/10/2011";"07:56:00";"19";"com vítima";"71,05";"BR-153/SP";"Norte";"Colisão Transversal";1;0;1;0;0;0;0;0;0;0;1;1;0;0;0
"06/10/2011";"08:15:00";"23";"sem vítima";"72,5";"BR-153/SP";"Norte";"Colisão Traseira";2;0;0;0;0;0;0;0;0;0;2;0;0;0;0
"07/10/2011";"18:27:00";"74";"sem vítima";"255,95";"BR-153/SP";"Norte";"Colisão Traseira";0;0;2;0;0;0;0;0;0;0;2;0;0;0;0
"07/10/2011";"19:08:00";"77";"com vítima";"62,6";"BR-153/SP";"Sul";"Colisão Traseira";2;0;0;1;0;0;0;0;0;1;1;2;1;0;0
"07/10/2011";"19:17:00";"78";"com vítima";"61,9";"BR-153/SP";"Sul";"Colisão Traseira";2;0;0;0;0;0;0;0;0;1;4;2;0;0;0
"07/10/2011";"20:02:00";"83";"com vítima";"55,8";"BR-153/SP";"Sul";"Colisão Traseira";0;0;0;1;1;0;0;0;0;0;1;0;1;0;0
"08/10/2011";"06:30:00";"7";"com vítima";"161";"BR-153/SP";"Norte";"Capotamento";1;0;1;0;0;0;0;0;0;0;2;3;0;0;0
"08/10/2011";"09:27:00";"20";"sem vítima";"74";"BR-153/SP";"Norte";"Colisão Lateral";1;0;0;0;1;0;0;0;0;0;4;0;0;0;0
"08/10/2011";"19:48:00";"101";"sem vítima";"58,7";"BR-153/SP";"Sul";"Colisão Transversal";2;0;0;0;0;0;0;0;0;0;3;0;0;0;0
"08/10/2011";"20:19:00";"103";"sem vítima";"58,7";"BR-153/SP";"Sul";"Colisão Transversal";2;0;0;0;0;0;0;0;0;0;2;0;0;0;0
"08/10/2011";"23:37:00";"122";"sem vítima";"66";"BR-153/SP";"Norte";"Capotamento";1;0;0;0;0;0;0;0;0;0;1;0;0;0;0
"09/10/2011";"06:14:00";"14";"com vítima";"113";"BR-153/SP";"Sul";"Colisão Lateral";1;0;0;0;0;1;0;0;0;0;1;1;0;0;0
"09/10/2011";"08:31:00";"27";"com vítima";"65";"BR-153/SP";"Norte";"Colisão Frontal";1;0;1;0;0;0;0;0;0;0;1;0;0;0;1
"09/10/2011";"09:36:00";"30";"sem vítima";"257";"BR-153/SP";"Norte";"Colisão Frontal";1;0;1;0;0;0;0;0;0;0;2;0;0;0;0
"09/10/2011";"11:38:00";"38";"com vítima";"59";"BR-153/SP";"Norte";"Atropelamento de Animal";0;0;0;1;0;0;0;0;0;0;0;1;0;0;0
"10/10/2011";"10:08:00";"33";"sem vítima";"99";"BR-153/SP";"Norte";"Colisão Traseira";1;0;1;0;0;0;0;0;0;0;2;0;0;0;0
"10/10/2011";"19:46:00";"92";"sem vítima";"51,7";"BR-153/SP";"Sul";"Atropelamento de Animal";0;0;1;0;0;0;0;0;0;0;2;0;0;0;0
"10/10/2011";"20:33:00";"99";"sem vítima";"27,7";"BR-153/SP";"Norte";"Atropelamento de Animal";0;0;1;0;0;0;0;0;0;0;1;0;0;0;0
"11/10/2011";"05:34:00";"13";"sem vítima";"75,5";"BR-153/SP";"Norte";"Tombamento";0;0;1;0;0;0;0;0;0;0;1;0;0;0;0
"11/10/2011";"17:07:00";"74";"sem vítima";"62";"BR-153/SP";"Sul";"Colisão Traseira";3;0;0;0;0;0;0;0;0;0;8;0;0;0;0
"11/10/2011";"17:36:00";"78";"com vítima";"52";"BR-153/SP";"Norte";"Colisão Transversal";2;0;0;0;0;0;0;0;0;0;1;4;0;0;0
"11/10/2011";"19:21:00";"90";"sem vítima";"185";"BR-153/SP";"Norte";"Colisão Traseira";1;0;0;0;0;0;0;0;0;1;4;0;0;0;0
"12/10/2011";"08:52:00";"19";"com vítima";"80";"BR-153/SP";"Norte";"Capotamento";1;0;0;0;0;0;0;0;0;0;0;1;0;0;0
"12/10/2011";"19:10:00";"68";"sem vítima";"172";"BR-153/SP";"Norte";"Saída de Pista";1;0;0;0;0;0;0;0;0;0;1;0;0;0;0
"12/10/2011";"21:05:00";"76";"com vítima";"142";"BR-153/SP";"Norte";"Saída de Pista";1;0;0;0;0;0;0;0;0;0;0;1;0;0;0
"13/10/2011";"02:35:00";"6";"com vítima";"64,2";"BR-153/SP";"Sul";"Outros";0;1;0;0;0;0;0;0;0;0;0;1;0;0;0
"13/10/2011";"07:55:00";"25";"sem vítima";"49,3";"BR-153/SP";"Sul";"Colisão Traseira";0;0;2;0;0;0;0;0;0;0;2;0;0;0;0
"13/10/2011";"17:18:00";"86";"com vítima";"108";"BR-153/SP";"Norte";"Colisão Transversal";0;0;0;1;0;0;0;0;0;1;1;1;0;0;0
"14/10/2011";"18:17:00";"73";"com vítima";"61,8";"BR-153/SP";"Sul";"Colisão Traseira";1;0;0;1;0;0;0;0;0;0;1;1;0;0;0
"14/10/2011";"18:22:00";"74";"sem vítima";"64,5";"BR-153/SP";"Norte";"Colisão Lateral";1;0;1;0;0;0;0;0;0;0;3;0;0;0;0
"14/10/2011";"18:54:00";"78";"sem vítima";"74";"BR-153/SP";"Norte";"Colisão Lateral";1;0;1;0;0;0;0;0;0;0;3;0;0;0;0
"15/10/2011";"02:37:00";"11";"sem vítima";"61,5";"BR-153/SP";"Norte";"Colisão com Objeto Fixo";1;0;0;0;0;0;0;0;0;0;1;0;0;0;0
"15/10/2011";"05:41:00";"21";"sem vítima";"83";"BR-153/SP";"Norte";"Tombamento";0;0;1;0;0;0;0;0;0;0;1;0;0;0;0
"15/10/2011";"15:14:00";"58";"com vítima";"151";"BR-153/SP";"Norte";"Tombamento";0;0;1;0;0;0;0;0;0;0;2;1;0;0;0
"15/10/2011";"18:15:00";"70";"com vítima";"64";"BR-153/SP";"Norte";"Queda de Moto";0;0;0;1;0;0;0;0;0;0;0;1;0;0;0
"16/10/2011";"03:15:00";"4";"sem vítima";"142";"BR-153/SP";"Norte";"Capotamento";1;0;0;0;0;0;0;0;0;0;1;0;0;0;0
"16/10/2011";"21:25:00";"85";"sem vítima";"284,8";"BR-153/SP";"Sul";"Saída de Pista";1;0;0;0;0;0;0;0;0;0;1;0;0;0;0
"17/10/2011";"13:05:00";"50";"sem vítima";"61,7";"BR-153/SP";"Norte";"Colisão Traseira";1;0;0;0;0;0;0;0;0;1;2;0;0;0;0
"17/10/2011";"14:07:00";"54";"com vítima";"198";"BR-153/SP";"Sul";"Colisão Frontal";2;0;0;0;0;0;0;0;0;0;0;2;0;0;0
"17/10/2011";"22:21:00";"92";"com vítima";"328,95";"BR-153/SP";"Norte";"Atropelamento de Animal";0;0;0;1;0;0;0;0;0;0;0;1;0;0;0
"19/10/2011";"07:22:00";"15";"com vítima";"195";"BR-153/SP";"Norte";"Colisão Transversal";0;0;1;0;0;0;0;0;0;1;1;0;0;1;0
"19/10/2011";"16:30:00";"69";"sem vítima";"58";"BR-153/SP";"Norte";"Colisão Transversal";0;0;1;0;0;0;0;0;0;1;2;0;0;0;0
"20/10/2011";"13:43:00";"54";"com vítima";"58,8";"BR-153/SP";"Norte";"Colisão Transversal";2;0;0;0;0;0;0;0;0;0;3;1;0;0;0
"20/10/2011";"17:18:00";"73";"sem vítima";"83";"BR-153/SP";"Sul";"Colisão Traseira";0;0;3;0;0;0;0;0;0;0;3;0;0;0;0
"20/10/2011";"23:48:00";"99";"sem vítima";"274,3";"BR-153/SP";"Norte";"Tombamento";0;0;1;0;0;0;0;0;0;0;1;0;0;0;0
"21/10/2011";"22:19:00";"104";"com vítima";"41,5";"BR-153/SP";"Sul";"Queda de Moto";0;0;0;1;0;0;0;0;0;0;0;1;0;0;0
"21/10/2011";"22:24:00";"105";"sem vítima";"14,2";"BR-153/SP";"Norte";"Saída de Pista";0;0;0;0;1;0;0;0;0;0;29;0;0;0;0
"22/10/2011";"01:37:00";"4";"com vítima";"61,7";"BR-153/SP";"Sul";"Saída de Pista";1;0;0;0;0;0;0;0;0;0;0;0;1;0;0
"22/10/2011";"05:47:00";"15";"com vítima";"70";"BR-153/SP";"Sul";"Saída de Pista";1;0;0;0;0;0;0;0;0;0;0;0;0;1;0
"22/10/2011";"12:12:00";"37";"com vítima";"51,3";"BR-153/SP";"Norte";"Saída de Pista";1;0;0;0;0;0;0;0;0;0;0;0;3;0;0
"22/10/2011";"23:36:00";"83";"com vítima";"347";"BR-153/SP";"Norte";"Queda de Moto";0;0;0;1;0;0;0;0;0;0;0;1;0;0;0
"24/10/2011";"06:03:00";"6";"com vítima";"82";"BR-153/SP";"Norte";"Colisão Transversal";1;0;0;0;1;0;0;0;0;0;1;1;0;0;0
"25/10/2011";"09:07:00";"37";"sem vítima";"291";"BR-153/SP";"Norte";"Capotamento";0;0;1;0;0;0;0;0;0;0;1;0;0;0;0
"26/10/2011";"09:41:00";"36";"com vítima";"34";"BR-153/SP";"Norte";"Atropelamento  de Pedestre";0;0;0;0;0;0;0;0;0;1;1;1;0;0;0
"26/10/2011";"18:10:00";"90";"com vítima";"67";"BR-153/SP";"Norte";"Colisão Traseira";2;0;0;0;0;0;0;0;0;0;3;1;0;0;0
"27/10/2011";"11:50:00";"42";"com vítima";"256";"BR-153/SP";"Norte";"Colisão Transversal";0;0;0;2;0;0;0;0;0;0;1;1;0;0;0
"27/10/2011";"21:35:00";"95";"com vítima";"335,6";"BR-153/SP";"Sul";"Capotamento";1;0;0;0;0;0;0;0;0;0;0;1;0;0;0
"27/10/2011";"23:17:00";"102";"com vítima";"174,4";"BR-153/SP";"Norte";"Colisão Transversal";0;0;1;1;0;0;0;0;0;0;1;0;1;0;0
"28/10/2011";"17:22:00";"80";"sem vítima";"60";"BR-153/SP";"Norte";"Colisão Traseira";2;0;0;0;0;0;0;0;0;0;4;0;0;0;0
"28/10/2011";"20:22:00";"101";"sem vítima";"64,1";"BR-153/SP";"Norte";"Colisão Traseira";1;0;2;0;0;0;0;0;0;1;4;0;0;0;0
"28/10/2011";"23:29:00";"117";"com vítima";"63,9";"BR-153/SP";"Norte";"Capotamento";1;0;0;0;0;0;0;0;0;0;0;1;0;0;0
"28/10/2011";"23:46:00";"121";"com vítima";"96,1";"BR-153/SP";"Norte";"Colisão Traseira";1;0;1;0;0;0;0;0;0;0;2;1;0;0;0
"28/10/2011";"23:49:00";"122";"com vítima";"29";"BR-153/SP";"Norte";"Atropelamento  de Pedestre";1;0;0;0;0;0;0;0;0;0;5;0;0;0;1
"29/10/2011";"00:20:00";"3";"sem vítima";"194,6";"BR-153/SP";"Norte";"Saída de Pista";1;0;0;0;0;0;0;0;0;0;2;0;0;0;0
"29/10/2011";"02:41:00";"10";"com vítima";"260,7";"BR-153/SP";"Sul";"Atropelamento de Ciclista";0;1;0;0;0;1;0;0;0;0;1;0;0;1;0
"30/10/2011";"00:23:00";"6";"com vítima";"44";"BR-153/SP";"Sul";"Colisão Traseira";0;0;0;1;0;0;0;0;0;0;0;1;0;0;0
"30/10/2011";"04:14:00";"12";"com vítima";"311";"BR-153/SP";"Norte";"Atropelamento  de Pedestre";0;0;0;0;0;0;0;0;0;0;0;0;1;0;0
"30/10/2011";"17:33:00";"65";"sem vítima";"13";"BR-153/SP";"Sul";"Colisão Traseira";2;0;0;0;0;0;0;0;0;0;7;0;0;0;0
"30/10/2011";"17:33:00";"60";"com vítima";"13";"BR-153/SP";"Sul";"Queda de Moto";0;0;0;1;0;0;0;0;0;0;0;1;0;0;0
"30/10/2011";"21:48:00";"84";"com vítima";"17,8";"BR-153/SP";"Sul";"Colisão Frontal";1;0;1;0;0;0;0;0;0;0;1;0;0;0;1
"30/10/2011";"23:32:00";"90";"com vítima";"106,5";"BR-153/SP";"Norte";"Colisão Transversal";0;0;0;1;0;0;0;0;0;1;1;1;0;0;0
"01/11/2011";"14:43:00";"61";"sem vítima";"68";"BR-153/SP";"Norte";"Colisão Traseira";0;0;2;0;0;0;0;0;0;0;2;0;0;0;0
"01/11/2011";"20:29:00";"79";"com vítima";"182";"BR-153/SP";"Norte";"Colisão Transversal";0;0;2;0;0;0;0;0;0;0;0;2;0;0;0
"01/11/2011";"21:15:00";"84";"com vítima";"174,4";"BR-153/SP";"Norte";"Colisão Transversal";2;0;0;0;0;0;0;0;0;0;2;2;0;0;0
"01/11/2011";"23:20:00";"92";"sem vítima";"256";"BR-153/SP";"Norte";"Queda de Moto";0;0;0;1;0;0;0;0;0;0;1;0;0;0;0
"02/11/2011";"05:45:00";"13";"sem vítima";"61,5";"BR-153/SP";"Norte";"Atropelamento de Animal";1;0;0;0;0;0;0;0;0;1;2;0;0;0;0
"02/11/2011";"17:23:00";"54";"sem vítima";"74";"BR-153/SP";"Sul";"Colisão Traseira";1;0;1;0;0;0;0;0;0;0;3;0;0;0;0
"02/11/2011";"18:49:00";"58";"com vítima";"178,2";"BR-153/SP";"Norte";"Queda de Moto";0;0;0;1;0;0;0;0;0;0;0;1;0;0;0
"02/11/2011";"21:46:00";"72";"com vítima";"176,4";"BR-153/SP";"Sul";"Colisão Frontal";2;0;0;0;0;0;0;0;0;0;0;2;4;3;0
"03/11/2011";"10:28:00";"58";"sem vítima";"274";"BR-153/SP";"Sul";"Colisão Lateral";1;0;1;0;0;0;0;0;0;0;2;0;0;0;0
"03/11/2011";"11:20:00";"62";"com vítima";"33,5";"BR-153/SP";"Norte";"Colisão Traseira";3;0;0;0;0;0;0;0;0;0;7;1;0;0;0
"04/11/2011";"08:30:00";"27";"com vítima";"183,8";"BR-153/SP";"Norte";"Colisão na Praça - Cancela";0;0;1;0;0;0;0;0;0;0;1;1;0;0;0
"04/11/2011";"14:25:00";"70";"com vítima";"106";"BR-153/SP";"Norte";"Capotamento";1;0;0;0;0;0;0;0;0;0;0;1;0;0;0
"04/11/2011";"20:57:00";"95";"sem vítima";"62,6";"BR-153/SP";"Norte";"Saída de Pista";0;0;0;0;0;0;0;0;0;1;1;0;0;0;0
"04/11/2011";"21:05:00";"96";"sem vítima";"104,7";"BR-153/SP";"Sul";"Saída de Pista";0;0;0;0;0;0;0;0;0;2;2;0;0;0;0
"04/11/2011";"21:19:00";"98";"sem vítima";"63,7";"BR-153/SP";"Norte";"Colisão Traseira";0;0;2;0;0;0;0;0;0;0;3;0;0;0;0
"05/11/2011";"10:08:00";"35";"sem vítima";"34,5";"BR-153/SP";"Norte";"Colisão Lateral";0;0;1;0;0;0;0;0;0;0;1;0;0;0;0
"06/11/2011";"15:15:00";"56";"sem vítima";"109";"BR-153/SP";"Norte";"Atropelamento de Animal";1;0;0;0;0;0;0;0;0;0;1;0;0;0;0
"06/11/2011";"19:12:00";"71";"com vítima";"35,8";"BR-153/SP";"Sul";"Incidente";1;0;0;0;0;0;0;0;0;0;1;0;1;0;0
"07/11/2011";"09:04:00";"29";"sem vítima";"73,5";"BR-153/SP";"Sul";"Saída de Pista";1;0;0;0;0;0;0;0;0;0;1;0;0;0;0
"07/11/2011";"11:49:00";"48";"sem vítima";"35,8";"BR-153/SP";"Norte";"Outros";0;0;1;0;0;0;0;0;0;0;1;0;0;0;0
"08/11/2011";"13:56:00";"54";"sem vítima";"70";"BR-153/SP";"Norte";"Colisão Lateral";1;0;0;0;0;1;0;0;0;0;2;0;0;0;0
"08/11/2011";"17:05:00";"68";"sem vítima";"280";"BR-153/SP";"Norte";"Colisão Transversal";1;0;1;0;0;0;0;0;0;0;3;0;0;0;0
"08/11/2011";"17:29:00";"70";"sem vítima";"58";"BR-153/SP";"Norte";"Colisão Transversal";2;0;0;0;0;0;0;0;0;0;2;0;0;0;0
"09/11/2011";"08:57:00";"22";"com vítima";"63";"BR-153/SP";"Norte";"Colisão Traseira";1;0;0;1;0;0;0;0;0;0;2;1;0;0;0
"09/11/2011";"13:47:00";"53";"sem vítima";"58,009";"BR-153/SP";"Sul";"Colisão Transversal";1;0;0;1;0;0;0;0;0;0;2;0;0;0;0
"09/11/2011";"16:15:00";"65";"sem vítima";"63,5";"BR-153/SP";"Norte";"Colisão Lateral";0;0;1;0;0;0;0;0;0;1;2;0;0;0;0
"09/11/2011";"16:58:00";"69";"sem vítima";"64";"BR-153/SP";"Norte";"Colisão Lateral";1;0;1;0;0;0;0;0;0;0;2;0;0;0;0
"10/11/2011";"09:20:00";"31";"sem vítima";"274";"BR-153/SP";"Sul";"Engavetamento";3;0;0;0;0;0;0;0;0;0;3;0;0;0;0
"10/11/2011";"12:07:00";"49";"sem vítima";"64";"BR-153/SP";"Norte";"Colisão Lateral";1;0;1;0;0;0;0;0;0;0;2;0;0;0;0
"10/11/2011";"22:21:00";"89";"sem vítima";"46";"BR-153/SP";"Norte";"Saída de Pista";1;0;0;0;0;0;0;0;0;0;1;0;0;0;0
"11/11/2011";"13:26:00";"58";"sem vítima";"63";"BR-153/SP";"Sul";"Colisão Traseira";2;0;0;0;0;0;0;0;0;0;2;0;0;0;0
"11/11/2011";"13:41:00";"61";"sem vítima";"63";"BR-153/SP";"Sul";"Colisão Transversal";1;0;0;0;0;0;0;0;0;1;2;0;0;0;0
"11/11/2011";"17:24:00";"86";"sem vítima";"36";"BR-153/SP";"Norte";"Queda de Moto";0;0;0;1;0;0;0;0;0;0;1;0;0;0;0
"11/11/2011";"18:53:00";"91";"sem vítima";"85";"BR-153/SP";"Sul";"Colisão Lateral";1;0;1;0;0;0;0;0;0;0;2;0;0;0;0
"11/11/2011";"18:59:00";"92";"com vítima";"93,5";"BR-153/SP";"Sul";"Saída de Pista";0;0;0;1;0;0;0;0;0;0;0;1;0;0;0
"11/11/2011";"21:15:00";"102";"com vítima";"107";"BR-153/SP";"Norte";"Colisão com Objeto Fixo";0;0;0;1;0;0;0;0;0;0;0;1;0;0;0
"12/11/2011";"07:03:00";"10";"sem vítima";"213";"BR-153/SP";"Sul";"Colisão Lateral";0;0;2;0;0;0;0;0;0;0;2;0;0;0;0
"13/11/2011";"02:42:00";"8";"com vítima";"296";"BR-153/SP";"Norte";"Colisão Transversal";0;0;1;0;0;0;0;0;0;1;1;1;0;0;1
"13/11/2011";"08:09:00";"24";"com vítima";"217,5";"BR-153/SP";"Norte";"Colisão Lateral";1;0;1;0;0;0;0;0;0;0;4;2;0;0;0
"13/11/2011";"13:58:00";"52";"sem vítima";"13";"BR-153/SP";"Norte";"Saída de Pista";1;0;0;0;0;0;0;0;0;0;1;0;0;0;0
"13/11/2011";"19:37:00";"78";"com vítima";"71,5";"BR-153/SP";"Norte";"Atropelamento de Ciclista";0;1;1;0;0;0;0;0;0;0;1;1;0;0;0
"14/11/2011";"02:40:00";"6";"sem vítima";"256";"BR-153/SP";"Norte";"Colisão Transversal";1;0;0;0;0;0;0;0;0;1;2;0;0;0;0
"14/11/2011";"07:40:00";"19";"com vítima";"19,9";"BR-153/SP";"Norte";"Colisão Transversal";1;0;0;0;0;0;0;0;0;1;0;1;1;1;0
"14/11/2011";"11:48:00";"38";"sem vítima";"72,8";"BR-153/SP";"Norte";"Colisão Lateral";1;0;1;0;0;0;0;0;0;0;2;0;0;0;0
"14/11/2011";"12:19:00";"42";"com vítima";"73,5";"BR-153/SP";"Norte";"Colisão Traseira";2;0;0;0;0;0;0;0;0;0;2;1;0;0;0
"14/11/2011";"21:00:00";"80";"sem vítima";"66,7";"BR-153/SP";"Norte";"Colisão Lateral";1;0;1;0;0;0;0;0;0;0;2;0;0;0;0
"15/11/2011";"00:52:00";"3";"sem vítima";"63";"BR-153/SP";"Norte";"Saída de Pista";1;0;0;0;0;0;0;0;0;0;1;0;0;0;0
"15/11/2011";"07:28:00";"15";"sem vítima";"75,5";"BR-153/SP";"Sul";"Saída de Pista";1;0;0;0;0;0;0;0;0;0;1;0;0;0;0
"15/11/2011";"07:32:00";"18";"sem vítima";"66";"BR-153/SP";"Norte";"Saída de Pista";0;0;0;0;0;0;0;0;0;1;1;0;0;0;0
"15/11/2011";"08:03:00";"23";"sem vítima";"141";"BR-153/SP";"Norte";"Saída de Pista";1;0;0;0;0;0;0;0;0;0;2;0;0;0;0
"15/11/2011";"14:12:00";"59";"sem vítima";"108";"BR-153/SP";"Norte";"Colisão Transversal";2;0;0;0;0;0;0;0;0;0;5;0;0;0;0
"15/11/2011";"21:04:00";"92";"com vítima";"109";"BR-153/SP";"Norte";"Saída de Pista";1;0;0;0;0;0;0;0;0;0;0;1;0;0;0
"16/11/2011";"06:52:00";"9";"com vítima";"221,49";"BR-153/SP";"Sul";"Capotamento";1;0;0;0;0;0;0;0;0;0;0;1;0;0;0
"17/11/2011";"16:17:00";"65";"sem vítima";"76";"BR-153/SP";"Sul";"Colisão Lateral";1;0;1;0;0;0;0;0;0;0;2;0;0;0;0
"18/11/2011";"16:57:00";"82";"com vítima";"59";"BR-153/SP";"Norte";"Colisão Lateral";1;0;0;1;0;0;0;0;0;0;1;0;0;1;0
"19/11/2011";"09:38:00";"29";"com vítima";"60,2";"BR-153/SP";"Norte";"Colisão Traseira";1;0;0;1;0;0;0;0;0;0;4;1;0;0;0
"19/11/2011";"10:04:00";"33";"sem vítima";"25";"BR-153/SP";"Norte";"Colisão Transversal";1;0;0;0;0;0;0;0;0;1;4;0;0;0;0
"20/11/2011";"21:59:00";"72";"sem vítima";"258";"BR-153/SP";"Sul";"Queda de Moto";0;0;0;1;0;0;0;0;0;0;1;0;0;0;0
"21/11/2011";"17:15:00";"76";"sem vítima";"62";"BR-153/SP";"Sul";"Colisão Traseira";1;0;0;0;0;0;0;0;0;1;2;0;0;0;0
"22/11/2011";"08:02:00";"18";"com vítima";"34,2";"BR-153/SP";"Sul";"Colisão Lateral";1;0;1;0;0;0;0;0;0;0;1;1;0;0;0
"22/11/2011";"13:37:00";"46";"sem vítima";"72";"BR-153/SP";"Norte";"Colisão Traseira";1;0;0;0;0;0;0;0;0;1;3;0;0;0;0
"22/11/2011";"18:47:00";"72";"com vítima";"71";"BR-153/SP";"Sul";"Colisão Transversal";1;0;0;1;0;0;0;0;0;0;2;1;0;0;0
"22/11/2011";"19:40:00";"77";"sem vítima";"156,9";"BR-153/SP";"Sul";"Colisão Lateral";1;0;1;0;0;0;0;0;0;0;4;0;0;0;0
"23/11/2011";"08:36:00";"18";"com vítima";"109";"BR-153/SP";"Norte";"Capotamento";0;0;1;0;0;0;0;0;0;0;0;2;0;0;0
"24/11/2011";"13:49:00";"59";"com vítima";"287";"BR-153/SP";"Norte";"Tombamento";0;0;1;0;0;0;0;0;0;0;0;1;0;0;0
"25/11/2011";"03:52:00";"6";"com vítima";"59";"BR-153/SP";"Norte";"Queda de Moto";0;0;0;1;0;0;0;0;0;0;0;1;0;0;0
"25/11/2011";"04:10:00";"7";"com vítima";"228,5";"BR-153/SP";"Sul";"Colisão Traseira";1;0;1;0;0;0;0;0;0;0;1;1;0;0;0
"25/11/2011";"10:33:00";"34";"sem vítima";"56";"BR-153/SP";"Norte";"Queda de Moto";0;0;0;1;0;0;0;0;0;0;1;0;0;0;0
"25/11/2011";"18:14:00";"77";"sem vítima";"47";"BR-153/SP";"Norte";"Colisão Transversal";2;0;0;0;0;0;0;0;0;0;3;0;0;0;0
"26/11/2011";"13:29:00";"51";"sem vítima";"58";"BR-153/SP";"Norte";"Colisão Transversal";2;0;0;0;0;0;0;0;0;0;2;0;0;0;0
"26/11/2011";"13:42:00";"52";"sem vítima";"274";"BR-153/SP";"Norte";"Colisão Traseira";0;0;0;0;0;1;0;0;0;1;3;0;0;0;0
"26/11/2011";"14:26:00";"54";"sem vítima";"35";"BR-153/SP";"Norte";"Colisão Traseira";1;0;1;0;0;0;0;0;0;0;2;0;0;0;0
"26/11/2011";"15:51:00";"66";"com vítima";"30";"BR-153/SP";"Norte";"Colisão Transversal";1;0;1;0;0;0;0;0;0;0;2;1;0;0;0
"26/11/2011";"22:01:00";"95";"sem vítima";"71,6";"BR-153/SP";"Norte";"Colisão Traseira";2;0;0;0;0;0;0;0;0;0;2;0;0;0;0
"27/11/2011";"21:15:00";"98";"com vítima";"77";"BR-153/SP";"Norte";"Queda de Moto";0;0;0;1;0;0;0;0;0;0;0;0;1;0;0
"28/11/2011";"14:49:00";"47";"sem vítima";"13";"BR-153/SP";"Norte";"Colisão Traseira";0;0;2;0;0;0;0;0;0;0;2;0;0;0;0
"29/11/2011";"06:57:00";"5";"sem vítima";"2,8";"BR-153/SP";"Norte";"Colisão Traseira";0;0;0;0;1;1;0;0;0;0;2;0;0;0;0
"01/12/2011";"00:40:00";"2";"com vítima";"229";"BR-153/SP";"Sul";"Colisão Frontal";0;0;1;1;0;0;0;0;0;0;1;0;0;0;1
"01/12/2011";"02:28:00";"6";"com vítima";"189";"BR-153/SP";"Norte";"Queda de Moto";0;0;0;1;0;0;0;0;0;0;0;1;0;0;0
"01/12/2011";"16:23:00";"68";"sem vítima";"61,7";"BR-153/SP";"Norte";"Colisão Traseira";0;0;2;0;0;0;0;0;0;0;2;0;0;0;0
"01/12/2011";"23:15:00";"99";"sem vítima";"29";"BR-153/SP";"Norte";"Saída de Pista";0;0;1;0;0;0;0;0;0;0;1;0;0;0;0
"02/12/2011";"09:25:00";"22";"com vítima";"56,2";"BR-153/SP";"Sul";"Colisão Traseira";0;0;2;0;0;0;0;0;0;0;1;1;0;0;0
"03/12/2011";"12:54:00";"50";"com vítima";"27,7";"BR-153/SP";"Sul";"Colisão Transversal";1;0;0;0;0;0;0;0;0;1;1;0;0;0;1
"03/12/2011";"15:48:00";"64";"com vítima";"27,8";"BR-153/SP";"Norte";"Colisão Traseira";1;0;1;1;0;0;0;0;0;0;4;0;0;0;1