data;horario;n_da_ocorrencia;tipo_de_ocorrencia;km;trecho;sentido;tipo_de_acidente;automovel;bicicleta;caminhao;moto;onibus;outros;tracao_animal;transporte_de_cargas_especiais;trator_maquinas;utilitarios;ilesos;levemente_feridos;moderadamente_feridos;gravemente_feridos;mortos
"05/12/2011";"06:54:00";"14";"com vítima";"71,8";"BR-153/SP";"Norte";"Saída de Pista";1;0;0;0;0;1;0;0;0;0;1;1;0;0;0
"05/12/2011";"11:04:00";"31";"sem vítima";"70";"BR-153/SP";"Sul";"Colisão Traseira";1;0;0;0;0;0;0;0;0;1;5;0;0;0;0
"05/12/2011";"12:46:00";"43";"sem vítima";"152,5";"BR-153/SP";"Norte";"Saída de Pista";1;0;0;0;0;0;0;0;0;0;1;0;0;0;0
"05/12/2011";"22:32:00";"92";"com vítima";"174,4";"BR-153/SP";"Norte";"Colisão Transversal";0;0;0;1;0;0;0;0;0;1;2;1;0;0;0
"06/12/2011";"09:47:00";"35";"com vítima";"54,5";"BR-153/SP";"Sul";"Atropelamento de Animal";0;0;0;1;0;0;0;0;0;0;0;2;0;0;0
"06/12/2011";"09:56:00";"38";"com vítima";"122,5";"BR-153/SP";"Norte";"Queda de Moto";0;0;0;1;0;0;0;0;0;0;0;1;0;0;0
"06/12/2011";"16:39:00";"79";"sem vítima";"61";"BR-153/SP";"Norte";"Colisão Lateral";1;0;1;0;0;0;0;0;0;0;3;0;0;0;0
"06/12/2011";"18:04:00";"87";"com vítima";"64,5";"BR-153/SP";"Sul";"Colisão Traseira";1;0;0;1;0;0;0;0;0;0;1;1;0;0;0
"07/12/2011";"07:39:00";"13";"sem vítima";"167";"BR-153/SP";"Norte";"Saída de Pista";1;0;0;0;0;0;0;0;0;0;2;0;0;0;0
"08/12/2011";"10:49:00";"46";"sem vítima";"153";"BR-153/SP";"Norte";"Colisão Transversal";2;0;0;0;0;0;0;0;0;0;5;0;0;0;0
"08/12/2011";"20:49:00";"100";"sem vítima";"44";"BR-153/SP";"Sul";"Colisão Traseira";1;0;1;0;0;0;0;0;0;0;3;0;0;0;0
"08/12/2011";"21:26:00";"104";"com vítima";"112";"BR-153/SP";"Norte";"Queda de Moto";0;0;0;1;0;0;0;0;0;0;0;1;0;0;0
"08/12/2011";"22:11:00";"107";"com vítima";"256,4";"BR-153/SP";"Norte";"Colisão Transversal";1;0;0;1;0;0;0;0;0;0;1;1;0;0;0
"09/12/2011";"09:27:00";"32";"com vítima";"51,5";"BR-153/SP";"Sul";"Colisão Traseira";0;0;0;0;1;1;0;0;0;1;2;1;0;0;0
"09/12/2011";"12:25:00";"52";"sem vítima";"182,7";"BR-153/SP";"Sul";"Colisão Transversal";1;0;1;0;0;0;0;0;0;0;2;0;0;0;0
"09/12/2011";"17:01:00";"79";"sem vítima";"80";"BR-153/SP";"Norte";"Saída de Pista";0;0;1;0;0;0;0;0;0;0;1;0;0;0;0
"09/12/2011";"17:19:00";"80";"sem vítima";"35";"BR-153/SP";"Norte";"Colisão Traseira";2;0;0;0;0;0;0;0;0;0;2;0;0;0;0
"10/12/2011";"16:34:00";"59";"sem vítima";"305,5";"BR-153/SP";"Norte";"Colisão Lateral";2;0;1;0;0;0;0;0;0;0;8;0;0;0;0
"10/12/2011";"21:07:00";"74";"com vítima";"71,8";"BR-153/SP";"Sul";"Colisão Transversal";1;0;1;0;0;0;0;0;0;0;1;1;0;0;0
"10/12/2011";"21:12:00";"75";"sem vítima";"72";"BR-153/SP";"Norte";"Engavetamento";2;0;0;0;0;0;0;0;0;1;4;0;0;0;0
"11/12/2011";"16:36:00";"55";"com vítima";"120";"BR-153/SP";"Sul";"Colisão Transversal";0;0;0;1;0;0;0;0;0;1;1;2;0;0;0
"12/12/2011";"00:33:00";"2";"sem vítima";"67";"BR-153/SP";"Sul";"Saída de Pista";0;0;0;0;0;0;0;0;0;1;1;0;0;0;0
"12/12/2011";"08:32:00";"22";"com vítima";"174";"BR-153/SP";"Norte";"Queda de Moto";0;0;0;1;0;0;0;0;0;0;0;1;0;0;0
"12/12/2011";"09:39:00";"31";"sem vítima";"257";"BR-153/SP";"Norte";"Colisão Transversal";2;0;0;0;0;0;0;0;0;0;2;0;0;0;0
"12/12/2011";"14:08:00";"57";"sem vítima";"99,5";"BR-153/SP";"Norte";"Tombamento";0;0;1;0;0;0;0;0;0;0;1;0;0;0;0
"13/12/2011";"09:27:00";"26";"sem vítima";"135";"BR-153/SP";"Sul";"Colisão Traseira";2;0;0;0;0;0;0;0;0;0;2;0;0;0;0
"13/12/2011";"12:54:00";"51";"com vítima";"186";"BR-153/SP";"Sul";"Colisão Traseira";1;0;1;0;0;0;0;0;0;0;1;2;0;0;0
"13/12/2011";"18:13:00";"86";"sem vítima";"98,5";"BR-153/SP";"Sul";"Colisão Lateral";1;0;1;0;0;0;0;0;0;0;2;0;0;0;0
"14/12/2011";"11:56:00";"54";"sem vítima";"338,9";"BR-153/SP";"Norte";"Saída de Pista";0;0;0;0;0;0;0;0;0;1;2;0;0;0;0
"14/12/2011";"13:51:00";"62";"com vítima";"31";"BR-153/SP";"Norte";"Colisão Frontal";0;0;1;0;0;0;0;0;0;1;1;0;1;0;0
"14/12/2011";"18:45:00";"84";"com vítima";"314";"BR-153/SP";"Norte";"Saída de Pista";0;0;0;0;1;0;0;0;0;0;15;2;0;0;0
"15/12/2011";"09:18:00";"25";"sem vítima";"75";"BR-153/SP";"Norte";"Colisão Traseira";0;0;2;0;0;0;0;0;0;0;2;0;0;0;0
"15/12/2011";"16:56:00";"64";"sem vítima";"7";"BR-153/SP";"Sul";"Colisão Traseira";1;0;0;0;0;0;0;0;0;1;6;0;0;0;0
"15/12/2011";"22:42:00";"88";"com vítima";"87,5";"BR-153/SP";"Norte";"Colisão Traseira";1;0;0;1;0;1;0;0;0;0;2;2;0;0;0
"16/12/2011";"09:47:00";"33";"com vítima";"30";"BR-153/SP";"Sul";"Colisão Transversal";1;0;0;1;0;0;0;0;0;1;2;1;0;0;0
"16/12/2011";"09:48:00";"34";"sem vítima";"72";"BR-153/SP";"Norte";"Colisão Traseira";1;0;0;0;0;0;0;0;0;1;2;0;0;0;0
"16/12/2011";"16:14:00";"62";"com vítima";"27,8";"BR-153/SP";"Sul";"Colisão Traseira";0;0;1;0;0;0;0;0;0;2;1;1;0;0;2
"16/12/2011";"16:15:00";"63";"com vítima";"27,5";"BR-153/SP";"Norte";"Colisão Transversal";1;0;0;0;0;0;0;0;0;1;3;2;0;0;0
"17/12/2011";"07:32:00";"20";"sem vítima";"153,8";"BR-153/SP";"Sul";"Atropelamento de Animal";1;0;0;0;0;0;0;0;0;0;3;0;0;0;0
"17/12/2011";"09:19:00";"40";"com vítima";"63,5";"BR-153/SP";"Norte";"Colisão Lateral";1;0;1;0;0;0;0;0;0;0;2;1;0;0;0
"17/12/2011";"10:57:00";"50";"com vítima";"59,05";"BR-153/SP";"Norte";"Colisão Transversal";0;0;1;0;0;0;0;0;0;1;1;2;0;0;0
"17/12/2011";"12:07:00";"57";"com vítima";"184";"BR-153/SP";"Sul";"Colisão Traseira";1;0;1;0;0;0;0;0;0;0;3;1;0;0;0
"17/12/2011";"16:02:00";"75";"sem vítima";"48,6";"BR-153/SP";"Sul";"Colisão Lateral";2;0;0;0;0;0;0;0;0;1;5;0;0;0;0
"17/12/2011";"20:37:00";"95";"com vítima";"107";"BR-153/SP";"Sul";"Colisão Transversal";1;0;0;1;0;0;0;0;0;0;5;1;0;0;0
"18/12/2011";"00:21:00";"2";"sem vítima";"195,1";"BR-153/SP";"Sul";"Saída de Pista";1;0;0;0;0;0;0;0;0;0;5;0;0;0;0
"18/12/2011";"00:40:00";"5";"sem vítima";"72";"BR-153/SP";"Sul";"Colisão Lateral";1;0;0;0;0;1;0;0;0;0;5;0;0;0;0
"18/12/2011";"03:27:00";"13";"com vítima";"75";"BR-153/SP";"Sul";"Queda de Moto";0;0;0;1;0;0;0;0;0;0;0;1;0;0;0
"18/12/2011";"04:49:00";"15";"sem vítima";"95,5";"BR-153/SP";"Norte";"Saída de Pista";1;0;0;0;0;0;0;0;0;0;1;0;0;0;0
"18/12/2011";"06:28:00";"16";"com vítima";"223";"BR-153/SP";"Sul";"Colisão Frontal";1;0;1;0;0;0;0;0;0;0;1;0;0;0;1
"18/12/2011";"12:40:00";"41";"sem vítima";"257";"BR-153/SP";"Sul";"Colisão Transversal";1;0;0;1;0;0;0;0;0;0;3;0;0;0;0
"18/12/2011";"23:56:00";"94";"sem vítima";"61";"BR-153/SP";"Norte";"Capotamento";1;0;0;0;0;0;0;0;0;0;1;0;0;0;0
"20/12/2011";"19:28:00";"87";"sem vítima";"274,1";"BR-153/SP";"Norte";"Colisão Traseira";2;0;0;0;0;0;0;0;0;0;3;0;0;0;0
"21/12/2011";"10:13:00";"47";"sem vítima";"55";"BR-153/SP";"Sul";"Colisão Traseira";2;0;0;0;0;0;0;0;0;0;2;0;0;0;0
"22/12/2011";"07:32:00";"20";"com vítima";"57,1";"BR-153/SP";"Norte";"Colisão Frontal";1;0;1;0;0;0;0;0;0;0;1;0;0;0;1
"22/12/2011";"08:21:00";"24";"sem vítima";"295,2";"BR-153/SP";"Sul";"Saída de Pista";1;0;0;0;0;0;0;0;0;0;1;0;0;0;0
"22/12/2011";"09:59:00";"36";"sem vítima";"72,5";"BR-153/SP";"Norte";"Colisão Traseira";0;0;1;0;0;0;0;0;0;1;2;0;0;0;0
"22/12/2011";"10:56:00";"48";"sem vítima";"64";"BR-153/SP";"Norte";"Outros";0;0;1;0;0;0;0;0;0;0;2;0;0;0;0
"22/12/2011";"12:58:00";"68";"com vítima";"164";"BR-153/SP";"Norte";"Colisão com Objeto Fixo";1;0;0;0;0;0;0;0;0;0;0;2;0;0;0
"22/12/2011";"13:52:00";"73";"com vítima";"61,3";"BR-153/SP";"Norte";"Colisão Traseira";1;0;0;1;0;0;0;0;0;0;1;1;0;0;0
"22/12/2011";"15:16:00";"79";"sem vítima";"35,9";"BR-153/SP";"Sul";"Colisão Traseira";1;0;1;0;0;0;0;0;0;0;3;0;0;0;0
"23/12/2011";"06:34:00";"17";"sem vítima";"17";"BR-153/SP";"Norte";"Colisão Traseira";2;0;0;0;0;0;0;0;0;0;5;0;0;0;0
"24/12/2011";"00:55:00";"7";"com vítima";"116,4";"BR-153/SP";"Sul";"Saída de Pista";1;0;0;0;0;0;0;0;0;0;2;2;0;0;0
"24/12/2011";"06:24:00";"21";"com vítima";"115,5";"BR-153/SP";"Norte";"Saída de Pista";1;0;0;0;0;1;0;0;0;0;1;1;0;0;0
"26/12/2011";"16:42:00";"79";"sem vítima";"203,5";"BR-153/SP";"Norte";"Colisão Traseira";1;0;0;0;0;1;0;0;0;0;2;0;0;0;0
"26/12/2011";"18:11:00";"85";"sem vítima";"256,3";"BR-153/SP";"Norte";"Colisão Traseira";0;0;0;1;0;1;0;0;0;0;3;0;0;0;0
"27/12/2011";"05:22:00";"14";"com vítima";"173,5";"BR-153/SP";"Norte";"Colisão Frontal";0;0;1;0;1;0;0;0;0;0;0;1;1;0;6
"27/12/2011";"11:06:00";"37";"com vítima";"30,9";"BR-153/SP";"Norte";"Colisão Lateral";0;0;0;1;0;0;0;0;0;1;1;1;0;0;0
"27/12/2011";"15:41:00";"54";"sem vítima";"43,6";"BR-153/SP";"Sul";"Saída de Pista";1;0;0;0;0;0;0;0;0;0;1;0;0;0;0
"28/12/2011";"10:07:00";"42";"sem vítima";"58,7";"BR-153/SP";"Sul";"Colisão Traseira";1;0;0;0;0;0;0;0;0;1;2;0;0;0;0
"28/12/2011";"10:15:00";"44";"sem vítima";"58,7";"BR-153/SP";"Sul";"Engavetamento";0;0;1;0;0;0;0;0;0;2;3;0;0;0;0
"28/12/2011";"18:07:00";"97";"com vítima";"271,1";"BR-153/SP";"Norte";"Colisão Lateral";2;0;0;0;0;0;0;0;0;0;5;0;0;1;0
"29/12/2011";"18:10:00";"87";"sem vítima";"174";"BR-153/SP";"Norte";"Colisão Traseira";2;0;0;0;0;0;0;0;0;0;2;0;0;0;0
"29/12/2011";"20:04:00";"96";"com vítima";"37,7";"BR-153/SP";"Norte";"Colisão Transversal";1;0;1;0;0;0;0;0;0;0;2;3;0;0;0
"30/12/2011";"01:59:00";"6";"com vítima";"92";"BR-153/SP";"Norte";"Colisão Traseira";1;0;1;0;0;0;0;0;0;0;3;1;0;0;0
"30/12/2011";"20:55:00";"88";"com vítima";"58";"BR-153/SP";"Norte";"Colisão Transversal";1;0;0;1;0;0;0;0;0;0;1;2;0;0;0
"30/12/2011";"21:40:00";"91";"com vítima";"336";"BR-153/SP";"Sul";"Colisão Traseira";1;0;0;1;0;0;0;0;0;0;0;0;2;0;0
"31/12/2011";"06:30:00";"7";"sem vítima";"230";"BR-153/SP";"Sul";"Capotamento";0;0;0;0;0;0;0;0;0;1;4;0;0;0;0
"31/12/2011";"16:48:00";"46";"sem vítima";"70";"BR-153/SP";"Norte";"Colisão Traseira";2;0;0;0;0;0;0;0;0;0;7;0;0;0;0
"31/12/2011";"19:21:00";"54";"sem vítima";"155";"BR-153/SP";"Norte";"Colisão Traseira";2;0;0;0;0;0;0;0;0;0;5;0;0;0;0
"01/01/2012";"16:24:00";"38";"com vítima";"85";"BR-153/SP";"Norte";"Colisão Transversal";2;0;0;0;0;0;0;0;0;0;1;2;2;0;0
"01/01/2012";"18:11:00";"51";"sem vítima";"77,4";"BR-153/SP";"Sul";"Capotamento";1;0;0;0;0;0;0;0;0;0;3;0;0;0;0
"02/01/2012";"17:00:00";"63";"sem vítima";"56";"BR-153/SP";"Norte";"Colisão Traseira";2;0;0;0;0;0;0;0;0;0;2;0;0;0;0
"03/01/2012";"05:12:00";"15";"sem vítima";"311,7";"BR-153/SP";"Sul";"Atropelamento de Animal";0;0;0;0;0;0;0;0;0;1;1;0;0;0;0
"03/01/2012";"05:34:00";"16";"sem vítima";"311,7";"BR-153/SP";"Sul";"Atropelamento de Animal";0;0;0;0;0;0;0;0;0;1;1;0;0;0;0
"04/01/2012";"07:24:00";"14";"sem vítima";"58,8";"BR-153/SP";"Norte";"Colisão Transversal";1;0;0;0;0;0;0;0;0;1;2;0;0;0;0
"04/01/2012";"14:01:00";"65";"sem vítima";"69,2";"BR-153/SP";"Sul";"Colisão Lateral";1;0;1;0;0;0;0;0;0;0;3;0;0;0;0
"04/01/2012";"14:45:00";"69";"sem vítima";"58,9";"BR-153/SP";"Norte";"Colisão Transversal";2;0;0;0;0;0;0;0;0;0;4;0;0;0;0
"04/01/2012";"16:35:00";"82";"sem vítima";"217,6";"BR-153/SP";"Sul";"Colisão Traseira";1;0;0;0;0;0;0;0;0;1;2;0;0;0;0
"05/01/2012";"08:56:00";"24";"sem vítima";"324";"BR-153/SP";"Norte";"Choque contra objeto na faixa de rolamento";1;0;1;0;0;0;0;0;0;0;2;0;0;0;0
"05/01/2012";"13:40:00";"49";"com vítima";"182";"BR-153/SP";"Norte";"Colisão Transversal";0;0;1;0;1;0;0;0;0;0;0;1;0;0;1
"05/01/2012";"15:12:00";"55";"sem vítima";"63";"BR-153/SP";"Norte";"Colisão Traseira";2;0;0;0;0;0;0;0;0;0;2;0;0;0;0
"07/01/2012";"05:36:00";"13";"com vítima";"154";"BR-153/SP";"Sul";"Tombamento";0;0;1;0;0;0;0;0;0;0;0;1;0;0;0
"07/01/2012";"17:12:00";"64";"sem vítima";"35,8";"BR-153/SP";"Sul";"Colisão Traseira";0;0;1;0;0;0;0;0;0;1;3;0;0;0;0
"07/01/2012";"18:12:00";"68";"sem vítima";"180";"BR-153/SP";"Norte";"Saída de Pista";1;0;0;0;0;0;0;0;0;0;5;0;0;0;0
"08/01/2012";"03:47:00";"7";"com vítima";"25,5";"BR-153/SP";"Norte";"Saída de Pista";0;0;0;0;0;0;0;0;0;1;0;1;0;0;0
"08/01/2012";"15:24:00";"54";"com vítima";"145";"BR-153/SP";"Sul";"Capotamento";1;0;0;0;0;0;0;0;0;0;0;2;0;0;0
"08/01/2012";"20:19:00";"78";"sem vítima";"71";"BR-153/SP";"Norte";"Colisão Lateral";1;0;0;0;0;0;0;0;0;1;2;0;0;0;0
"09/01/2012";"08:02:00";"18";"sem vítima";"62,5";"BR-153/SP";"Norte";"Colisão Traseira";0;0;0;0;0;0;0;0;0;2;3;0;0;0;0
"09/01/2012";"08:02:00";"23";"com vítima";"62,5";"BR-153/SP";"Norte";"Colisão com Objeto Fixo";0;0;0;1;0;0;0;0;0;0;0;1;0;0;0
"09/01/2012";"16:34:00";"62";"sem vítima";"58";"BR-153/SP";"Norte";"Colisão Transversal";1;0;0;0;0;0;0;0;0;1;5;0;0;0;0
"09/01/2012";"19:45:00";"75";"com vítima";"256";"BR-153/SP";"Sul";"Queda de Moto";0;0;0;1;0;0;0;0;0;0;0;1;0;0;0
"10/01/2012";"08:16:00";"19";"sem vítima";"58,9";"BR-153/SP";"Sul";"Colisão Transversal";2;0;0;0;0;0;0;0;0;0;2;0;0;0;0
"10/01/2012";"10:01:00";"34";"sem vítima";"35,5";"BR-153/SP";"Norte";"Colisão Traseira";0;0;2;0;0;0;0;0;0;0;2;0;0;0;0
"10/01/2012";"10:16:00";"38";"com vítima";"49,2";"BR-153/SP";"Sul";"Colisão Transversal";2;0;0;0;0;0;0;0;0;0;0;2;0;0;1
"10/01/2012";"17:10:00";"67";"sem vítima";"98,5";"BR-153/SP";"Sul";"Colisão Traseira";0;0;1;0;0;0;0;0;0;1;2;0;0;0;0
"10/01/2012";"18:14:00";"74";"com vítima";"63";"BR-153/SP";"Norte";"Queda de Moto";0;0;0;1;0;0;0;0;0;0;0;1;0;0;0
"10/01/2012";"18:16:00";"75";"sem vítima";"55";"BR-153/SP";"Sul";"Colisão Traseira";2;0;0;0;0;0;0;0;0;0;2;0;0;0;0
"11/01/2012";"08:50:00";"27";"com vítima";"27";"BR-153/SP";"Norte";"Atropelamento  de Pedestre";1;0;0;0;0;0;0;0;0;0;2;1;0;0;0
"11/01/2012";"10:24:00";"40";"sem vítima";"72";"BR-153/SP";"Norte";"Colisão Traseira";2;0;0;0;0;0;0;0;0;1;4;0;0;0;0
"11/01/2012";"12:05:00";"53";"com vítima";"71,7";"BR-153/SP";"Norte";"Colisão Transversal";1;0;0;0;0;0;0;0;0;1;1;3;2;0;0
"11/01/2012";"12:18:00";"56";"sem vítima";"81";"BR-153/SP";"Sul";"Colisão Frontal";1;0;1;0;0;0;0;0;0;0;3;0;0;0;0
"11/01/2012";"13:21:00";"60";"sem vítima";"70,6";"BR-153/SP";"Norte";"Engavetamento";3;0;0;0;0;0;0;0;0;0;6;0;0;0;0
"11/01/2012";"14:30:00";"61";"sem vítima";"72";"BR-153/SP";"Norte";"Engavetamento";2;0;0;0;0;0;0;0;0;0;5;0;0;0;0
"11/01/2012";"18:50:00";"74";"sem vítima";"70";"BR-153/SP";"Norte";"Colisão Lateral";0;0;0;1;1;0;0;0;0;0;3;0;0;0;0
"12/01/2012";"08:38:00";"20";"sem vítima";"182";"BR-153/SP";"Norte";"Colisão Transversal";1;0;1;0;0;0;0;0;0;0;7;0;0;0;0
"12/01/2012";"18:35:00";"70";"sem vítima";"56";"BR-153/SP";"Sul";"Engavetamento";2;0;0;0;0;0;0;0;0;1;6;0;0;0;0
"13/01/2012";"15:58:00";"54";"com vítima";"98";"BR-153/SP";"Norte";"Colisão Frontal";1;0;1;0;0;0;0;0;0;0;1;0;0;0;2
"13/01/2012";"21:45:00";"81";"sem vítima";"256";"BR-153/SP";"Sul";"Colisão Traseira";0;0;0;2;0;0;0;0;0;0;3;0;0;0;0
"14/01/2012";"05:18:00";"16";"sem vítima";"22,5";"BR-153/SP";"Sul";"Saída de Pista";1;0;0;0;0;0;0;0;0;0;1;0;0;0;0
"14/01/2012";"13:34:00";"47";"sem vítima";"230";"BR-153/SP";"Sul";"Saída de Pista";1;0;0;0;0;0;0;0;0;0;4;0;0;0;0
"15/01/2012";"13:52:00";"65";"sem vítima";"99";"BR-153/SP";"Norte";"Saída de Pista";0;0;1;0;0;0;0;0;0;0;1;0;0;0;0
"15/01/2012";"18:32:00";"91";"sem vítima";"20,6";"BR-153/SP";"Norte";"Colisão Traseira";1;0;0;0;0;1;0;0;0;0;4;0;0;0;0
"15/01/2012";"20:21:00";"108";"com vítima";"108";"BR-153/SP";"Sul";"Colisão Transversal";1;0;0;0;0;0;0;0;0;1;1;2;0;0;0
"16/01/2012";"05:19:00";"9";"sem vítima";"55,9";"BR-153/SP";"Norte";"Saída de Pista";0;0;1;0;0;0;0;0;0;0;1;0;0;0;0
"17/01/2012";"02:42:00";"8";"sem vítima";"50";"BR-153/SP";"Norte";"Queda de Moto";0;0;0;1;0;0;0;0;0;0;2;0;0;0;0
"17/01/2012";"07:23:00";"18";"sem vítima";"268,5";"BR-153/SP";"Norte";"Colisão Traseira";0;0;1;0;1;0;0;0;0;0;23;0;0;0;0
"17/01/2012";"11:33:00";"47";"com vítima";"256";"BR-153/SP";"Norte";"Colisão Lateral";0;0;0;1;0;0;0;0;0;1;3;1;0;0;0
"17/01/2012";"17:18:00";"94";"sem vítima";"62";"BR-153/SP";"Sul";"Colisão Traseira";0;0;0;0;0;0;0;0;0;2;3;0;0;0;0
"18/01/2012";"07:51:00";"19";"sem vítima";"62";"BR-153/SP";"Norte";"Colisão Traseira";1;0;0;1;0;0;0;0;0;0;2;0;0;0;0
"18/01/2012";"17:35:00";"75";"sem vítima";"71,9";"BR-153/SP";"Norte";"Colisão Traseira";1;0;1;0;0;0;0;0;0;0;3;0;0;0;0
"19/01/2012";"09:40:00";"42";"sem vítima";"296";"BR-153/SP";"Norte";"Colisão Lateral";2;0;0;0;0;0;0;0;0;0;2;0;0;0;0
"19/01/2012";"11:55:00";"62";"sem vítima";"62";"BR-153/SP";"Sul";"Colisão Traseira";2;0;0;0;0;0;0;0;0;0;2;0;0;0;0
"19/01/2012";"12:02:00";"63";"sem vítima";"302";"BR-153/SP";"Norte";"Colisão Transversal";0;0;0;0;1;0;0;0;0;1;38;0;0;0;0
"19/01/2012";"17:44:00";"101";"com vítima";"66,7";"BR-153/SP";"Norte";"Colisão Traseira";2;0;0;0;0;0;0;0;0;0;2;1;0;0;0
"20/01/2012";"01:04:00";"2";"sem vítima";"303,2";"BR-153/SP";"Norte";"Saída de Pista";0;0;1;0;0;0;0;0;0;0;2;0;0;0;0
"20/01/2012";"07:13:00";"7";"com vítima";"61,8";"BR-153/SP";"Norte";"Atropelamento de Animal";0;0;0;1;0;0;0;0;0;0;0;1;0;0;0
"21/01/2012";"10:22:00";"56";"sem vítima";"62,1";"BR-153/SP";"Sul";"Engavetamento";3;0;0;0;0;0;0;0;0;0;3;0;0;0;0
"21/01/2012";"13:13:00";"73";"sem vítima";"2";"BR-153/SP";"Sul";"Colisão Traseira";2;0;0;0;0;0;0;0;0;0;5;0;0;0;0
"21/01/2012";"13:24:00";"75";"sem vítima";"50";"BR-153/SP";"Norte";"Queda de Moto";0;0;0;1;0;0;0;0;0;0;2;0;0;0;0
"21/01/2012";"16:42:00";"94";"sem vítima";"339";"BR-153/SP";"Norte";"Colisão Transversal";1;0;1;0;0;0;0;0;0;0;4;0;0;0;0
"21/01/2012";"17:16:00";"98";"com vítima";"137,5";"BR-153/SP";"Sul";"Colisão Traseira";1;0;1;0;0;0;0;0;0;0;4;2;0;0;0
"21/01/2012";"23:53:00";"125";"sem vítima";"256,6";"BR-153/SP";"Norte";"Colisão Traseira";2;0;0;0;0;0;0;0;0;0;6;0;0;0;0
"22/01/2012";"16:39:00";"71";"sem vítima";"274,5";"BR-153/SP";"Sul";"Colisão Lateral";0;0;2;0;0;0;0;0;0;0;2;0;0;0;0
"22/01/2012";"22:18:00";"100";"sem vítima";"216";"BR-153/SP";"Sul";"Queda de Moto";0;0;0;1;0;0;0;0;0;0;1;0;0;0;0
"23/01/2012";"05:39:00";"21";"sem vítima";"297";"BR-153/SP";"Norte";"Saída de Pista";1;0;0;0;0;1;0;0;0;0;5;0;0;0;0
"23/01/2012";"07:10:00";"23";"com vítima";"35,8";"BR-153/SP";"Sul";"Colisão Lateral";1;0;0;1;0;0;0;0;0;0;2;1;0;0;0
"23/01/2012";"16:25:00";"89";"sem vítima";"45";"BR-153/SP";"Norte";"Colisão Lateral";1;0;1;0;0;0;0;0;0;0;2;0;0;0;0
"23/01/2012";"22:10:00";"111";"sem vítima";"183,8";"BR-153/SP";"Sul";"Colisão Traseira";0;0;2;0;0;0;0;0;0;0;2;0;0;0;0
"24/01/2012";"01:22:00";"6";"com vítima";"215";"BR-153/SP";"Sul";"Saída de Pista";0;0;0;1;0;0;0;0;0;0;0;1;0;0;0
"24/01/2012";"18:05:00";"81";"com vítima";"107,8";"BR-153/SP";"Sul";"Colisão Transversal";0;0;1;1;0;0;0;0;0;0;1;1;0;0;0
"25/01/2012";"15:21:00";"51";"com vítima";"143,4";"BR-153/SP";"Norte";"Colisão Traseira";2;0;1;0;0;0;0;0;0;0;5;4;0;0;0
"25/01/2012";"17:52:00";"63";"com vítima";"271";"BR-153/SP";"Norte";"Colisão Traseira";2;0;0;0;0;0;0;0;0;0;2;0;1;0;0
"25/01/2012";"20:51:00";"74";"sem vítima";"134";"BR-153/SP";"Norte";"Queda de Moto";0;0;0;1;0;0;0;0;0;0;1;0;0;0;0
"26/01/2012";"11:07:00";"57";"sem vítima";"167";"BR-153/SP";"Sul";"Atropelamento de Animal";1;0;0;0;0;0;0;0;0;0;1;0;0;0;0
"26/01/2012";"11:42:00";"62";"sem vítima";"58";"BR-153/SP";"Sul";"Colisão Transversal";0;0;0;0;0;0;0;0;0;2;2;0;0;0;0
"27/01/2012";"00:37:00";"2";"sem vítima";"61,8";"BR-153/SP";"Sul";"Capotamento";1;0;0;0;0;0;0;0;0;0;1;0;0;0;0
"27/01/2012";"08:39:00";"26";"sem vítima";"75";"BR-153/SP";"Norte";"Colisão Lateral";0;0;0;0;1;0;0;0;0;1;2;0;0;0;0
"27/01/2012";"16:42:00";"75";"sem vítima";"98,5";"BR-153/SP";"Norte";"Colisão Traseira";2;0;0;0;0;0;0;0;0;0;2;0;0;0;0
"27/01/2012";"17:04:00";"77";"com vítima";"141";"BR-153/SP";"Norte";"Capotamento";1;0;0;0;0;0;0;0;0;0;3;1;0;0;0
"27/01/2012";"23:50:00";"101";"sem vítima";"280";"BR-153/SP";"Norte";"Saída de Pista";1;0;0;0;0;0;0;0;0;0;2;0;0;0;0
"28/01/2012";"06:51:00";"6";"com vítima";"63";"BR-153/SP";"Norte";"Queda de Moto";0;0;0;1;0;0;0;0;0;0;0;2;0;0;0
"28/01/2012";"08:13:00";"16";"sem vítima";"220,4";"BR-153/SP";"Sul";"Colisão Lateral";1;0;0;0;0;0;0;0;0;1;6;0;0;0;0
"28/01/2012";"15:12:00";"48";"sem vítima";"0";"BR-153/SP";"Norte";"Colisão Traseira";2;0;0;0;0;0;0;0;0;0;8;0;0;0;0
"28/01/2012";"20:52:00";"77";"com vítima";"80";"BR-153/SP";"Norte";"Colisão Traseira";1;0;0;0;0;0;0;0;0;0;0;1;0;0;0
"29/01/2012";"02:50:00";"11";"com vítima";"27,7";"BR-153/SP";"Norte";"Queda de Moto";0;0;0;1;0;0;0;0;0;0;0;1;0;0;0
"29/01/2012";"07:54:00";"19";"com vítima";"109,5";"BR-153/SP";"Norte";"Colisão Lateral";1;0;1;0;0;0;0;0;0;0;1;1;0;0;0
"29/01/2012";"18:28:00";"70";"com vítima";"98,5";"BR-153/SP";"Norte";"Colisão Traseira";0;0;2;0;0;0;0;0;0;0;2;1;0;0;0
"30/01/2012";"08:15:00";"25";"com vítima";"192";"BR-153/SP";"Norte";"Queda de Moto";0;0;0;1;0;0;0;0;0;0;0;1;0;0;0