data;horario;n_da_ocorrencia;tipo_de_ocorrencia;km;trecho;sentido;tipo_de_acidente;automovel;bicicleta;caminhao;moto;onibus;outros;tracao_animal;transporte_de_cargas_especiais;trator_maquinas;utilitarios;ilesos;levemente_feridos;moderadamente_feridos;gravemente_feridos;mortos
"06/07/2012";"08:03:00";"47";"com vítima";"62";"BR-153/SP";"Sul";"Colisão Traseira";1;0;0;0;0;0;0;0;0;2;2;1;0;0;0
"06/07/2012";"11:30:00";"77";"sem vítima";"98";"BR-153/SP";"Norte";" INCIDENTE - Colisão na Praça - Cancela";0;0;1;0;0;0;0;0;0;1;2;0;0;0;0
"06/07/2012";"16:21:00";"131";"sem vítima";"145,8";"BR-153/SP";"Norte";"Colisão Transversal";1;0;0;0;0;0;0;0;0;1;3;0;0;0;0
"06/07/2012";"16:52:00";"133";"sem vítima";"35";"BR-153/SP";"Norte";"Colisão Traseira";0;0;1;0;1;0;0;0;0;0;2;0;0;0;0
"07/07/2012";"06:16:00";"17";"sem vítima";"93,3";"BR-153/SP";"Sul";"Saída de Pista";1;0;0;0;0;0;0;0;0;0;1;0;0;0;0
"07/07/2012";"10:28:00";"80";"sem vítima";"62,8";"BR-153/SP";"Sul";"Colisão Traseira";2;0;0;0;0;0;0;0;0;0;2;0;0;0;0
"07/07/2012";"10:39:00";"83";"com vítima";"56";"BR-153/SP";"Sul";"Colisão Transversal";0;0;1;1;0;0;0;0;0;0;1;1;0;0;0
"07/07/2012";"18:03:00";"148";"com vítima";"14,3";"BR-153/SP";"Norte";"Saída de Pista";1;0;0;0;0;0;0;0;0;0;1;2;2;0;0
"07/07/2012";"19:39:00";"153";"com vítima";"72,5";"BR-153/SP";"Sul";"Colisão Transversal";1;0;0;1;0;0;0;0;0;0;1;1;0;0;0
"07/07/2012";"19:47:00";"156";"com vítima";"197";"BR-153/SP";"Sul";"Saída de Pista";0;0;0;0;0;0;0;0;0;1;1;1;0;0;0
"07/07/2012";"20:04:00";"158";"com vítima";"46";"BR-153/SP";"Norte";"Colisão Traseira";1;1;0;0;0;0;0;0;0;0;2;0;1;0;0
"08/07/2012";"04:36:00";"9";"sem vítima";"75";"BR-153/SP";"Norte";"Saída de Pista";1;0;0;0;0;0;0;0;0;0;1;0;0;0;0
"09/07/2012";"16:34:00";"97";"sem vítima";"33,4";"BR-153/SP";"Sul";"Colisão Traseira";1;0;0;0;0;0;0;0;0;1;2;0;0;0;0
"09/07/2012";"20:43:00";"128";"com vítima";"72";"BR-153/SP";"Norte";"Colisão Lateral";2;0;0;0;0;0;0;0;0;0;1;2;2;0;1
"10/07/2012";"06:54:00";"22";"com vítima";"74,8";"BR-153/SP";"Sul";"Colisão Transversal";0;0;0;1;0;1;0;0;0;0;1;1;0;0;0
"10/07/2012";"07:38:00";"24";"sem vítima";"58,8";"BR-153/SP";"Norte";"Colisão Traseira";2;0;0;0;0;0;0;0;0;0;2;0;0;0;0
"10/07/2012";"12:08:00";"69";"sem vítima";"63";"BR-153/SP";"Sul";"Colisão Traseira";1;0;0;1;0;0;0;0;0;0;2;0;0;0;0
"10/07/2012";"13:33:00";"88";"sem vítima";"63";"BR-153/SP";"Norte";"Colisão Traseira";2;0;0;0;0;0;0;0;0;0;2;0;0;0;0
"11/07/2012";"08:02:00";"28";"sem vítima";"207,8";"BR-153/SP";"Norte";"Saída de Pista";1;0;0;0;0;0;0;0;0;0;1;0;0;0;0
"11/07/2012";"12:55:00";"67";"sem vítima";"207,8";"BR-153/SP";"Norte";"Saída de Pista";0;0;1;0;0;0;0;0;0;0;1;0;0;0;0
"11/07/2012";"16:14:00";"94";"sem vítima";"99";"BR-153/SP";"Norte";"Colisão Traseira";1;0;1;0;0;0;0;0;0;0;2;0;0;0;0
"11/07/2012";"18:15:00";"111";"com vítima";"61,9";"BR-153/SP";"Sul";"Engavetamento";3;0;0;0;0;0;0;0;0;0;4;1;0;0;0
"11/07/2012";"18:23:00";"114";"com vítima";"62";"BR-153/SP";"Sul";"Colisão Traseira";1;0;0;0;0;0;0;0;0;1;1;1;0;0;0
"11/07/2012";"18:32:00";"115";"sem vítima";"63";"BR-153/SP";"Norte";"Engavetamento";2;0;0;0;0;0;0;0;0;1;3;0;0;0;0
"12/07/2012";"13:48:00";"86";"sem vítima";"61,5";"BR-153/SP";"Sul";"Capotamento";1;0;0;0;0;0;0;0;0;0;2;0;0;0;0
"12/07/2012";"14:39:00";"93";"com vítima";"61,9";"BR-153/SP";"Norte";"Queda de Moto";0;0;0;1;0;0;0;0;0;0;0;1;0;0;0
"12/07/2012";"17:58:00";"117";"sem vítima";"58";"BR-153/SP";"Sul";"Colisão Transversal";2;0;0;0;0;0;0;0;0;0;3;0;0;0;0
"13/07/2012";"15:32:00";"90";"sem vítima";"230";"BR-153/SP";"Sul";"Capotamento";1;0;0;0;0;0;0;0;0;0;2;0;0;0;0
"14/07/2012";"14:52:00";"79";"sem vítima";"52";"BR-153/SP";"Norte";"Colisão Transversal";2;0;0;0;0;0;0;0;0;0;2;0;0;0;0
"14/07/2012";"19:35:00";"109";"sem vítima";"19";"BR-153/SP";"Sul";"Colisão Lateral";0;0;0;0;0;0;0;0;0;3;5;0;0;0;0
"15/07/2012";"06:43:00";"13";"sem vítima";"230";"BR-153/SP";"Sul";"Saída de Pista";1;0;0;0;0;0;0;0;0;0;3;0;0;0;0
"15/07/2012";"13:25:00";"54";"com vítima";"230,2";"BR-153/SP";"Sul";"Capotamento";1;0;0;0;0;0;0;0;0;0;0;1;0;0;0
"15/07/2012";"15:42:00";"65";"sem vítima";"91";"BR-153/SP";"Norte";"Saída de Pista";1;0;0;0;0;0;0;0;0;0;1;0;0;0;0
"16/07/2012";"13:19:00";"69";"sem vítima";"92";"BR-153/SP";"Norte";"Colisão Traseira";1;0;0;0;0;0;0;0;0;1;2;0;0;0;0
"16/07/2012";"17:04:00";"87";"sem vítima";"58";"BR-153/SP";"Norte";"Colisão Transversal";0;0;1;0;0;0;0;0;0;1;2;0;0;0;0
"16/07/2012";"18:31:00";"92";"com vítima";"256";"BR-153/SP";"Norte";"Colisão Frontal";2;0;0;0;0;0;0;0;0;0;2;2;0;0;0
"17/07/2012";"10:11:00";"49";"sem vítima";"35,8";"BR-153/SP";"Sul";"Colisão Traseira";0;0;1;0;0;0;0;0;0;1;3;0;0;0;0
"17/07/2012";"11:05:00";"65";"sem vítima";"35,8";"BR-153/SP";"Norte";"Colisão Traseira";2;0;0;0;0;0;0;0;0;0;6;0;0;0;0
"17/07/2012";"21:35:00";"128";"com vítima";"225";"BR-153/SP";"Norte";"Tombamento";0;0;1;0;0;0;0;0;0;0;0;0;1;0;0
"19/07/2012";"13:16:00";"64";"com vítima";"274,3";"BR-153/SP";"Norte";"Tombamento";0;0;1;0;0;0;0;0;0;0;0;1;0;0;0
"19/07/2012";"22:04:00";"117";"sem vítima";"183";"BR-153/SP";"Norte";"Colisão com Objeto Fixo";1;0;0;0;0;0;0;0;0;0;1;0;0;0;0
"20/07/2012";"07:25:00";"14";"com vítima";"98";"BR-153/SP";"Norte";"Colisão Traseira";1;0;1;0;0;0;0;0;0;0;6;1;0;1;0
"20/07/2012";"13:19:00";"80";"com vítima";"63";"BR-153/SP";"Norte";"Colisão Transversal";1;0;0;1;0;0;0;0;0;0;0;2;0;0;0
"21/07/2012";"06:26:00";"25";"com vítima";"40,9";"BR-153/SP";"Norte";"Queda de Moto";0;0;0;1;0;0;0;0;0;0;0;2;0;0;0
"21/07/2012";"08:47:00";"44";"sem vítima";"107,7";"BR-153/SP";"Norte";"Colisão Transversal";2;0;0;0;0;0;0;0;0;0;7;0;0;0;0
"21/07/2012";"11:59:00";"67";"sem vítima";"256,3";"BR-153/SP";"Sul";"Colisão Traseira";2;0;0;0;0;0;0;0;0;0;4;0;0;0;0
"21/07/2012";"15:50:00";"90";"sem vítima";"35,8";"BR-153/SP";"Sul";"Colisão na Praça - Submarino";0;0;1;0;0;0;0;0;0;0;1;0;0;0;0
"21/07/2012";"16:29:00";"93";"sem vítima";"174";"BR-153/SP";"Norte";"Colisão Traseira";2;0;0;0;0;0;0;0;0;0;3;0;0;0;0
"21/07/2012";"20:20:00";"128";"sem vítima";"2,5";"BR-153/SP";"Norte";"Colisão com Objeto Fixo";1;0;0;0;0;0;0;0;0;0;1;0;0;0;0
"21/07/2012";"20:38:00";"131";"com vítima";"230";"BR-153/SP";"Sul";"Capotamento";0;0;0;0;0;0;0;0;0;1;0;2;0;0;0
"21/07/2012";"23:12:00";"142";"com vítima";"55";"BR-153/SP";"Sul";"Colisão Frontal";1;0;1;0;0;0;0;0;0;0;2;0;0;1;0
"22/07/2012";"08:27:00";"36";"sem vítima";"173,8";"BR-153/SP";"Sul";"Colisão Lateral";0;0;1;0;0;0;0;0;0;1;2;0;0;0;0
"22/07/2012";"09:00:00";"41";"com vítima";"103";"BR-153/SP";"Sul";"Saída de Pista";1;0;0;0;0;0;0;0;0;0;0;1;1;0;0
"22/07/2012";"11:11:00";"56";"com vítima";"182";"BR-153/SP";"Norte";"Colisão Transversal";1;0;0;0;0;0;0;0;0;1;0;1;2;0;0
"23/07/2012";"07:44:00";"24";"com vítima";"61";"BR-153/SP";"Sul";"Colisão Traseira";0;0;1;0;0;0;0;0;0;1;1;1;0;0;0
"23/07/2012";"12:11:00";"58";"sem vítima";"62,9";"BR-153/SP";"Sul";"Colisão Traseira";0;0;0;0;1;0;0;0;0;1;9;0;0;0;0
"23/07/2012";"20:54:00";"107";"com vítima";"80";"BR-153/SP";"Norte";"Colisão Transversal";2;0;0;0;0;0;0;0;0;0;2;3;0;0;0
"24/07/2012";"09:38:00";"61";"com vítima";"30";"BR-153/SP";"Norte";"Colisão Transversal";1;0;0;0;0;0;0;0;0;1;1;3;0;0;0
"24/07/2012";"10:18:00";"70";"sem vítima";"185";"BR-153/SP";"Norte";"Colisão Traseira";1;0;1;0;0;0;0;0;0;0;4;0;0;0;0
"24/07/2012";"18:13:00";"123";"sem vítima";"25,8";"BR-153/SP";"Sul";"Queda de Moto";0;0;1;1;0;0;0;0;0;1;3;0;0;0;0
"24/07/2012";"21:07:00";"145";"com vítima";"85";"BR-153/SP";"Norte";"Colisão Transversal";1;0;0;0;0;0;0;0;0;1;1;2;1;0;0
"25/07/2012";"19:44:00";"137";"com vítima";"58";"BR-153/SP";"Norte";"Colisão Transversal";1;0;1;0;0;0;0;0;0;0;3;1;0;0;0
"26/07/2012";"05:56:00";"17";"com vítima";"256";"BR-153/SP";"Sul";"Queda de Moto";0;0;0;1;0;0;0;0;0;0;0;1;0;0;0
"26/07/2012";"10:59:00";"81";"sem vítima";"199,5";"BR-153/SP";"Norte";"Colisão Traseira";1;0;0;0;0;0;0;0;0;1;3;0;0;0;0
"26/07/2012";"21:28:00";"133";"com vítima";"85";"BR-153/SP";"Norte";"Incidente";0;0;1;0;0;0;0;0;0;0;0;1;0;0;0
"26/07/2012";"21:44:00";"135";"com vítima";"69,3";"BR-153/SP";"Sul";"Colisão Transversal";0;0;0;0;0;0;0;0;0;2;2;1;1;0;0
"27/07/2012";"06:46:00";"25";"com vítima";"52";"BR-153/SP";"Norte";"Colisão Transversal";1;0;1;0;0;0;0;0;0;0;1;1;0;0;0
"27/07/2012";"07:34:00";"30";"com vítima";"72";"BR-153/SP";"Norte";"Colisão Traseira";1;0;1;0;0;0;0;0;0;0;1;1;0;0;0
"27/07/2012";"08:01:00";"34";"sem vítima";"72";"BR-153/SP";"Norte";"Colisão Traseira";2;0;0;0;0;0;0;0;0;0;2;0;0;0;0
"28/07/2012";"09:03:00";"44";"com vítima";"168";"BR-153/SP";"Sul";"Queda de Moto";0;0;0;1;0;0;0;0;0;0;0;2;0;0;0
"28/07/2012";"22:28:00";"136";"com vítima";"65";"BR-153/SP";"Norte";"Capotamento";1;0;0;0;0;0;0;0;0;0;0;1;0;0;0
"28/07/2012";"22:51:00";"138";"com vítima";"165";"BR-153/SP";"Norte";"Colisão com Objeto Fixo";0;0;0;0;0;0;0;0;0;1;0;0;0;1;0
"29/07/2012";"13:53:00";"85";"sem vítima";"0";"BR-153/SP";"Sul";"Colisão Lateral";1;0;1;0;0;0;0;0;0;0;3;0;0;0;0
"29/07/2012";"22:01:00";"150";"com vítima";"145,5";"BR-153/SP";"Sul";"Colisão Transversal";1;0;0;0;0;0;0;0;0;1;0;0;4;0;0
"30/07/2012";"12:15:00";"88";"com vítima";"143";"BR-153/SP";"Norte";"Colisão Lateral";0;0;2;0;0;0;0;0;0;0;1;1;0;0;0
"30/07/2012";"14:46:00";"103";"com vítima";"197";"BR-153/SP";"Norte";"Colisão Traseira";1;0;0;0;0;0;0;0;0;1;4;1;0;0;0
"31/07/2012";"09:56:00";"64";"sem vítima";"35";"BR-153/SP";"Norte";"Colisão Traseira";2;0;0;0;0;0;0;0;0;0;3;0;0;0;0
"31/07/2012";"12:10:00";"89";"com vítima";"2";"BR-153/SP";"Sul";"Queda de Moto";0;0;0;1;0;0;0;0;0;0;0;1;0;0;0
"31/07/2012";"15:59:00";"118";"sem vítima";"64,9";"BR-153/SP";"Norte";"Saída de Pista";0;0;1;0;0;0;0;0;0;0;1;0;0;0;0
"31/07/2012";"23:01:00";"147";"com vítima";"346,3";"BR-153/SP";"Norte";"Colisão com Objeto Fixo";0;0;0;1;0;0;0;0;0;0;0;1;0;0;0
"01/08/2012";"01:28:00";"4";"sem vítima";"322,3";"BR-153/SP";"Sul";"Colisão Lateral";0;0;1;0;0;1;0;0;0;0;3;0;0;0;0
"01/08/2012";"08:00:00";"30";"com vítima";"74,5";"BR-153/SP";"Sul";"Colisão Traseira";1;0;0;1;0;0;0;0;0;0;1;0;1;0;0
"01/08/2012";"17:48:00";"112";"com vítima";"75";"BR-153/SP";"Norte";"Tombamento de Moto";0;0;0;1;0;0;0;0;0;0;0;1;0;0;0
"01/08/2012";"21:12:00";"136";"com vítima";"119,5";"BR-153/SP";"Norte";"Tombamento";0;0;1;0;0;0;0;0;0;0;0;1;0;0;0
"02/08/2012";"00:53:00";"6";"sem vítima";"230";"BR-153/SP";"Sul";"Saída de Pista";1;0;0;0;0;0;0;0;0;0;2;0;0;0;0
"02/08/2012";"13:47:00";"100";"sem vítima";"58";"BR-153/SP";"Norte";"Colisão Transversal";2;0;0;0;0;0;0;0;0;0;2;0;0;0;0
"02/08/2012";"17:48:00";"123";"com vítima";"71";"BR-153/SP";"Norte";"Colisão Transversal";0;0;0;1;0;0;0;0;0;1;2;0;0;1;0
"02/08/2012";"18:30:00";"127";"sem vítima";"72,5";"BR-153/SP";"Norte";"Colisão Traseira";1;0;0;0;0;0;0;0;0;1;2;0;0;0;0
"02/08/2012";"21:58:00";"141";"com vítima";"2";"BR-153/SP";"Norte";"Capotamento";0;0;1;0;0;0;0;0;0;1;1;0;0;0;1
"03/08/2012";"09:05:00";"47";"sem vítima";"74,5";"BR-153/SP";"Norte";"Colisão Lateral";0;0;2;0;0;0;0;0;0;0;3;0;0;0;0
"03/08/2012";"18:24:00";"119";"com vítima";"56";"BR-153/SP";"Norte";"Colisão Transversal";1;0;0;1;0;0;0;0;0;0;1;1;0;0;0
"03/08/2012";"18:28:00";"120";"sem vítima";"69,4";"BR-153/SP";"Sul";"Colisão Transversal";1;0;0;0;0;0;0;0;0;1;3;0;0;0;0
"03/08/2012";"22:31:00";"145";"com vítima";"34,4";"BR-153/SP";"Norte";"Colisão Transversal";1;0;0;0;0;0;0;0;0;1;3;2;0;1;0
"04/08/2012";"18:48:00";"113";"com vítima";"120";"BR-153/SP";"Sul";"Colisão Transversal";2;0;0;0;0;0;0;0;0;0;6;2;0;0;0
"05/08/2012";"18:33:00";"132";"sem vítima";"55";"BR-153/SP";"Sul";"Engavetamento";2;0;0;0;0;0;0;0;0;1;13;0;0;0;0
"05/08/2012";"22:18:00";"153";"sem vítima";"28";"BR-153/SP";"Norte";"Colisão Lateral";1;0;1;0;0;0;0;0;0;0;2;0;0;0;0
"05/08/2012";"22:24:00";"155";"com vítima";"35,8";"BR-153/SP";"Sul";"Colisão Traseira";2;0;0;0;0;0;0;0;0;0;3;1;0;0;0
"06/08/2012";"06:55:00";"15";"com vítima";"174";"BR-153/SP";"Sul";"Colisão Traseira";1;0;0;1;0;0;0;0;0;0;1;1;0;0;0
"06/08/2012";"17:32:00";"113";"sem vítima";"256,2";"BR-153/SP";"Norte";"Colisão Transversal";2;0;0;0;0;0;0;0;0;0;3;0;0;0;0
"06/08/2012";"19:53:00";"121";"com vítima";"37";"BR-153/SP";"Norte";"Tombamento de Moto";0;0;0;1;0;0;0;0;0;0;0;1;0;0;0
"06/08/2012";"21:44:00";"129";"sem vítima";"339";"BR-153/SP";"Sul";"Choque contra objeto na faixa de rolamento";1;0;1;0;0;0;0;0;0;0;2;0;0;0;0
"07/08/2012";"18:30:00";"94";"sem vítima";"69";"BR-153/SP";"Sul";"Colisão Transversal";2;0;0;0;0;0;0;0;0;0;3;0;0;0;0
"07/08/2012";"19:08:00";"97";"sem vítima";"35,5";"BR-153/SP";"Sul";"Colisão Transversal";1;0;0;0;0;0;1;0;0;0;3;0;0;0;0
"08/08/2012";"08:01:00";"41";"sem vítima";"97,9";"BR-153/SP";"Norte";"Choque contra objeto na faixa de rolamento";0;0;0;0;0;0;0;0;0;1;1;0;0;0;0
"08/08/2012";"12:22:00";"78";"sem vítima";"73";"BR-153/SP";"Norte";"Colisão Lateral";1;0;1;0;0;0;0;0;0;0;2;0;0;0;0
"09/08/2012";"16:45:00";"126";"sem vítima";"25,8";"BR-153/SP";"Norte";"Colisão Transversal";0;0;0;0;0;0;0;0;0;2;4;0;0;0;0
"09/08/2012";"20:18:00";"150";"com vítima";"58,7";"BR-153/SP";"Sul";"Choque contra Objeto Fixo";0;0;0;1;0;0;0;0;0;0;0;0;1;0;0
"10/08/2012";"07:11:00";"18";"sem vítima";"154,8";"BR-153/SP";"Norte";"Colisão Traseira";2;0;0;0;0;0;0;0;0;0;3;0;0;0;0
"10/08/2012";"07:24:00";"20";"sem vítima";"183,8";"BR-153/SP";"Sul";"Colisão Traseira";0;0;1;1;0;0;0;0;0;0;2;0;0;0;0
"10/08/2012";"18:23:00";"138";"com vítima";"58,5";"BR-153/SP";"Norte";"Colisão Transversal";1;0;0;1;0;0;0;0;0;0;1;1;0;0;0
"11/08/2012";"07:23:00";"17";"com vítima";"57,9";"BR-153/SP";"Norte";"Colisão Traseira";1;0;1;0;0;0;0;0;0;0;2;1;0;0;0
"11/08/2012";"14:22:00";"85";"sem vítima";"58";"BR-153/SP";"Norte";"Colisão Transversal";2;0;0;0;0;0;0;0;0;0;4;0;0;0;0
"11/08/2012";"19:33:00";"113";"com vítima";"71,9";"BR-153/SP";"Norte";"Atropelamento  de Pedestre";1;0;0;0;0;0;0;0;0;0;1;1;0;1;0
"12/08/2012";"00:55:00";"4";"sem vítima";"195,1";"BR-153/SP";"Norte";"Capotamento";1;0;0;0;0;0;0;0;0;0;3;0;0;0;0
"12/08/2012";"03:25:00";"10";"com vítima";"25,5";"BR-153/SP";"Sul";"Tombamento de Moto";0;0;0;1;0;0;0;0;0;0;0;1;0;0;0
"12/08/2012";"06:22:00";"13";"sem vítima";"131";"BR-153/SP";"Norte";"Choque contra Objeto Fixo";1;0;0;0;0;0;0;0;0;0;1;0;0;0;0
"12/08/2012";"14:51:00";"67";"com vítima";"72,1";"BR-153/SP";"Norte";"Tombamento de Moto";0;0;0;1;0;0;0;0;0;0;0;2;0;0;0
"12/08/2012";"19:30:00";"92";"com vítima";"161,3";"BR-153/SP";"Norte";"Choque contra Objeto Fixo";0;0;0;0;0;0;0;0;0;1;0;1;0;0;0
"12/08/2012";"20:33:00";"95";"com vítima";"215";"BR-153/SP";"Sul";"Colisão Traseira";2;0;0;0;0;0;0;0;0;0;2;5;0;0;0
"12/08/2012";"23:04:00";"103";"sem vítima";"260,3";"BR-153/SP";"Sul";"Saída de Pista";0;0;0;0;0;0;0;0;0;1;1;0;0;0;0
"13/08/2012";"08:26:00";"27";"sem vítima";"256";"BR-153/SP";"Norte";"Colisão Traseira";3;0;0;0;0;0;0;0;0;0;3;0;0;0;0
"13/08/2012";"10:48:00";"45";"sem vítima";"58";"BR-153/SP";"Sul";"Colisão Transversal";2;0;0;0;0;0;0;0;0;0;2;0;0;0;0
"13/08/2012";"19:41:00";"110";"sem vítima";"314,9";"BR-153/SP";"Sul";"Saída de Pista";1;0;0;0;0;0;0;0;0;0;2;0;0;0;0
"14/08/2012";"07:04:00";"18";"com vítima";"62,5";"BR-153/SP";"Sul";"Colisão Traseira";1;0;1;0;0;0;0;0;0;1;2;2;0;0;0
"14/08/2012";"07:25:00";"21";"com vítima";"56,8";"BR-153/SP";"Norte";"Colisão Frontal";1;0;2;0;0;0;0;0;0;0;2;0;1;1;0
"14/08/2012";"12:08:00";"67";"com vítima";"192,1";"BR-153/SP";"Norte";"Colisão Frontal";0;0;2;0;0;0;0;0;0;0;0;0;0;2;0
"14/08/2012";"17:00:00";"87";"sem vítima";"64";"BR-153/SP";"Norte";"Colisão Lateral";2;0;0;0;0;0;0;0;0;0;2;0;0;0;0
"15/08/2012";"02:54:00";"6";"com vítima";"22";"BR-153/SP";"Sul";"Capotamento";1;0;0;0;0;0;0;0;0;0;1;3;1;0;0
"15/08/2012";"10:17:00";"48";"sem vítima";"8";"BR-153/SP";"Norte";"Choque contra objeto na faixa de rolamento";0;0;2;0;0;0;0;0;0;0;2;0;0;0;0
"15/08/2012";"15:58:00";"81";"sem vítima";"57";"BR-153/SP";"Norte";"Colisão Transversal";2;0;0;0;0;0;0;0;0;0;2;0;0;0;0
"16/08/2012";"07:38:00";"24";"com vítima";"72,5";"BR-153/SP";"Norte";"Colisão Transversal";2;0;0;0;0;0;0;0;0;0;0;3;0;0;0
"16/08/2012";"07:48:00";"27";"sem vítima";"73,4";"BR-153/SP";"Norte";"Colisão Traseira";4;0;0;0;0;0;0;0;0;0;4;0;0;0;0
"16/08/2012";"11:56:00";"76";"sem vítima";"52";"BR-153/SP";"Norte";"Colisão Transversal";0;0;2;0;0;0;0;0;0;0;2;0;0;0;0
"16/08/2012";"12:09:00";"78";"com vítima";"56";"BR-153/SP";"Norte";"Colisão Traseira";1;0;0;1;0;0;0;0;0;0;1;1;0;0;0
"16/08/2012";"12:23:00";"81";"sem vítima";"72";"BR-153/SP";"Sul";"Colisão Traseira";1;0;0;0;0;0;0;0;0;1;2;0;0;0;0
"16/08/2012";"14:37:00";"96";"sem vítima";"263";"BR-153/SP";"Norte";"Colisão Lateral";1;0;1;0;0;0;0;0;0;0;4;0;0;0;0
"16/08/2012";"20:48:00";"134";"com vítima";"83,4";"BR-153/SP";"Sul";"Tombamento de Moto";0;0;0;1;0;0;0;0;0;0;0;0;2;0;0
"16/08/2012";"20:48:00";"133";"sem vítima";"33,5";"BR-153/SP";"Norte";"Saída de Pista";1;0;0;0;0;0;0;0;0;0;4;0;0;0;0
"16/08/2012";"21:09:00";"137";"sem vítima";"35,8";"BR-153/SP";"Norte";"Tombamento de Moto";0;0;0;1;0;0;0;0;0;0;1;0;0;0;0
"17/08/2012";"01:19:00";"3";"com vítima";"106,3";"BR-153/SP";"Norte";"Tombamento de Moto";0;0;0;1;0;0;0;0;0;0;0;1;0;0;0
"17/08/2012";"16:38:00";"142";"sem vítima";"68,7";"BR-153/SP";"Norte";"Colisão Traseira";2;0;0;0;0;0;0;0;0;0;2;0;0;0;0
"17/08/2012";"22:49:00";"177";"com vítima";"82";"BR-153/SP";"Norte";"Colisão Traseira";1;0;1;0;0;0;0;0;0;0;3;2;0;0;0
"19/08/2012";"03:40:00";"10";"sem vítima";"275";"BR-153/SP";"Norte";"Tombamento de Moto";0;0;0;1;0;0;0;0;0;0;1;0;0;0;0
"19/08/2012";"05:37:00";"15";"com vítima";"291,4";"BR-153/SP";"Norte";"Colisão Lateral";1;0;1;0;0;0;0;0;0;0;1;1;2;0;0
"19/08/2012";"09:42:00";"43";"sem vítima";"37,9";"BR-153/SP";"Norte";"Colisão Lateral";1;0;1;0;0;0;0;0;0;0;2;0;0;0;0
"19/08/2012";"12:17:00";"61";"com vítima";"73";"BR-153/SP";"Norte";"Engavetamento";2;0;1;0;0;0;0;0;0;1;9;1;0;0;0
"19/08/2012";"12:57:00";"65";"sem vítima";"62";"BR-153/SP";"Norte";"Colisão Traseira";1;0;1;0;0;0;0;0;0;0;2;0;0;0;0
"20/08/2012";"06:39:00";"15";"sem vítima";"173";"BR-153/SP";"Norte";"Atropelamento de Animal";0;0;1;0;0;0;0;0;0;0;1;0;0;0;0
"20/08/2012";"15:53:00";"107";"sem vítima";"135,5";"BR-153/SP";"Sul";"Tombamento";0;0;1;0;0;0;0;0;0;0;1;0;0;0;0
"20/08/2012";"16:00:00";"108";"sem vítima";"58";"BR-153/SP";"Sul";"Colisão Transversal";2;0;0;0;0;0;0;0;0;0;2;0;0;0;0
"20/08/2012";"16:56:00";"114";"sem vítima";"187";"BR-153/SP";"Norte";"Outros";1;0;1;0;0;0;0;0;0;0;6;0;0;0;0
"20/08/2012";"18:44:00";"120";"sem vítima";"99,4";"BR-153/SP";"Sul";"Colisão Transversal";0;0;0;0;0;1;0;0;0;1;2;0;0;0;0
"21/08/2012";"05:15:00";"9";"com vítima";"108";"BR-153/SP";"Sul";"Colisão Transversal";1;0;1;0;0;0;0;0;0;0;1;0;1;0;0
"21/08/2012";"07:39:00";"16";"com vítima";"58,9";"BR-153/SP";"Sul";"Colisão Transversal";1;0;0;1;0;0;0;0;0;0;1;1;0;0;0
"21/08/2012";"07:53:00";"18";"sem vítima";"58,9";"BR-153/SP";"Norte";"Colisão Transversal";1;0;0;0;0;0;0;0;0;1;2;0;0;0;0
"21/08/2012";"10:29:00";"51";"sem vítima";"66,1";"BR-153/SP";"Norte";"Choque contra objeto na faixa de rolamento";0;0;0;0;0;0;0;0;0;1;1;0;0;0;0
"21/08/2012";"15:08:00";"90";"sem vítima";"199,9";"BR-153/SP";"Sul";"Choque contra Objeto Fixo";1;0;0;0;0;0;0;0;0;0;1;0;0;0;0
"22/08/2012";"19:23:00";"127";"com vítima";"343,8";"BR-153/SP";"Sul";"Tombamento de Moto";0;0;0;1;0;0;0;0;0;0;0;2;0;0;0
"22/08/2012";"21:26:00";"136";"sem vítima";"326,7";"BR-153/SP";"Sul";"Choque contra objeto na faixa de rolamento";1;0;0;0;0;0;0;0;0;0;1;0;0;0;0
"23/08/2012";"16:58:00";"119";"com vítima";"175";"BR-153/SP";"Norte";"Tombamento de Moto";0;0;0;1;0;0;0;0;0;0;0;1;0;0;0
"23/08/2012";"18:40:00";"130";"sem vítima";"114";"BR-153/SP";"Sul";"Atropelamento de Animal";1;0;0;0;0;0;0;0;0;0;1;0;0;0;0
"24/08/2012";"19:52:00";"119";"sem vítima";"310,7";"BR-153/SP";"Sul";"Colisão Lateral";3;0;0;0;0;0;0;0;0;0;7;0;0;0;0
"26/08/2012";"11:16:00";"39";"sem vítima";"63";"BR-153/SP";"Norte";"Colisão Traseira";2;0;0;0;0;0;0;0;0;0;2;0;0;0;0
"26/08/2012";"20:07:00";"100";"com vítima";"230,3";"BR-153/SP";"Sul";"Capotamento";1;0;0;0;0;0;0;0;0;0;2;3;0;0;0
"27/08/2012";"05:44:00";"8";"sem vítima";"307,5";"BR-153/SP";"Norte";"Colisão Traseira";0;0;2;0;0;0;0;0;0;0;3;0;0;0;0
"27/08/2012";"11:37:00";"75";"com vítima";"58,01";"BR-153/SP";"Norte";"Colisão Transversal";2;0;0;0;0;0;0;0;0;0;1;1;0;0;0