data;horario;n_da_ocorrencia;tipo_de_ocorrencia;km;trecho;sentido;tipo_de_acidente;automovel;bicicleta;caminhao;moto;onibus;outros;tracao_animal;transporte_de_cargas_especiais;trator_maquinas;utilitarios;ilesos;levemente_feridos;moderadamente_feridos;gravemente_feridos;mortos
"27/08/2012";"15:07:00";"102";"sem vítima";"58";"BR-153/SP";"Norte";"Colisão Transversal";1;0;1;0;0;0;0;0;0;0;4;0;0;0;0
"28/08/2012";"18:54:00";"118";"sem vítima";"62";"BR-153/SP";"Sul";"Choque contra Objeto Fixo";1;0;0;0;0;0;0;0;0;0;1;0;0;0;0
"28/08/2012";"19:43:00";"123";"com vítima";"229,1";"BR-153/SP";"Sul";"Colisão Traseira";1;0;0;0;0;1;0;0;0;0;1;1;0;0;0
"29/08/2012";"07:28:00";"27";"sem vítima";"12,6";"BR-153/SP";"Norte";"Saída de Pista";1;0;0;0;0;0;0;0;0;0;2;0;0;0;0
"29/08/2012";"15:28:00";"145";"sem vítima";"25";"BR-153/SP";"Sul";"Colisão Traseira";2;0;0;0;0;0;0;0;0;0;2;0;0;0;0
"29/08/2012";"18:23:00";"168";"com vítima";"108";"BR-153/SP";"Norte";"Colisão Transversal";0;0;0;1;0;0;0;0;0;1;1;1;0;0;0
"29/08/2012";"19:00:00";"173";"sem vítima";"64,5";"BR-153/SP";"Sul";"Colisão Lateral";1;0;0;0;0;1;0;0;0;0;3;0;0;0;0
"30/08/2012";"05:50:00";"16";"sem vítima";"62";"BR-153/SP";"Norte";"Colisão Traseira";2;0;0;0;0;0;0;0;0;0;4;0;0;0;0
"30/08/2012";"15:18:00";"133";"com vítima";"30";"BR-153/SP";"Norte";"Colisão Transversal";2;0;0;0;0;0;0;0;0;0;1;2;1;0;0
"01/09/2012";"02:55:00";"8";"sem vítima";"62";"BR-153/SP";"Norte";"Capotamento";1;0;0;0;0;0;0;0;0;0;1;0;0;0;0
"01/09/2012";"09:51:00";"64";"sem vítima";"109";"BR-153/SP";"Norte";"Colisão Traseira";0;0;2;0;0;0;0;0;0;0;2;0;0;0;0
"01/09/2012";"14:25:00";"97";"sem vítima";"108,5";"BR-153/SP";"Norte";"Colisão Transversal";1;0;0;1;0;0;0;0;0;0;4;0;0;0;0
"01/09/2012";"19:05:00";"124";"sem vítima";"35,7";"BR-153/SP";"Sul";"Colisão Traseira";0;0;0;0;0;1;0;0;0;1;5;0;0;0;0
"01/09/2012";"21:40:00";"144";"com vítima";"71,4";"BR-153/SP";"Sul";"Colisão Traseira";1;0;0;1;0;0;0;0;0;0;1;1;0;1;0
"01/09/2012";"23:38:00";"154";"com vítima";"6,1";"BR-153/SP";"Norte";"Tombamento";1;0;0;0;0;0;0;0;0;0;0;2;0;0;0
"02/09/2012";"02:19:00";"6";"com vítima";"64,3";"BR-153/SP";"Norte";"Tombamento de Moto";0;0;0;1;0;0;0;0;0;0;0;1;0;0;0
"02/09/2012";"04:23:00";"9";"sem vítima";"114,3";"BR-153/SP";"Sul";"Colisão Traseira";1;0;0;0;0;1;0;0;0;0;3;0;0;0;0
"02/09/2012";"05:56:00";"11";"com vítima";"59,05";"BR-153/SP";"Norte";"Colisão Frontal";2;0;1;0;0;0;0;0;0;0;2;0;0;1;0
"03/09/2012";"05:18:00";"13";"com vítima";"273";"BR-153/SP";"Sul";"Saída de Pista";0;0;1;0;0;0;0;0;0;0;0;1;0;0;0
"03/09/2012";"20:47:00";"129";"com vítima";"111";"BR-153/SP";"Norte";"Tombamento de Moto";0;0;0;1;0;0;0;0;0;0;0;1;0;0;0
"04/09/2012";"01:17:00";"6";"com vítima";"163";"BR-153/SP";"Norte";"Saída de Pista";1;0;0;0;0;0;0;0;0;0;0;1;0;0;0
"04/09/2012";"06:42:00";"18";"sem vítima";"222";"BR-153/SP";"Norte";"Capotamento";0;0;0;0;0;0;0;0;0;1;1;0;0;0;0
"04/09/2012";"13:20:00";"93";"sem vítima";"256";"BR-153/SP";"Norte";"Colisão Transversal";2;0;0;0;0;0;0;0;0;0;3;0;0;0;0
"04/09/2012";"15:14:00";"108";"sem vítima";"277";"BR-153/SP";"Norte";"Engavetamento";1;0;0;0;0;0;0;0;0;2;5;0;0;0;0
"04/09/2012";"20:11:00";"133";"sem vítima";"340,9";"BR-153/SP";"Norte";"Saída de Pista";1;0;0;0;0;0;0;0;0;0;2;0;0;0;0
"05/09/2012";"08:10:00";"39";"com vítima";"71,5";"BR-153/SP";"Norte";"Colisão Traseira";0;0;0;1;0;1;0;0;0;0;1;1;0;0;0
"05/09/2012";"13:09:00";"94";"sem vítima";"257,1";"BR-153/SP";"Sul";"Colisão Transversal";2;0;0;0;0;0;0;0;0;0;3;0;0;0;0
"05/09/2012";"14:21:00";"107";"sem vítima";"63";"BR-153/SP";"Sul";"Engavetamento";2;0;1;0;0;0;0;0;0;0;4;0;0;0;0
"05/09/2012";"16:08:00";"122";"sem vítima";"98";"BR-153/SP";"Sul";"Colisão Traseira";1;0;0;0;1;0;0;0;0;0;3;0;0;0;0
"05/09/2012";"18:05:00";"136";"com vítima";"58";"BR-153/SP";"Sul";"Colisão Transversal";0;0;1;1;0;0;0;0;0;0;1;0;1;0;0
"05/09/2012";"18:39:00";"141";"com vítima";"256";"BR-153/SP";"Sul";"Colisão Traseira";1;0;0;0;0;1;0;0;0;0;2;1;0;0;0
"06/09/2012";"06:53:00";"23";"sem vítima";"5,8";"BR-153/SP";"Norte";"Choque contra objeto na faixa de rolamento";1;0;0;0;0;0;0;0;0;0;1;0;0;0;0
"06/09/2012";"09:16:00";"68";"sem vítima";"47";"BR-153/SP";"Norte";"Colisão Traseira";1;0;0;0;0;0;0;0;0;1;2;0;0;0;0
"06/09/2012";"16:11:00";"173";"sem vítima";"39,4";"BR-153/SP";"Sul";"Choque contra objeto na faixa de rolamento";1;0;1;0;0;0;0;0;0;0;3;0;0;0;0
"06/09/2012";"17:48:00";"199";"com vítima";"109";"BR-153/SP";"Sul";"Colisão Traseira";1;0;0;0;0;0;0;0;0;1;6;1;0;0;0
"06/09/2012";"18:13:00";"201";"sem vítima";"63";"BR-153/SP";"Sul";"Colisão Traseira";0;0;0;0;0;0;0;0;0;2;2;0;0;0;0
"06/09/2012";"18:15:00";"238";"sem vítima";"62";"BR-153/SP";"Sul";"Engavetamento";3;0;0;0;0;0;0;0;0;0;3;0;0;0;0
"06/09/2012";"18:17:00";"202";"com vítima";"62";"BR-153/SP";"Norte";"Colisão Traseira";0;0;0;2;0;0;0;0;0;1;1;0;2;0;0
"06/09/2012";"19:04:00";"205";"sem vítima";"70,3";"BR-153/SP";"Sul";"Colisão Traseira";2;0;0;0;0;0;0;0;0;0;4;0;0;0;0
"06/09/2012";"20:53:00";"222";"com vítima";"57";"BR-153/SP";"Sul";"Colisão Frontal";1;0;0;1;0;0;0;0;0;0;2;0;0;2;0
"07/09/2012";"02:07:00";"8";"sem vítima";"145";"BR-153/SP";"Norte";"Saída de Pista";1;0;0;0;0;0;0;0;0;0;3;0;0;0;0
"08/09/2012";"00:28:00";"1";"com vítima";"56";"BR-153/SP";"Norte";"Saída de Pista";0;0;0;1;0;0;0;0;0;0;0;1;0;0;0
"08/09/2012";"23:39:00";"129";"sem vítima";"58,7";"BR-153/SP";"Norte";"Colisão Transversal";2;0;0;0;0;0;0;0;0;0;7;0;0;0;0
"09/09/2012";"00:50:00";"2";"sem vítima";"98";"BR-153/SP";"Norte";"Colisão Traseira";1;0;0;0;0;1;0;0;0;0;4;0;0;0;0
"09/09/2012";"02:27:00";"11";"com vítima";"73";"BR-153/SP";"Norte";"Capotamento";1;0;0;0;0;0;0;0;0;0;1;0;1;0;0
"10/09/2012";"05:32:00";"8";"sem vítima";"230";"BR-153/SP";"Sul";"Capotamento";1;0;0;0;0;0;0;0;0;0;3;0;0;0;0
"10/09/2012";"05:51:00";"9";"sem vítima";"139,3";"BR-153/SP";"Sul";"Choque contra objeto na faixa de rolamento";1;0;0;0;0;0;0;0;0;0;1;0;0;0;0
"10/09/2012";"06:48:00";"14";"com vítima";"62,2";"BR-153/SP";"Sul";"Colisão Traseira";0;0;0;1;0;0;0;0;0;1;4;1;0;0;0
"10/09/2012";"07:43:00";"25";"sem vítima";"61,8";"BR-153/SP";"Sul";"Colisão Traseira";4;0;0;0;0;0;0;0;0;0;6;0;0;0;0
"11/09/2012";"14:10:00";"120";"sem vítima";"58";"BR-153/SP";"Norte";"Saída de Pista";1;0;1;0;0;0;0;0;0;0;2;0;0;0;0
"11/09/2012";"14:15:00";"121";"sem vítima";"91";"BR-153/SP";"Norte";"Colisão Traseira";1;0;1;0;0;0;0;0;0;0;3;0;0;0;0
"11/09/2012";"20:03:00";"159";"sem vítima";"71";"BR-153/SP";"Sul";"Colisão Lateral";0;0;0;1;0;1;0;0;0;0;2;0;0;0;0
"12/09/2012";"01:58:00";"8";"com vítima";"7";"BR-153/SP";"Sul";"Colisão Frontal";0;0;2;0;0;0;0;0;0;0;0;1;0;0;1
"12/09/2012";"10:21:00";"61";"sem vítima";"58";"BR-153/SP";"Norte";"Colisão Transversal";1;0;0;0;0;0;0;0;0;1;2;0;0;0;0
"12/09/2012";"12:14:00";"82";"sem vítima";"56,3";"BR-153/SP";"Sul";"Colisão Traseira";1;0;1;0;0;0;0;0;0;0;3;0;0;0;0
"13/09/2012";"08:39:00";"48";"sem vítima";"64,3";"BR-153/SP";"Sul";"Choque contra objeto na faixa de rolamento";1;0;0;0;0;0;0;0;0;0;1;0;0;0;0
"14/09/2012";"14:44:00";"123";"sem vítima";"62";"BR-153/SP";"Norte";"Saída de Pista";0;0;1;0;0;0;0;0;0;0;1;0;0;0;0
"14/09/2012";"17:55:00";"151";"com vítima";"63";"BR-153/SP";"Sul";"Colisão Traseira";1;0;0;1;0;0;0;0;0;0;1;1;0;0;0
"14/09/2012";"18:50:00";"155";"com vítima";"56";"BR-153/SP";"Norte";"Tombamento de Moto";0;0;0;1;0;0;0;0;0;0;0;1;0;0;0
"15/09/2012";"19:23:00";"153";"com vítima";"59,7";"BR-153/SP";"Sul";"Saída de Pista";1;0;0;0;0;0;0;0;0;0;1;2;0;0;0
"15/09/2012";"22:29:00";"178";"sem vítima";"61";"BR-153/SP";"Norte";"Saída de Pista";1;0;0;0;0;0;0;0;0;0;2;0;0;0;0
"16/09/2012";"12:06:00";"61";"sem vítima";"268,1";"BR-153/SP";"Sul";"Colisão Traseira";2;0;0;0;0;0;0;0;0;0;3;0;0;0;0
"16/09/2012";"12:31:00";"66";"sem vítima";"75,4";"BR-153/SP";"Norte";"Capotamento";1;0;0;0;0;0;0;0;0;0;1;0;0;0;0
"17/09/2012";"09:02:00";"54";"sem vítima";"314";"BR-153/SP";"Norte";"Colisão Traseira";1;0;1;0;0;0;0;0;0;0;4;0;0;0;0
"17/09/2012";"21:18:00";"130";"com vítima";"168";"BR-153/SP";"Norte";"Colisão Lateral";0;0;3;0;0;0;0;0;0;0;2;0;1;0;0
"18/09/2012";"01:27:00";"5";"com vítima";"18,5";"BR-153/SP";"Norte";"Saída de Pista";0;0;0;0;0;0;0;0;0;1;0;0;0;1;0
"18/09/2012";"07:51:00";"33";"sem vítima";"62";"BR-153/SP";"Sul";"Colisão Traseira";3;0;0;0;0;0;0;0;0;0;4;0;0;0;0
"18/09/2012";"09:23:00";"49";"sem vítima";"39,6";"BR-153/SP";"Norte";"Colisão Transversal";0;0;0;0;0;0;0;0;0;2;5;0;0;0;0
"18/09/2012";"21:33:00";"148";"sem vítima";"56";"BR-153/SP";"Norte";"Colisão Traseira";2;0;0;0;0;0;0;0;0;0;6;0;0;0;0
"19/09/2012";"00:07:00";"3";"sem vítima";"71";"BR-153/SP";"Norte";"Colisão Traseira";1;0;0;0;0;0;0;0;0;1;2;0;0;0;0
"19/09/2012";"08:05:00";"35";"sem vítima";"62";"BR-153/SP";"Sul";"Colisão Traseira";0;0;0;0;0;0;0;0;0;2;3;0;0;0;0
"19/09/2012";"10:45:00";"83";"sem vítima";"52,1";"BR-153/SP";"Sul";"Colisão Transversal";2;0;0;0;0;0;0;0;0;0;4;0;0;0;0
"19/09/2012";"14:29:00";"120";"sem vítima";"70,1";"BR-153/SP";"Norte";"Colisão Transversal";1;0;1;0;0;0;0;0;0;0;3;0;0;0;0
"19/09/2012";"15:13:00";"131";"com vítima";"18";"BR-153/SP";"Norte";"Colisão Lateral";0;0;2;0;0;0;0;0;0;0;1;1;0;0;0
"19/09/2012";"18:30:00";"159";"com vítima";"179,1";"BR-153/SP";"Norte";"Atropelamento  de Pedestre";0;0;0;0;0;1;0;0;0;0;1;0;0;1;0
"19/09/2012";"18:46:00";"162";"sem vítima";"274,4";"BR-153/SP";"Sul";"Saída de Pista";0;0;0;0;0;0;0;0;0;1;2;0;0;0;0
"19/09/2012";"19:23:00";"169";"sem vítima";"19,8";"BR-153/SP";"Sul";"Colisão Lateral";1;0;0;0;0;1;0;0;0;0;4;0;0;0;0
"19/09/2012";"23:10:00";"182";"com vítima";"16,3";"BR-153/SP";"Sul";"Colisão Frontal";0;0;2;0;0;0;0;0;0;0;0;2;0;0;0
"20/09/2012";"04:12:00";"15";"sem vítima";"85,3";"BR-153/SP";"Norte";"Saída de Pista";1;0;0;0;0;0;0;0;0;0;2;0;0;0;0
"20/09/2012";"05:38:00";"17";"com vítima";"16,3";"BR-153/SP";"Sul";"Choque contra veículo no acostamento";0;0;2;0;0;0;0;0;0;0;1;1;0;0;0
"20/09/2012";"18:42:00";"117";"sem vítima";"185,5";"BR-153/SP";"Sul";"Choque contra objeto na faixa de rolamento";1;0;0;0;0;0;0;0;0;0;1;0;0;0;0
"21/09/2012";"09:26:00";"50";"com vítima";"96";"BR-153/SP";"Norte";"Colisão Frontal";2;0;0;0;0;0;0;0;0;0;0;4;1;0;0
"21/09/2012";"11:42:00";"69";"sem vítima";"344";"BR-153/SP";"Norte";"Saída de Pista";0;0;1;0;0;0;0;0;0;0;1;0;0;0;0
"21/09/2012";"13:34:00";"83";"com vítima";"79";"BR-153/SP";"Norte";"Colisão Transversal";2;0;0;0;0;0;0;0;0;0;1;0;2;0;0
"22/09/2012";"21:47:00";"119";"com vítima";"276,1";"BR-153/SP";"Sul";"Colisão Frontal";1;0;0;1;0;0;0;0;0;0;1;0;0;0;1
"22/09/2012";"22:25:00";"121";"com vítima";"45,8";"BR-153/SP";"Norte";"Tombamento de Moto";0;0;0;1;0;0;0;0;0;0;0;1;0;0;0
"23/09/2012";"12:55:00";"104";"sem vítima";"82";"BR-153/SP";"Sul";"Colisão Transversal";0;0;2;0;0;0;0;0;0;0;2;0;0;0;0
"23/09/2012";"12:55:00";"103";"sem vítima";"97";"BR-153/SP";"Sul";"Choque contra objeto na faixa de rolamento";0;0;1;0;0;0;0;0;0;0;1;0;0;0;0
"24/09/2012";"06:26:00";"11";"sem vítima";"97,8";"BR-153/SP";"Norte";"Choque contra objeto na faixa de rolamento";1;0;0;0;1;0;0;0;0;0;2;0;0;0;0
"24/09/2012";"07:32:00";"19";"sem vítima";"62,9";"BR-153/SP";"Sul";"Colisão Traseira";1;0;0;0;0;1;0;0;0;1;3;0;0;0;0
"24/09/2012";"08:24:00";"28";"sem vítima";"62,5";"BR-153/SP";"Sul";"Colisão Traseira";1;0;0;0;0;0;0;0;0;1;3;0;0;0;0
"24/09/2012";"17:33:00";"110";"sem vítima";"280";"BR-153/SP";"Norte";"Colisão Traseira";1;0;1;0;0;0;0;0;0;0;5;0;0;0;0
"24/09/2012";"22:10:00";"132";"sem vítima";"91,5";"BR-153/SP";"Norte";"Saída de Pista";1;0;0;0;0;0;0;0;0;0;1;0;0;0;0
"26/09/2012";"18:43:00";"121";"sem vítima";"99";"BR-153/SP";"Norte";"Colisão Traseira";0;0;2;0;0;0;0;0;0;0;3;0;0;0;0
"26/09/2012";"18:51:00";"122";"sem vítima";"58,7";"BR-153/SP";"Sul";"Colisão Transversal";2;0;0;0;0;0;0;0;0;0;3;0;0;0;0
"27/09/2012";"06:54:00";"16";"sem vítima";"62,2";"BR-153/SP";"Sul";"Engavetamento";3;0;0;0;0;0;0;0;0;0;5;0;0;0;0
"27/09/2012";"08:09:00";"29";"sem vítima";"73";"BR-153/SP";"Sul";"Colisão Traseira";1;0;0;0;0;0;0;0;0;1;2;0;0;0;0
"27/09/2012";"08:23:00";"31";"com vítima";"73,175";"BR-153/SP";"Sul";"Colisão Traseira";4;0;0;0;1;0;0;0;0;0;28;1;3;0;0
"27/09/2012";"09:41:00";"45";"sem vítima";"72";"BR-153/SP";"Sul";"Engavetamento";1;0;1;0;0;0;0;0;0;1;3;0;0;0;0
"27/09/2012";"16:46:00";"102";"com vítima";"288,9";"BR-153/SP";"Sul";"Saída de Pista";1;0;0;0;0;1;0;0;0;0;1;1;0;0;0
"27/09/2012";"22:40:00";"128";"sem vítima";"143";"BR-153/SP";"Sul";"Saída de Pista";1;0;0;0;0;0;0;0;0;0;1;0;0;0;0
"28/09/2012";"07:27:00";"25";"com vítima";"108";"BR-153/SP";"Sul";"Choque contra Objeto Fixo";0;0;0;1;0;0;0;0;0;0;0;1;0;0;0
"28/09/2012";"08:31:00";"29";"com vítima";"70";"BR-153/SP";"Sul";"Colisão Frontal";1;0;1;0;0;0;0;0;0;0;1;2;0;0;0
"28/09/2012";"14:41:00";"104";"com vítima";"44";"BR-153/SP";"Norte";"Colisão Lateral";1;0;1;0;0;0;0;0;0;0;1;0;1;0;0
"28/09/2012";"15:46:00";"114";"sem vítima";"58";"BR-153/SP";"Norte";"Colisão Transversal";2;0;0;0;0;0;0;0;0;0;2;0;0;0;0
"28/09/2012";"20:59:00";"146";"sem vítima";"7,2";"BR-153/SP";"Sul";"Capotamento";1;0;0;0;0;0;0;0;0;0;1;0;0;0;0
"28/09/2012";"23:21:00";"161";"sem vítima";"71";"BR-153/SP";"Norte";"Colisão Transversal";2;0;0;0;0;0;0;0;0;0;3;0;0;0;0
"29/09/2012";"12:49:00";"81";"com vítima";"174,4";"BR-153/SP";"Sul";"Colisão Transversal";2;0;0;0;0;0;0;0;0;0;6;0;1;0;0
"29/09/2012";"16:42:00";"107";"sem vítima";"256";"BR-153/SP";"Norte";"Colisão Lateral";0;0;0;1;0;1;0;0;0;0;2;0;0;0;0
"29/09/2012";"19:22:00";"119";"sem vítima";"58,1";"BR-153/SP";"Sul";"Colisão Transversal";2;0;0;0;0;0;0;0;0;0;6;0;0;0;0
"29/09/2012";"19:26:00";"120";"sem vítima";"71";"BR-153/SP";"Norte";"Colisão Lateral";0;0;2;0;0;0;0;0;0;0;4;0;0;0;0
"29/09/2012";"22:31:00";"133";"com vítima";"160,8";"BR-153/SP";"Sul";"Colisão Traseira";1;0;1;0;0;0;0;0;0;0;5;1;0;0;0
"30/09/2012";"12:37:00";"88";"com vítima";"255";"BR-153/SP";"Sul";"Colisão Transversal";1;0;0;1;0;0;0;0;0;0;1;0;1;0;0
"30/09/2012";"18:55:00";"136";"com vítima";"154,5";"BR-153/SP";"Sul";"Colisão Traseira";1;0;0;1;0;0;0;0;0;0;1;0;0;1;0
"01/10/2012";"00:53:00";"2";"com vítima";"63,8";"BR-153/SP";"Sul";"Tombamento de Moto";0;0;0;1;0;0;0;0;0;0;0;1;0;0;0
"01/10/2012";"17:06:00";"140";"sem vítima";"35,8";"BR-153/SP";"Sul";"Choque contra Objeto Fixo";0;0;1;0;0;0;0;0;0;0;1;0;0;0;0
"02/10/2012";"00:46:00";"4";"com vítima";"275,5";"BR-153/SP";"Sul";"Saída de Pista";1;0;0;0;0;0;0;0;0;0;0;1;0;0;0
"02/10/2012";"07:55:00";"36";"com vítima";"44";"BR-153/SP";"Norte";"Choque contra objeto na faixa de rolamento";0;0;0;1;0;0;0;0;0;0;0;0;1;0;0
"02/10/2012";"10:48:00";"94";"sem vítima";"178";"BR-153/SP";"Sul";"Tombamento";0;0;1;0;0;0;0;0;0;0;1;0;0;0;0
"02/10/2012";"15:58:00";"163";"sem vítima";"98,5";"BR-153/SP";"Norte";"Colisão Traseira";1;0;1;0;0;0;0;0;0;0;2;0;0;0;0
"02/10/2012";"19:29:00";"187";"sem vítima";"35,8";"BR-153/SP";"Sul";"Colisão Traseira";1;0;1;0;0;0;0;0;0;0;3;0;0;0;0
"03/10/2012";"07:25:00";"34";"sem vítima";"21";"BR-153/SP";"Norte";"Colisão Traseira";2;0;0;0;0;0;0;0;0;0;5;0;0;0;0
"03/10/2012";"09:24:00";"62";"com vítima";"35";"BR-153/SP";"Sul";"Colisão Traseira";1;0;0;0;0;0;0;0;0;1;1;1;0;0;0
"03/10/2012";"10:22:00";"78";"sem vítima";"41";"BR-153/SP";"Norte";"Saída de Pista";0;0;1;0;0;0;0;0;0;0;1;0;0;0;0
"03/10/2012";"17:21:00";"145";"com vítima";"257";"BR-153/SP";"Norte";"Colisão Transversal";1;0;0;1;0;0;0;0;0;0;2;1;0;0;0
"04/10/2012";"08:47:00";"52";"sem vítima";"61";"BR-153/SP";"Norte";"Saída de Pista";0;0;1;0;0;0;0;0;0;0;2;0;0;0;0
"04/10/2012";"08:50:00";"53";"com vítima";"70";"BR-153/SP";"Norte";"Colisão Frontal";2;0;0;0;0;0;0;0;0;0;1;1;0;0;0
"04/10/2012";"08:58:00";"55";"sem vítima";"74";"BR-153/SP";"Norte";"Colisão Traseira";2;0;0;0;0;0;0;0;0;0;2;0;0;0;0
"04/10/2012";"09:52:00";"65";"com vítima";"321,2";"BR-153/SP";"Norte";"Colisão Traseira";0;0;2;0;0;0;0;0;0;0;2;0;1;0;0
"04/10/2012";"12:39:00";"94";"sem vítima";"256";"BR-153/SP";"Norte";"Colisão Transversal";2;0;0;0;0;0;0;0;0;0;2;0;0;0;0
"04/10/2012";"15:40:00";"123";"sem vítima";"96";"BR-153/SP";"Norte";"Saída de Pista";0;0;0;0;0;0;0;0;0;1;1;0;0;0;0
"04/10/2012";"22:24:00";"151";"com vítima";"70,3";"BR-153/SP";"Norte";"Colisão Frontal";1;0;1;0;0;0;0;0;0;0;1;0;0;0;1
"05/10/2012";"09:39:00";"44";"com vítima";"73";"BR-153/SP";"Sul";"Colisão Traseira";1;0;0;0;0;0;0;0;0;1;2;1;0;0;0
"05/10/2012";"11:23:00";"68";"sem vítima";"58";"BR-153/SP";"Norte";"Colisão Lateral";1;0;1;0;0;0;0;0;0;0;3;0;0;0;0
"05/10/2012";"12:11:00";"76";"sem vítima";"35,8";"BR-153/SP";"Sul";"Colisão Traseira";0;0;1;0;0;0;0;0;0;1;4;0;0;0;0
"05/10/2012";"18:30:00";"116";"com vítima";"91,5";"BR-153/SP";"Norte";"Colisão Transversal";1;0;1;0;0;0;0;0;0;0;1;0;0;0;1
"05/10/2012";"21:58:00";"140";"com vítima";"274,3";"BR-153/SP";"Norte";"Capotamento";1;0;0;0;0;0;0;0;0;0;0;1;0;0;0
"05/10/2012";"23:23:00";"146";"sem vítima";"179";"BR-153/SP";"Sul";"Saída de Pista";1;0;0;0;0;0;0;0;0;0;1;0;0;0;0
"06/10/2012";"00:03:00";"1";"sem vítima";"286,3";"BR-153/SP";"Sul";"Saída de Pista";1;0;0;0;0;0;0;0;0;0;3;0;0;0;0
"06/10/2012";"12:25:00";"95";"sem vítima";"75,8";"BR-153/SP";"Norte";"Choque contra Objeto Fixo";1;0;0;0;0;0;0;0;0;0;1;0;0;0;0
"06/10/2012";"20:49:00";"158";"sem vítima";"98,5";"BR-153/SP";"Sul";"Choque na Praça - Submarino";1;0;0;0;0;0;0;0;0;0;2;0;0;0;0
"07/10/2012";"01:48:00";"10";"sem vítima";"74,8";"BR-153/SP";"Sul";"Colisão Lateral";1;0;1;0;0;0;0;0;0;0;3;0;0;0;0
"07/10/2012";"02:20:00";"13";"sem vítima";"178,3";"BR-153/SP";"Norte";"Capotamento";1;0;0;0;0;0;0;0;0;0;1;0;0;0;0
"07/10/2012";"04:02:00";"19";"sem vítima";"306,4";"BR-153/SP";"Sul";"Saída de Pista";1;0;0;0;0;0;0;0;0;0;1;0;0;0;0
"07/10/2012";"10:16:00";"61";"sem vítima";"200,4";"BR-153/SP";"Sul";"Choque contra objeto na faixa de rolamento";1;0;1;0;0;0;0;0;0;0;2;0;0;0;0
"07/10/2012";"16:30:00";"125";"com vítima";"74";"BR-153/SP";"Sul";"Colisão Traseira";2;0;1;1;0;0;0;0;0;0;2;3;0;0;0
"08/10/2012";"18:26:00";"113";"com vítima";"65,9";"BR-153/SP";"Sul";"Colisão Frontal";1;0;1;0;0;0;0;0;0;0;1;1;1;0;0
"08/10/2012";"18:41:00";"116";"com vítima";"65,3";"BR-153/SP";"Sul";"Colisão Traseira";1;0;0;0;0;0;0;0;0;1;2;1;0;0;0
"09/10/2012";"14:03:00";"100";"sem vítima";"299,1";"BR-153/SP";"Sul";"Colisão Transversal";1;0;1;0;0;0;0;0;0;0;5;0;0;0;0
"09/10/2012";"14:30:00";"105";"sem vítima";"49";"BR-153/SP";"Norte";"Colisão Traseira";0;0;2;0;0;0;0;0;0;0;2;0;0;0;0
"09/10/2012";"15:51:00";"110";"sem vítima";"46,7";"BR-153/SP";"Norte";"Tombamento";0;0;1;0;0;0;0;0;0;0;1;0;0;0;0
"09/10/2012";"20:18:00";"136";"com vítima";"58";"BR-153/SP";"Norte";"Colisão Transversal";2;0;0;0;0;0;0;0;0;0;5;1;1;0;0
"10/10/2012";"01:41:00";"5";"com vítima";"109,2";"BR-153/SP";"Norte";"Saída de Pista";1;0;0;0;0;0;0;0;0;0;0;1;0;0;0
"10/10/2012";"12:43:00";"85";"sem vítima";"98";"BR-153/SP";"Norte";"Colisão Traseira";2;0;0;0;0;0;0;0;0;0;2;0;0;0;0
"10/10/2012";"14:51:00";"105";"com vítima";"137";"BR-153/SP";"Norte";"Engavetamento";0;0;3;0;0;0;0;0;0;0;2;1;0;0;0
"10/10/2012";"15:11:00";"108";"sem vítima";"58";"BR-153/SP";"Norte";"Colisão Transversal";1;0;1;0;0;0;0;0;0;0;5;0;0;0;0
"10/10/2012";"16:26:00";"113";"com vítima";"108";"BR-153/SP";"Norte";"Colisão Lateral";1;0;0;1;0;0;0;0;0;1;3;0;1;0;0
"10/10/2012";"17:56:00";"119";"sem vítima";"73";"BR-153/SP";"Sul";"Colisão Lateral";0;0;1;0;0;0;0;0;0;1;2;0;0;0;0
"10/10/2012";"18:41:00";"125";"sem vítima";"58";"BR-153/SP";"Norte";"Colisão Transversal";2;0;0;0;0;0;0;0;0;0;2;0;0;0;0
"10/10/2012";"23:00:00";"135";"sem vítima";"54";"BR-153/SP";"Sul";"Colisão Traseira";2;0;0;0;0;0;0;0;0;0;2;0;0;0;0
"11/10/2012";"02:17:00";"8";"sem vítima";"274,5";"BR-153/SP";"Norte";"Choque contra Objeto Fixo";0;0;1;0;0;0;0;0;0;0;1;0;0;0;0
"11/10/2012";"08:12:00";"46";"com vítima";"103,8";"BR-153/SP";"Norte";"Saída de Pista";1;0;0;0;0;0;0;0;0;0;0;1;0;0;0
"11/10/2012";"19:50:00";"152";"sem vítima";"70,3";"BR-153/SP";"Sul";"Choque contra Objeto Fixo";1;0;0;0;0;0;0;0;0;0;1;0;0;0;0
"12/10/2012";"11:21:00";"76";"sem vítima";"214,3";"BR-153/SP";"Sul";"Colisão Traseira";1;0;2;0;0;0;0;0;0;0;4;0;0;0;0
"12/10/2012";"12:06:00";"85";"sem vítima";"98";"BR-153/SP";"Norte";"Saída de Pista";1;0;0;0;0;0;0;0;0;0;5;0;0;0;0
"12/10/2012";"17:41:00";"116";"sem vítima";"58,2";"BR-153/SP";"Norte";"Colisão Transversal";2;0;0;0;0;0;0;0;0;0;4;0;0;0;0