data;horario;n_da_ocorrencia;tipo_de_ocorrencia;km;trecho;sentido;tipo_de_acidente;automovel;bicicleta;caminhao;moto;onibus;outros;tracao_animal;transporte_de_cargas_especiais;trator_maquinas;utilitarios;ilesos;levemente_feridos;moderadamente_feridos;gravemente_feridos;mortos
"18/01/2013";"03:02:00";"13";"sem vítima";"70";"BR-153/SP";"Norte";"Atropelamento de Animal";0;0;0;0;0;0;0;0;0;1;1;0;0;0;0
"18/01/2013";"08:27:00";"50";"sem vítima";"62,4";"BR-153/SP";"Sul";"Colisão Traseira";1;0;0;0;0;0;0;0;0;1;4;0;0;0;0
"18/01/2013";"09:01:00";"54";"com vítima";"302";"BR-153/SP";"Norte";"Colisão Transversal";1;0;0;0;0;0;0;0;0;1;1;0;1;0;0
"18/01/2013";"18:56:00";"133";"com vítima";"208,8";"BR-153/SP";"Norte";"Engavetamento";3;0;0;0;0;0;0;0;0;0;2;2;0;0;0
"18/01/2013";"19:34:00";"140";"com vítima";"35,8";"BR-153/SP";"Sul";"Colisão Traseira";0;0;1;0;0;0;0;0;0;1;1;1;0;0;0
"18/01/2013";"19:56:00";"141";"sem vítima";"98,5";"BR-153/SP";"Norte";"Colisão Traseira";1;0;0;0;0;0;0;0;0;1;4;0;0;0;0
"19/01/2013";"14:53:00";"92";"com vítima";"30";"BR-153/SP";"Norte";"Choque contra Objeto Fixo";0;0;0;1;0;0;0;0;0;0;0;0;0;1;0
"20/01/2013";"04:44:00";"22";"com vítima";"35";"BR-153/SP";"Norte";"Colisão Transversal";1;0;0;1;0;0;0;0;0;0;3;1;0;1;0
"20/01/2013";"16:15:00";"106";"sem vítima";"28,4";"BR-153/SP";"Sul";"Choque contra objeto na faixa de rolamento";1;0;0;0;0;1;0;0;0;0;2;0;0;0;0
"21/01/2013";"03:09:00";"12";"com vítima";"258,5";"BR-153/SP";"Sul";"Atropelamento de Animal";0;0;0;0;0;0;0;0;0;1;1;2;0;0;0
"21/01/2013";"07:27:00";"38";"com vítima";"53";"BR-153/SP";"Norte";"Atropelamento de Animal";0;0;0;1;0;0;0;0;0;0;0;1;0;0;0
"21/01/2013";"09:08:00";"63";"sem vítima";"30";"BR-153/SP";"Norte";"Colisão Traseira";1;0;0;0;0;0;0;0;0;2;7;0;0;0;0
"21/01/2013";"14:37:00";"113";"sem vítima";"188,5";"BR-153/SP";"Sul";"Engavetamento";2;0;0;0;0;1;0;0;0;0;6;0;0;0;0
"21/01/2013";"16:54:00";"133";"sem vítima";"31,5";"BR-153/SP";"Norte";"Colisão Transversal";2;0;0;0;0;0;0;0;0;0;3;0;0;0;0
"21/01/2013";"17:52:00";"141";"com vítima";"61";"BR-153/SP";"Norte";"Tombamento de Moto";0;0;0;1;0;1;0;0;0;0;1;1;0;0;0
"21/01/2013";"22:21:00";"174";"sem vítima";"56";"BR-153/SP";"Sul";"Colisão Traseira";1;0;0;1;0;0;0;0;0;0;2;0;0;0;0
"22/01/2013";"00:30:00";"2";"com vítima";"56";"BR-153/SP";"Sul";"Choque contra Objeto Fixo";1;0;0;0;0;0;0;0;0;0;0;2;0;0;0
"22/01/2013";"08:30:00";"40";"sem vítima";"172";"BR-153/SP";"Norte";"Colisão Lateral";2;0;0;0;0;0;0;0;0;0;2;0;0;0;0
"22/01/2013";"10:44:00";"68";"sem vítima";"32";"BR-153/SP";"Norte";"Colisão Traseira";0;0;1;0;0;0;0;0;0;1;5;0;0;0;0
"22/01/2013";"15:35:00";"91";"sem vítima";"209";"BR-153/SP";"Sul";"Colisão Transversal";1;0;0;1;0;0;0;0;0;0;3;0;0;0;0
"23/01/2013";"11:22:00";"86";"com vítima";"291,9";"BR-153/SP";"Sul";"Tombamento";0;0;1;0;0;0;0;0;0;0;0;1;0;0;0
"25/01/2013";"19:26:00";"183";"sem vítima";"106";"BR-153/SP";"Sul";"Atropelamento de Animal";1;0;0;0;0;0;0;0;0;0;3;0;0;0;0
"26/01/2013";"04:34:00";"10";"com vítima";"187";"BR-153/SP";"Norte";"Colisão Lateral";1;0;1;0;0;0;0;0;0;0;1;1;0;0;0
"26/01/2013";"19:28:00";"114";"sem vítima";"128,5";"BR-153/SP";"Norte";"Tombamento";0;0;1;0;0;0;0;0;0;0;1;0;0;0;0
"27/01/2013";"13:29:00";"70";"sem vítima";"230";"BR-153/SP";"Norte";"Capotamento";0;0;0;0;0;0;0;0;0;1;2;0;0;0;0
"27/01/2013";"14:15:00";"73";"sem vítima";"5";"BR-153/SP";"Norte";"Colisão Lateral";1;0;1;0;0;0;0;0;0;0;2;0;0;0;0
"27/01/2013";"15:44:00";"80";"sem vítima";"97,5";"BR-153/SP";"Norte";"Colisão Lateral";0;0;1;0;0;0;0;0;0;0;1;0;0;0;0
"27/01/2013";"17:25:00";"92";"sem vítima";"130";"BR-153/SP";"Sul";"Saída de Pista";0;0;1;0;0;0;0;0;0;0;2;0;0;0;0
"28/01/2013";"07:59:00";"37";"com vítima";"52";"BR-153/SP";"Norte";"Colisão Transversal";0;0;2;0;0;0;0;0;0;0;2;0;1;0;0
"28/01/2013";"17:22:00";"121";"sem vítima";"66";"BR-153/SP";"Norte";"Capotamento";1;0;0;0;0;0;0;0;0;0;4;0;0;0;0
"28/01/2013";"18:14:00";"128";"com vítima";"74,2";"BR-153/SP";"Sul";"Tombamento de Moto";0;0;0;1;0;0;0;0;0;0;0;1;0;0;0
"28/01/2013";"18:25:00";"129";"sem vítima";"73,5";"BR-153/SP";"Sul";"Engavetamento";3;0;0;0;0;0;0;0;0;0;8;0;0;0;0
"29/01/2013";"11:27:00";"92";"sem vítima";"35,9";"BR-153/SP";"Norte";"Colisão Traseira";1;0;1;0;0;0;0;0;0;0;4;0;0;0;0
"30/01/2013";"15:03:00";"103";"com vítima";"30";"BR-153/SP";"Norte";"Colisão Transversal";1;0;0;1;0;0;0;0;0;0;1;1;0;0;0
"30/01/2013";"18:14:00";"128";"sem vítima";"28";"BR-153/SP";"Norte";"Colisão Lateral";1;0;2;0;0;0;0;0;0;0;5;0;0;0;0
"31/01/2013";"12:44:00";"78";"sem vítima";"28";"BR-153/SP";"Norte";"Saída de Pista";1;0;0;0;0;0;0;0;0;0;1;0;0;0;0
"31/01/2013";"14:47:00";"93";"sem vítima";"93";"BR-153/SP";"Norte";"Saída de Pista";1;0;0;0;0;0;0;0;0;0;2;0;0;0;0
"01/02/2013";"00:25:00";"2";"sem vítima";"94,6";"BR-153/SP";"Norte";"Saída de Pista";1;0;0;0;0;0;0;0;0;0;2;0;0;0;0
"01/02/2013";"12:34:00";"83";"sem vítima";"74,1";"BR-153/SP";"Sul";"Queda de moto";0;0;0;1;0;0;0;0;0;0;1;0;0;0;0
"01/02/2013";"18:28:00";"108";"com vítima";"72,7";"BR-153/SP";"Sul";"Queda de moto";0;0;0;1;0;0;0;0;0;0;1;1;0;0;0
"02/02/2013";"00:31:00";"2";"sem vítima";"98,5";"BR-153/SP";"Norte";"Outros";0;0;1;0;0;0;0;0;0;0;1;0;0;0;0
"02/02/2013";"11:55:00";"63";"sem vítima";"77";"BR-153/SP";"Sul";"Colisão Lateral";1;0;1;0;0;0;0;0;0;0;3;0;0;0;0
"02/02/2013";"21:03:00";"110";"sem vítima";"163,9";"BR-153/SP";"Sul";"Queda de moto";0;0;0;1;0;0;0;0;0;0;2;0;0;0;0
"02/02/2013";"23:20:00";"122";"sem vítima";"58,2";"BR-153/SP";"Sul";"Queda de moto";0;0;0;1;0;0;0;0;0;0;2;0;0;0;0
"03/02/2013";"12:24:00";"57";"com vítima";"255,7";"BR-153/SP";"Norte";"Abalroamento transversal";1;0;0;1;0;0;0;0;0;1;5;0;1;0;0
"03/02/2013";"17:48:00";"83";"com vítima";"288,8";"BR-153/SP";"Sul";"Colisão Traseira";2;0;0;0;0;0;0;0;0;0;7;1;0;0;0
"03/02/2013";"21:16:00";"102";"com vítima";"256,3";"BR-153/SP";"Sul";"Abalroamento transversal";1;0;0;1;0;0;0;0;0;0;0;3;0;0;0
"04/02/2013";"18:42:00";"144";"sem vítima";"208,85";"BR-153/SP";"Sul";"Colisão Lateral";2;0;0;0;0;0;0;0;0;0;5;0;0;0;0
"05/02/2013";"09:57:00";"79";"sem vítima";"178";"BR-153/SP";"Norte";"Queda de moto";0;0;0;1;0;0;0;0;0;0;1;0;0;0;0
"05/02/2013";"19:51:00";"160";"com vítima";"73,5";"BR-153/SP";"Sul";"Colisão Traseira";0;0;0;2;0;0;0;0;0;0;2;0;1;0;0
"06/02/2013";"07:01:00";"25";"sem vítima";"61";"BR-153/SP";"Norte";"Colisão Traseira";1;0;0;0;0;1;0;0;0;0;2;0;0;0;0
"06/02/2013";"07:32:00";"34";"sem vítima";"62";"BR-153/SP";"Sul";"Colisão Traseira";1;0;0;0;0;0;0;0;0;1;4;0;0;0;0
"06/02/2013";"16:52:00";"126";"com vítima";"193";"BR-153/SP";"Norte";"Colisão Traseira";1;0;1;0;0;0;0;0;0;0;2;1;0;0;0
"06/02/2013";"19:48:00";"142";"com vítima";"81,5";"BR-153/SP";"Norte";"Abalroamento transversal";1;0;0;0;0;0;0;0;0;1;0;3;2;0;0
"07/02/2013";"02:10:00";"7";"sem vítima";"268,4";"BR-153/SP";"Norte";"Outros";1;0;0;0;0;0;0;0;0;0;1;0;0;0;0
"07/02/2013";"13:57:00";"94";"sem vítima";"52";"BR-153/SP";"Sul";"Saída de Pista";0;0;1;0;0;0;0;0;0;0;1;0;0;0;0
"07/02/2013";"14:48:00";"100";"sem vítima";"175,8";"BR-153/SP";"Norte";"Colisão Lateral";0;0;1;0;0;0;0;0;0;1;2;0;0;0;0
"07/02/2013";"18:03:00";"123";"sem vítima";"108";"BR-153/SP";"Norte";"Colisão Lateral";0;0;0;0;0;1;0;0;0;1;2;0;0;0;0
"07/02/2013";"23:21:00";"148";"sem vítima";"343,3";"BR-153/SP";"Norte";"Tombamento";0;0;1;0;0;0;0;0;0;0;1;0;0;0;0
"08/02/2013";"07:48:00";"18";"com vítima";"53,5";"BR-153/SP";"Norte";"Abalroamento transversal";2;0;0;0;0;0;0;0;0;0;0;4;0;1;0
"08/02/2013";"08:33:00";"24";"com vítima";"16,9";"BR-153/SP";"Norte";"Colisão Frontal";2;0;0;0;0;0;0;0;0;0;0;2;2;0;1
"08/02/2013";"10:15:00";"33";"sem vítima";"16";"BR-153/SP";"Sul";"Colisão Traseira";0;0;2;0;0;0;0;0;0;0;2;0;0;0;0
"08/02/2013";"12:07:00";"43";"sem vítima";"217";"BR-153/SP";"Norte";"Saída de Pista";0;0;0;0;0;0;0;0;0;1;2;0;0;0;0
"08/02/2013";"13:18:00";"52";"sem vítima";"308";"BR-153/SP";"Norte";"Colisão Traseira";1;0;1;0;0;0;0;0;0;0;3;0;0;0;0
"08/02/2013";"18:28:00";"76";"sem vítima";"63";"BR-153/SP";"Sul";"Colisão Traseira";1;0;0;0;0;0;0;0;0;1;2;0;0;0;0
"09/02/2013";"01:42:00";"2";"com vítima";"95";"BR-153/SP";"Norte";"Saída de Pista";1;0;0;0;0;0;0;0;0;0;0;0;2;0;0
"09/02/2013";"07:33:00";"20";"sem vítima";"74,5";"BR-153/SP";"Sul";"Saída de Pista";1;0;0;0;0;0;0;0;0;0;1;0;0;0;0
"09/02/2013";"07:57:00";"22";"sem vítima";"213";"BR-153/SP";"Sul";"Saída de Pista";1;0;0;0;0;0;0;0;0;0;2;0;0;0;0
"09/02/2013";"11:06:00";"45";"sem vítima";"58,8";"BR-153/SP";"Sul";"Abalroamento transversal";2;0;0;0;0;0;0;0;0;0;2;0;0;0;0
"10/02/2013";"09:28:00";"36";"com vítima";"47";"BR-153/SP";"Norte";"Abalroamento transversal";2;0;0;0;0;0;0;0;0;0;3;1;1;0;0
"11/02/2013";"01:35:00";"12";"com vítima";"25,4";"BR-153/SP";"Sul";"Choque contra Objeto Fixo";1;0;0;0;0;0;0;0;0;0;0;4;0;0;0
"12/02/2013";"19:15:00";"106";"com vítima";"335,7";"BR-153/SP";"Sul";"Colisão Lateral";1;0;1;0;0;0;0;0;0;0;1;1;0;0;0
"14/02/2013";"06:58:00";"68";"com vítima";"62,5";"BR-153/SP";"Sul";"Engavetamento";6;0;0;0;0;0;0;0;0;0;7;2;0;0;0
"14/02/2013";"06:58:00";"9";"sem vítima";"62,5";"BR-153/SP";"Sul";"Engavetamento";3;0;0;0;0;0;0;0;0;0;3;0;0;0;0
"14/02/2013";"07:27:00";"11";"sem vítima";"60,9";"BR-153/SP";"Sul";"Colisão Traseira";1;0;0;1;0;0;0;0;0;0;2;0;0;0;0
"14/02/2013";"16:48:00";"175";"com vítima";"173";"BR-153/SP";"Sul";"Queda de moto";0;0;0;1;0;0;0;0;0;0;0;2;0;0;0
"14/02/2013";"21:39:00";"217";"sem vítima";"208";"BR-153/SP";"Norte";"Atropelamento de Animal";0;0;1;0;0;0;0;0;0;0;1;0;0;0;0
"15/02/2013";"07:58:00";"42";"sem vítima";"134,5";"BR-153/SP";"Sul";"Outros";0;0;2;0;0;0;0;0;0;0;2;0;0;0;0
"15/02/2013";"14:28:00";"99";"com vítima";"341,1";"BR-153/SP";"Sul";"Queda de moto";0;0;0;1;0;0;0;0;0;0;0;1;0;0;0
"16/02/2013";"13:34:00";"99";"sem vítima";"82";"BR-153/SP";"Norte";"Colisão Traseira";1;0;1;0;0;0;0;0;0;0;3;0;0;0;0
"16/02/2013";"13:41:00";"100";"com vítima";"129,7";"BR-153/SP";"Sul";"Queda de moto";0;0;0;1;0;0;0;0;0;0;1;1;0;0;0
"16/02/2013";"15:32:00";"125";"sem vítima";"62";"BR-153/SP";"Norte";"Colisão Traseira";1;0;0;0;0;0;0;0;0;1;4;0;0;0;0
"16/02/2013";"16:42:00";"152";"com vítima";"62";"BR-153/SP";"Sul";"Queda de moto";0;0;0;1;0;0;0;0;0;0;1;1;0;0;0
"18/02/2013";"09:19:00";"53";"com vítima";"61";"BR-153/SP";"Sul";"Queda de moto";0;0;0;1;0;0;0;0;0;0;0;1;0;0;0
"19/02/2013";"08:52:00";"41";"sem vítima";"71,8";"BR-153/SP";"Sul";"Colisão Traseira";2;0;0;0;0;0;0;0;0;0;9;0;0;0;0
"19/02/2013";"11:21:00";"57";"sem vítima";"211";"BR-153/SP";"Sul";"Colisão Traseira";1;0;1;0;0;0;0;0;0;0;4;0;0;0;0
"20/02/2013";"07:09:00";"31";"com vítima";"58";"BR-153/SP";"Sul";"Abalroamento transversal";1;0;0;1;0;0;0;0;0;0;1;1;0;0;0
"20/02/2013";"17:47:00";"132";"com vítima";"58";"BR-153/SP";"Norte";"Abalroamento transversal";1;0;0;0;0;0;0;0;0;1;1;0;1;0;0
"20/02/2013";"18:25:00";"137";"com vítima";"74,35";"BR-153/SP";"Norte";"Queda de moto";0;0;0;1;0;0;0;0;0;0;0;1;0;0;0
"20/02/2013";"19:05:00";"141";"com vítima";"323,7";"BR-153/SP";"Sul";"Capotamento";1;0;0;0;0;0;0;0;0;0;1;2;2;0;0
"21/02/2013";"15:44:00";"127";"sem vítima";"20,2";"BR-153/SP";"Norte";"Engavetamento";0;0;3;0;0;0;0;0;0;0;3;0;0;0;0
"21/02/2013";"18:09:00";"153";"sem vítima";"57,8";"BR-153/SP";"Sul";"Engavetamento";3;0;0;0;0;1;0;0;0;2;7;0;0;0;0
"22/02/2013";"07:55:00";"35";"sem vítima";"61,8";"BR-153/SP";"Sul";"Colisão Traseira";2;0;0;0;0;0;0;0;0;0;3;0;0;0;0
"22/02/2013";"15:58:00";"114";"com vítima";"148";"BR-153/SP";"Sul";"Atropelamento  de Pedestre";0;0;0;0;0;1;0;0;0;0;0;1;0;1;0
"23/02/2013";"09:59:00";"44";"com vítima";"81";"BR-153/SP";"Norte";"Colisão Traseira";1;0;1;0;0;0;0;0;0;0;3;1;0;0;0
"23/02/2013";"15:41:00";"85";"com vítima";"59";"BR-153/SP";"Norte";"Colisão Lateral";1;0;0;1;0;1;0;0;0;0;2;1;0;0;0
"23/02/2013";"20:17:00";"123";"com vítima";"58";"BR-153/SP";"Sul";"Abalroamento transversal";1;0;0;0;0;0;0;0;0;1;2;1;0;0;0
"23/02/2013";"21:09:00";"129";"com vítima";"256";"BR-153/SP";"Norte";"Colisão Lateral";1;0;0;1;0;0;0;0;0;0;2;1;0;0;0
"24/02/2013";"11:00:00";"67";"sem vítima";"274,5";"BR-153/SP";"Sul";"Colisão Traseira";1;0;1;0;0;0;0;0;0;0;4;0;0;0;0
"24/02/2013";"14:58:00";"97";"sem vítima";"230";"BR-153/SP";"Sul";"Saída de Pista";0;0;1;0;0;0;0;0;0;0;1;0;0;0;0
"25/02/2013";"06:38:00";"27";"sem vítima";"81";"BR-153/SP";"Norte";"Colisão Lateral";2;0;0;0;0;0;0;0;0;0;3;0;0;0;0
"25/02/2013";"07:43:00";"40";"sem vítima";"62,5";"BR-153/SP";"Norte";"Colisão Traseira";2;0;0;0;0;0;0;0;0;0;3;0;0;0;0
"25/02/2013";"16:37:00";"132";"sem vítima";"35";"BR-153/SP";"Norte";"Colisão Traseira";1;0;1;0;0;0;0;0;0;0;3;0;0;0;0
"25/02/2013";"20:27:00";"152";"com vítima";"104,3";"BR-153/SP";"Norte";"Atropelamento de Ciclista";0;1;0;0;0;0;0;0;0;1;1;1;0;0;0
"26/02/2013";"17:43:00";"128";"sem vítima";"30";"BR-153/SP";"Norte";"Abalroamento transversal";2;0;0;0;0;0;0;0;0;0;3;0;0;0;0
"27/02/2013";"07:04:00";"20";"sem vítima";"139,5";"BR-153/SP";"Norte";"Saída de Pista";1;0;0;0;0;0;0;0;0;0;1;0;0;0;0
"27/02/2013";"07:53:00";"32";"sem vítima";"62,2";"BR-153/SP";"Sul";"Engavetamento";4;0;0;0;0;0;0;0;0;0;6;0;0;0;0
"27/02/2013";"13:12:00";"98";"com vítima";"331";"BR-153/SP";"Sul";"Colisão Traseira";0;0;0;1;0;0;0;0;0;1;1;1;0;0;0
"27/02/2013";"20:43:00";"150";"com vítima";"64,7";"BR-153/SP";"Norte";"Atropelamento  de Pedestre";0;0;0;0;0;0;0;0;0;1;1;0;0;0;1
"28/02/2013";"06:36:00";"27";"com vítima";"51,4";"BR-153/SP";"Sul";"Colisão Lateral";1;0;0;1;0;0;0;0;0;0;4;0;1;0;0
"28/02/2013";"07:02:00";"34";"sem vítima";"51,4";"BR-153/SP";"Sul";"Colisão Traseira";0;0;2;0;0;0;0;0;0;0;2;0;0;0;0
"28/02/2013";"07:29:00";"44";"sem vítima";"60,8";"BR-153/SP";"Sul";"Colisão Lateral";1;0;1;0;0;0;0;0;0;0;3;0;0;0;0
"28/02/2013";"14:01:00";"119";"com vítima";"41";"BR-153/SP";"Norte";"Abalroamento transversal";2;0;0;0;0;0;0;0;0;0;1;1;0;0;0
"28/02/2013";"20:47:00";"173";"sem vítima";"35,7";"BR-153/SP";"Sul";"Atropelamento de Animal";0;0;1;0;0;0;0;0;0;0;2;0;0;0;0
"28/02/2013";"22:59:00";"185";"com vítima";"134,1";"BR-153/SP";"Norte";"Queda de moto";0;0;0;1;0;0;0;0;0;0;0;1;0;0;0
"01/03/2013";"14:41:00";"121";"sem vítima";"58,5";"BR-153/SP";"Sul";"Colisão Traseira";1;0;0;0;0;0;0;0;0;1;2;0;0;0;0
"01/03/2013";"16:51:00";"137";"sem vítima";"13";"BR-153/SP";"Norte";"Colisão Lateral";0;0;1;0;0;0;0;0;0;1;2;0;0;0;0
"01/03/2013";"20:20:00";"159";"sem vítima";"338,1";"BR-153/SP";"Sul";"Colisão Traseira";1;0;1;0;0;0;0;0;0;0;2;0;0;0;0
"02/03/2013";"01:45:00";"4";"com vítima";"256,9";"BR-153/SP";"Norte";"Colisão Lateral";1;0;0;1;0;0;0;0;0;0;4;1;0;0;0
"02/03/2013";"06:33:00";"12";"sem vítima";"87";"BR-153/SP";"Norte";"Capotamento";0;0;0;0;0;0;0;0;0;1;1;0;0;0;0
"02/03/2013";"07:37:00";"33";"com vítima";"84,5";"BR-153/SP";"Norte";"Colisão Traseira";2;0;0;0;0;0;0;0;0;0;2;1;0;0;0
"02/03/2013";"14:05:00";"100";"com vítima";"52";"BR-153/SP";"Sul";"Colisão Transversal";2;0;0;0;0;0;0;0;0;0;2;2;0;0;0
"02/03/2013";"15:04:00";"106";"sem vítima";"274,2";"BR-153/SP";"Norte";"Tombamento";0;0;1;0;0;0;0;0;0;0;1;0;0;0;0
"02/03/2013";"17:05:00";"118";"sem vítima";"45";"BR-153/SP";"Sul";"Colisão Traseira";0;0;1;0;0;0;0;0;0;1;2;0;0;0;0
"02/03/2013";"17:45:00";"120";"sem vítima";"296";"BR-153/SP";"Sul";"Saída de Pista";1;0;0;0;0;0;0;0;0;0;1;0;0;0;0
"03/03/2013";"15:49:00";"109";"com vítima";"77,9";"BR-153/SP";"Sul";"Colisão Frontal";2;0;0;0;0;0;0;0;0;0;0;3;3;0;0
"03/03/2013";"19:27:00";"127";"com vítima";"79";"BR-153/SP";"Sul";"Atropelamento  de Pedestre";1;0;0;0;0;0;0;0;0;0;2;1;0;0;0
"03/03/2013";"20:39:00";"133";"com vítima";"138";"BR-153/SP";"Norte";"Colisão Lateral";1;0;1;0;0;0;0;0;0;0;1;2;0;0;0
"03/03/2013";"23:44:00";"149";"sem vítima";"188";"BR-153/SP";"Norte";"Choque contra objeto na faixa de rolamento";0;0;0;0;0;0;0;0;0;1;4;0;0;0;0
"04/03/2013";"04:55:00";"3";"sem vítima";"63";"BR-153/SP";"Norte";"Colisão Lateral";0;0;1;0;0;0;0;0;0;1;2;0;0;0;0
"04/03/2013";"17:26:00";"123";"com vítima";"256,2";"BR-153/SP";"Norte";"Colisão Transversal";0;0;0;1;0;1;0;0;0;0;1;1;0;0;0
"04/03/2013";"22:24:00";"145";"com vítima";"63,2";"BR-153/SP";"Sul";"Capotamento";1;0;0;0;0;0;0;0;0;2;5;2;0;0;0
"04/03/2013";"23:06:00";"147";"com vítima";"62";"BR-153/SP";"Sul";"Colisão Traseira";0;0;0;1;0;1;0;0;0;0;1;1;0;0;0
"05/03/2013";"08:05:00";"50";"com vítima";"32,6";"BR-153/SP";"Sul";"Colisão Traseira";2;0;0;0;0;0;0;0;0;0;3;1;0;0;0
"05/03/2013";"08:06:00";"51";"com vítima";"55";"BR-153/SP";"Sul";"Colisão Traseira";0;0;0;2;0;0;0;0;0;0;1;1;0;0;0
"05/03/2013";"14:39:00";"123";"com vítima";"274,3";"BR-153/SP";"Norte";"Tombamento";0;0;1;0;0;0;0;0;0;0;0;1;0;0;0
"05/03/2013";"15:46:00";"131";"com vítima";"96";"BR-153/SP";"Norte";"Colisão Lateral";0;0;0;0;0;0;0;0;0;2;1;1;0;1;0
"05/03/2013";"18:12:00";"143";"sem vítima";"274";"BR-153/SP";"Sul";"Colisão Lateral";1;0;1;0;0;0;0;0;0;0;3;0;0;0;0
"05/03/2013";"18:25:00";"146";"sem vítima";"274,1";"BR-153/SP";"Sul";"Colisão Traseira";1;0;0;0;0;1;0;0;0;0;2;0;0;0;0
"06/03/2013";"00:59:00";"12";"com vítima";"33";"BR-153/SP";"Sul";"Tombamento de Moto";0;0;0;1;0;0;0;0;0;0;0;1;0;0;0
"06/03/2013";"17:56:00";"176";"sem vítima";"60";"BR-153/SP";"Sul";"Saída de Pista";1;0;0;0;0;0;0;0;0;0;2;0;0;0;0
"07/03/2013";"13:56:00";"139";"sem vítima";"327";"BR-153/SP";"Sul";"Saída de Pista";0;0;1;0;0;1;0;0;0;0;3;0;0;0;0
"07/03/2013";"17:07:00";"175";"sem vítima";"275,4";"BR-153/SP";"Norte";"Choque contra Objeto Fixo";0;0;1;0;0;0;0;0;0;0;1;0;0;0;0
"07/03/2013";"17:29:00";"178";"com vítima";"51";"BR-153/SP";"Sul";"Tombamento de Moto";0;0;0;1;0;0;0;0;0;0;0;1;0;0;0
"08/03/2013";"08:07:00";"69";"sem vítima";"345,3";"BR-153/SP";"Sul";"Saída de Pista";1;0;0;0;0;0;0;0;0;0;1;0;0;0;0
"08/03/2013";"12:42:00";"141";"sem vítima";"39,5";"BR-153/SP";"Norte";"Colisão Transversal";2;0;0;0;0;0;0;0;0;0;5;0;0;0;0
"08/03/2013";"14:11:00";"158";"sem vítima";"222";"BR-153/SP";"Sul";"Colisão Lateral";1;0;1;0;0;0;0;0;0;0;3;0;0;0;0
"08/03/2013";"19:37:00";"232";"sem vítima";"0";"BR-153/SP";"Norte";"Choque contra Objeto Fixo";1;0;0;0;0;0;0;0;0;0;1;0;0;0;0
"08/03/2013";"19:37:00";"218";"sem vítima";"0";"BR-153/SP";"Norte";"Colisão Traseira";0;0;2;0;0;0;0;0;0;0;2;0;0;0;0
"08/03/2013";"21:53:00";"227";"sem vítima";"32,9";"BR-153/SP";"Sul";"Choque contra Objeto Fixo";1;0;0;0;0;0;0;0;0;0;1;0;0;0;0
"09/03/2013";"10:17:00";"83";"com vítima";"178";"BR-153/SP";"Norte";"Tombamento de Moto";0;0;0;1;0;0;0;0;0;0;0;1;0;0;0
"09/03/2013";"11:00:00";"86";"sem vítima";"22";"BR-153/SP";"Sul";"Colisão Traseira";0;0;0;0;0;1;0;0;0;1;2;0;0;0;0
"09/03/2013";"14:39:00";"123";"sem vítima";"61";"BR-153/SP";"Norte";"Colisão Lateral";1;0;1;0;0;0;0;0;0;0;3;0;0;0;0
"09/03/2013";"17:35:00";"153";"com vítima";"96";"BR-153/SP";"Norte";"Capotamento";1;0;0;0;0;0;0;0;0;0;0;1;0;0;0
"09/03/2013";"21:38:00";"173";"sem vítima";"59";"BR-153/SP";"Norte";"Colisão Transversal";0;0;1;0;0;0;0;0;0;1;3;0;0;0;0
"10/03/2013";"04:20:00";"22";"com vítima";"268,1";"BR-153/SP";"Norte";"Choque contra Objeto Fixo";0;0;1;0;0;0;0;0;0;0;0;1;0;0;0
"10/03/2013";"11:19:00";"98";"sem vítima";"64";"BR-153/SP";"Norte";"Colisão Traseira";2;0;0;0;0;0;0;0;0;0;2;0;0;0;0
"10/03/2013";"15:34:00";"132";"com vítima";"264,2";"BR-153/SP";"Norte";"Colisão Lateral";0;0;2;0;0;0;0;0;0;0;2;0;0;1;0
"10/03/2013";"20:45:00";"177";"com vítima";"47";"BR-153/SP";"Sul";"Choque contra Objeto Fixo";0;0;0;1;0;0;0;0;0;0;0;0;0;0;1
"11/03/2013";"01:13:00";"6";"sem vítima";"69";"BR-153/SP";"Sul";"Atropelamento de Animal";1;0;0;0;0;0;0;0;0;0;1;0;0;0;0
"11/03/2013";"07:50:00";"35";"sem vítima";"72";"BR-153/SP";"Norte";"Colisão Traseira";2;0;0;0;0;0;0;0;0;0;2;0;0;0;0
"11/03/2013";"07:55:00";"39";"sem vítima";"14,7";"BR-153/SP";"Sul";"Choque contra Objeto Fixo";1;0;0;0;0;0;0;0;0;0;1;0;0;0;0
"11/03/2013";"10:28:00";"75";"com vítima";"5,3";"BR-153/SP";"Norte";"Colisão Frontal";2;0;0;0;0;0;0;0;0;0;0;0;5;0;1
"11/03/2013";"11:21:00";"80";"com vítima";"165,7";"BR-153/SP";"Sul";"Colisão Transversal";0;0;0;1;0;0;0;0;0;1;1;0;0;1;0
"11/03/2013";"21:55:00";"152";"sem vítima";"338,4";"BR-153/SP";"Sul";"Choque contra Objeto Fixo";0;0;0;0;0;0;0;0;0;1;3;0;0;0;0
"12/03/2013";"11:15:00";"100";"sem vítima";"96";"BR-153/SP";"Sul";"Colisão Traseira";1;0;0;0;0;0;0;0;0;1;2;0;0;0;0