data;horario;n_da_ocorrencia;tipo_de_ocorrencia;km;trecho;sentido;tipo_de_acidente;automovel;bicicleta;caminhao;moto;onibus;outros;tracao_animal;transporte_de_cargas_especiais;trator_maquinas;utilitarios;ilesos;levemente_feridos;moderadamente_feridos;gravemente_feridos;mortos
"02/05/2013";"23:36:00";"167";"com vítima";"113";"BR-153/SP";"Norte";"Tombamento de Moto";0;0;0;1;0;0;0;0;0;0;0;1;0;0;0
"03/05/2013";"07:36:00";"35";"sem vítima";"75";"BR-153/SP";"Sul";"Engavetamento";3;0;0;0;0;0;0;0;0;0;4;0;0;0;0
"03/05/2013";"11:14:00";"86";"com vítima";"72";"BR-153/SP";"Sul";"Colisão Transversal";2;0;0;0;0;0;0;0;0;0;2;0;1;0;0
"03/05/2013";"19:05:00";"147";"sem vítima";"294,6";"BR-153/SP";"Sul";"Saída de Pista";0;0;0;0;1;0;0;0;0;0;3;0;0;0;0
"04/05/2013";"08:39:00";"45";"sem vítima";"72";"BR-153/SP";"Norte";"Colisão Traseira";2;0;0;0;0;0;0;0;0;0;4;0;0;0;0
"04/05/2013";"08:41:00";"46";"sem vítima";"72";"BR-153/SP";"Norte";"Colisão Traseira";2;0;0;0;0;0;0;0;0;0;2;0;0;0;0
"04/05/2013";"10:35:00";"63";"sem vítima";"73";"BR-153/SP";"Sul";"Engavetamento";3;0;0;0;0;0;0;0;0;0;9;0;0;0;0
"04/05/2013";"15:19:00";"98";"sem vítima";"35,8";"BR-153/SP";"Norte";"Colisão Lateral";1;0;1;0;0;0;0;0;0;0;4;0;0;0;0
"04/05/2013";"19:57:00";"130";"com vítima";"49";"BR-153/SP";"Norte";"Colisão Lateral";3;0;0;0;1;1;0;0;0;0;4;0;1;0;1
"05/05/2013";"07:59:00";"25";"sem vítima";"27,9";"BR-153/SP";"Norte";"Colisão Traseira";0;0;2;0;0;0;0;0;0;0;2;0;0;0;0
"05/05/2013";"13:54:00";"52";"com vítima";"195";"BR-153/SP";"Norte";"Colisão Lateral";1;0;0;0;0;0;0;0;0;2;1;3;0;0;0
"06/05/2013";"06:44:00";"7";"sem vítima";"27";"BR-153/SP";"Norte";"Tombamento";0;0;1;0;0;0;0;0;0;0;1;0;0;0;0
"06/05/2013";"06:45:00";"8";"com vítima";"62";"BR-153/SP";"Sul";"Engavetamento";3;0;0;0;0;0;0;0;0;1;10;1;0;0;0
"06/05/2013";"07:25:00";"17";"com vítima";"61";"BR-153/SP";"Sul";"Engavetamento";4;0;0;0;0;0;0;0;0;0;7;1;0;0;0
"07/05/2013";"06:56:00";"10";"sem vítima";"62";"BR-153/SP";"Sul";"Engavetamento";3;0;0;0;0;0;0;0;0;0;4;0;0;0;0
"07/05/2013";"11:38:00";"78";"com vítima";"51";"BR-153/SP";"Norte";"Engavetamento";0;0;1;1;0;0;0;0;0;1;2;1;1;0;0
"07/05/2013";"21:48:00";"169";"com vítima";"56";"BR-153/SP";"Norte";"Tombamento de Moto";0;0;0;1;0;0;0;0;0;0;0;1;0;0;0
"08/05/2013";"07:44:00";"32";"sem vítima";"57,5";"BR-153/SP";"Sul";"Colisão Traseira";1;0;0;1;0;0;0;0;0;0;2;0;0;0;0
"08/05/2013";"09:11:00";"62";"sem vítima";"62,5";"BR-153/SP";"Sul";"Engavetamento";1;0;0;0;0;0;0;0;0;2;3;0;0;0;0
"08/05/2013";"18:16:00";"137";"sem vítima";"62";"BR-153/SP";"Sul";"Colisão Traseira";2;0;0;0;0;0;0;0;0;0;3;0;0;0;0
"09/05/2013";"09:06:00";"71";"sem vítima";"60";"BR-153/SP";"Sul";"Colisão Traseira";1;0;0;0;0;0;0;0;0;1;2;0;0;0;0
"09/05/2013";"18:15:00";"151";"com vítima";"62";"BR-153/SP";"Norte";"Colisão Traseira";1;0;0;1;0;0;0;0;0;4;5;1;0;0;0
"10/05/2013";"01:06:00";"2";"sem vítima";"257,3";"BR-153/SP";"Norte";"Saída de Pista";1;0;0;0;0;0;0;0;0;0;1;0;0;0;0
"10/05/2013";"02:26:00";"5";"com vítima";"70";"BR-153/SP";"Sul";"Choque contra Objeto Fixo";0;0;0;0;0;0;0;0;0;1;0;1;0;0;0
"10/05/2013";"07:09:00";"26";"com vítima";"39";"BR-153/SP";"Sul";"Colisão Transversal";1;0;1;0;0;0;0;0;0;0;2;0;1;0;0
"10/05/2013";"07:22:00";"29";"sem vítima";"160";"BR-153/SP";"Norte";"Tombamento";0;0;1;0;0;0;0;0;0;0;1;0;0;0;0
"10/05/2013";"08:04:00";"39";"com vítima";"56";"BR-153/SP";"Sul";"Colisão Traseira";2;0;0;0;0;0;0;0;0;0;1;2;0;0;0
"10/05/2013";"11:52:00";"92";"com vítima";"174";"BR-153/SP";"Sul";"Colisão Transversal";1;0;0;0;0;0;0;0;0;1;1;1;0;0;0
"10/05/2013";"14:37:00";"112";"sem vítima";"56";"BR-153/SP";"Norte";"Choque contra Objeto Fixo";0;0;1;0;0;0;0;0;0;0;1;0;0;0;0
"10/05/2013";"18:06:00";"149";"sem vítima";"178";"BR-153/SP";"Norte";"Colisão Traseira";1;0;2;0;0;0;0;0;0;0;6;0;0;0;0
"10/05/2013";"18:55:00";"153";"sem vítima";"75";"BR-153/SP";"Norte";"Colisão Traseira";2;0;0;0;0;0;0;0;0;0;2;0;0;0;0
"10/05/2013";"22:07:00";"167";"sem vítima";"322,95";"BR-153/SP";"Sul";"Saída de Pista";1;0;0;0;0;0;0;0;0;0;1;0;0;0;0
"11/05/2013";"14:51:00";"88";"sem vítima";"9";"BR-153/SP";"Norte";"Engavetamento";2;0;0;0;0;0;0;0;0;1;7;0;0;0;0
"11/05/2013";"15:07:00";"91";"com vítima";"189";"BR-153/SP";"Norte";"Engavetamento";2;0;2;1;0;0;0;0;0;0;7;2;0;0;0
"11/05/2013";"16:18:00";"101";"com vítima";"34";"BR-153/SP";"Sul";"Choque contra objeto na faixa de rolamento";1;0;1;0;0;0;0;0;0;0;3;1;0;0;0
"11/05/2013";"18:24:00";"112";"com vítima";"71";"BR-153/SP";"Norte";"Colisão Transversal";2;0;0;0;0;0;0;0;0;0;2;1;0;0;0
"11/05/2013";"18:40:00";"114";"com vítima";"56";"BR-153/SP";"Norte";"Colisão Traseira";2;0;0;0;0;0;0;0;0;0;3;1;0;0;0
"12/05/2013";"09:49:00";"38";"com vítima";"303";"BR-153/SP";"Norte";"Tombamento de Moto";0;0;0;1;0;0;0;0;0;0;0;2;0;0;0
"12/05/2013";"14:02:00";"62";"com vítima";"183";"BR-153/SP";"Sul";"Tombamento de Moto";0;0;0;1;0;0;0;0;0;0;0;2;0;0;0
"12/05/2013";"15:45:00";"83";"com vítima";"31,5";"BR-153/SP";"Norte";"Colisão Transversal";1;0;0;1;0;0;0;0;0;0;1;1;0;0;0
"13/05/2013";"07:30:00";"30";"com vítima";"61,7";"BR-153/SP";"Norte";"Choque contra Objeto Fixo";1;0;0;0;0;0;0;0;0;0;0;1;0;0;0
"13/05/2013";"16:49:00";"136";"sem vítima";"195";"BR-153/SP";"Norte";"Saída de Pista";1;0;0;0;0;0;0;0;0;0;1;0;0;0;0
"13/05/2013";"18:23:00";"149";"com vítima";"113";"BR-153/SP";"Norte";"Tombamento de Moto";0;0;0;1;0;0;0;0;0;0;0;1;0;0;0
"13/05/2013";"18:42:00";"151";"com vítima";"58";"BR-153/SP";"Sul";"Atropelamento  de Pedestre";0;0;0;0;0;0;0;0;0;1;1;1;0;0;0
"13/05/2013";"20:46:00";"161";"com vítima";"22";"BR-153/SP";"Norte";"Colisão Lateral";1;0;1;0;0;0;0;0;0;0;1;1;0;0;0
"14/05/2013";"06:21:00";"22";"com vítima";"44";"BR-153/SP";"Norte";"Tombamento de Moto";0;0;0;1;0;1;0;0;0;0;1;0;1;0;0
"14/05/2013";"09:06:00";"57";"com vítima";"193,5";"BR-153/SP";"Sul";"Tombamento";0;0;1;0;0;0;0;0;0;0;0;1;0;0;0
"14/05/2013";"16:06:00";"107";"sem vítima";"343,6";"BR-153/SP";"Norte";"Colisão Traseira";1;0;0;0;0;1;0;0;0;0;2;0;0;0;0
"15/05/2013";"07:01:00";"22";"com vítima";"71";"BR-153/SP";"Sul";"Colisão Transversal";0;0;0;2;0;0;0;0;0;0;1;0;1;0;0
"15/05/2013";"07:25:00";"28";"sem vítima";"75";"BR-153/SP";"Norte";"Engavetamento";3;0;0;0;0;0;0;0;0;0;3;0;0;0;0
"15/05/2013";"08:15:00";"40";"sem vítima";"75";"BR-153/SP";"Norte";"Colisão Lateral";1;0;0;0;0;1;0;0;0;0;3;0;0;0;0
"15/05/2013";"14:53:00";"101";"sem vítima";"215";"BR-153/SP";"Norte";"Colisão Traseira";1;0;1;0;0;0;0;0;0;0;2;0;0;0;0
"16/05/2013";"12:18:00";"84";"sem vítima";"256";"BR-153/SP";"Norte";"Colisão Traseira";0;0;0;1;0;0;0;0;0;1;3;0;0;0;0
"16/05/2013";"21:01:00";"164";"sem vítima";"27";"BR-153/SP";"Norte";"Saída de Pista";1;0;0;0;0;0;0;0;0;0;1;0;0;0;0
"17/05/2013";"08:06:00";"62";"sem vítima";"61";"BR-153/SP";"Sul";"Tombamento de Moto";0;0;0;1;0;0;0;0;0;0;2;0;0;0;0
"17/05/2013";"08:15:00";"66";"sem vítima";"62,5";"BR-153/SP";"Sul";"Colisão Traseira";2;0;0;0;0;0;0;0;0;0;2;0;0;0;0
"17/05/2013";"08:21:00";"69";"com vítima";"62,55";"BR-153/SP";"Sul";"Colisão Traseira";1;0;0;0;0;0;0;0;0;1;1;1;0;0;0
"17/05/2013";"10:49:00";"92";"sem vítima";"43,1";"BR-153/SP";"Norte";"Colisão Traseira";2;0;0;0;0;0;0;0;0;0;5;0;0;0;0
"17/05/2013";"16:23:00";"141";"sem vítima";"328";"BR-153/SP";"Sul";"Saída de Pista";0;0;0;0;0;0;0;0;0;1;1;0;0;0;0
"17/05/2013";"18:39:00";"155";"com vítima";"58";"BR-153/SP";"Norte";"Colisão Transversal";2;0;0;0;0;0;0;0;0;0;3;2;0;0;0
"17/05/2013";"20:12:00";"169";"sem vítima";"63";"BR-153/SP";"Sul";"Colisão Traseira";2;0;0;0;0;0;0;0;0;0;4;0;0;0;0
"18/05/2013";"05:41:00";"23";"com vítima";"59";"BR-153/SP";"Sul";"Tombamento de Moto";0;0;0;1;0;0;0;0;0;0;0;1;0;0;0
"18/05/2013";"22:53:00";"158";"com vítima";"106,15";"BR-153/SP";"Norte";"Colisão Transversal";1;0;1;0;0;0;0;0;0;0;2;2;0;0;0
"19/05/2013";"07:45:00";"32";"com vítima";"107";"BR-153/SP";"Norte";"Colisão Frontal";0;0;1;0;0;0;0;0;0;1;1;1;0;0;0
"19/05/2013";"10:18:00";"54";"sem vítima";"68,6";"BR-153/SP";"Sul";"Colisão Traseira";0;0;2;0;0;0;0;0;0;0;2;0;0;0;0
"19/05/2013";"11:01:00";"63";"sem vítima";"274,3";"BR-153/SP";"Norte";"Queda de carga sobre a pista";0;0;1;0;0;0;0;0;0;0;1;0;0;0;0
"19/05/2013";"15:12:00";"91";"sem vítima";"74";"BR-153/SP";"Sul";"Capotamento";1;0;0;0;0;1;0;0;0;0;2;0;0;0;0
"19/05/2013";"21:57:00";"147";"com vítima";"306,3";"BR-153/SP";"Sul";"Colisão Lateral";0;0;2;0;0;0;0;0;0;0;0;2;0;0;0
"20/05/2013";"08:31:00";"53";"sem vítima";"56";"BR-153/SP";"Norte";"Colisão Traseira";2;0;0;0;0;0;0;0;0;0;2;0;0;0;0
"20/05/2013";"09:06:00";"64";"sem vítima";"66";"BR-153/SP";"Sul";"Colisão Transversal";1;0;1;0;0;0;0;0;0;0;5;0;0;0;0
"21/05/2013";"00:51:00";"4";"sem vítima";"230";"BR-153/SP";"Norte";"Saída de Pista";1;0;0;0;0;0;0;0;0;0;2;0;0;0;0
"21/05/2013";"07:28:00";"37";"com vítima";"65,2";"BR-153/SP";"Norte";"Colisão Traseira";1;0;0;1;0;0;0;0;0;0;1;1;0;0;0
"21/05/2013";"17:24:00";"156";"sem vítima";"52";"BR-153/SP";"Norte";"Colisão Lateral";1;0;0;0;1;0;0;0;0;0;2;0;0;0;0
"22/05/2013";"10:33:00";"88";"sem vítima";"58,7";"BR-153/SP";"Sul";"Colisão Transversal";1;0;0;1;0;0;0;0;0;0;2;0;0;0;0
"22/05/2013";"19:28:00";"185";"sem vítima";"58";"BR-153/SP";"Sul";"Colisão Traseira";1;0;1;0;0;0;0;0;0;0;4;0;0;0;0
"22/05/2013";"21:49:00";"204";"com vítima";"274";"BR-153/SP";"Norte";"Capotamento";1;0;0;0;0;0;0;0;0;0;0;1;0;0;0
"23/05/2013";"10:26:00";"74";"sem vítima";"52";"BR-153/SP";"Sul";"Colisão Traseira";1;0;0;0;0;0;0;0;0;1;3;0;0;0;0
"24/05/2013";"06:45:00";"20";"com vítima";"96,1";"BR-153/SP";"Sul";"Colisão Traseira";1;0;1;0;0;0;0;0;0;0;1;3;1;0;0
"24/05/2013";"07:57:00";"30";"com vítima";"71,8";"BR-153/SP";"Norte";"Colisão Traseira";1;0;0;1;0;0;0;0;0;0;1;1;0;0;0
"24/05/2013";"16:17:00";"102";"com vítima";"59";"BR-153/SP";"Norte";"Colisão Transversal";1;0;0;1;0;0;0;0;0;0;1;2;0;0;0
"24/05/2013";"23:13:00";"149";"sem vítima";"122";"BR-153/SP";"Sul";"Atropelamento de Animal";1;0;0;0;0;0;0;0;0;0;1;0;0;0;0
"25/05/2013";"20:17:00";"147";"sem vítima";"60,8";"BR-153/SP";"Norte";"Colisão Traseira";1;0;0;1;0;0;0;0;0;0;2;0;0;0;0
"26/05/2013";"00:15:00";"2";"sem vítima";"42";"BR-153/SP";"Norte";"Tombamento de Moto";0;0;0;1;0;0;0;0;0;0;1;0;0;0;0
"26/05/2013";"01:30:00";"11";"sem vítima";"66";"BR-153/SP";"Norte";"Saída de Pista";1;0;0;0;0;0;0;0;0;0;1;0;0;0;0
"26/05/2013";"18:39:00";"129";"com vítima";"124";"BR-153/SP";"Norte";"Colisão Lateral";1;0;0;0;0;0;0;0;0;1;2;1;0;0;0
"26/05/2013";"22:36:00";"156";"com vítima";"60";"BR-153/SP";"Norte";"Colisão Traseira";0;0;0;1;0;1;0;0;0;0;1;1;0;0;0
"27/05/2013";"09:40:00";"68";"sem vítima";"74,6";"BR-153/SP";"Sul";"Colisão Traseira";2;0;0;0;0;0;0;0;0;0;2;0;0;0;0
"28/05/2013";"08:58:00";"61";"sem vítima";"204";"BR-153/SP";"Norte";"Outros";0;0;1;0;0;0;0;0;0;0;1;0;0;0;0
"28/05/2013";"13:18:00";"100";"sem vítima";"131,9";"BR-153/SP";"Sul";"Colisão Lateral";1;0;0;0;0;1;0;0;0;0;2;0;0;0;0
"28/05/2013";"15:12:00";"119";"sem vítima";"62,85";"BR-153/SP";"Sul";"Engavetamento";4;0;0;0;0;1;0;0;0;0;13;0;0;0;0
"28/05/2013";"19:39:00";"156";"com vítima";"99,3";"BR-153/SP";"Norte";"Atropelamento de Animal";0;0;0;1;0;0;0;0;0;0;0;1;0;0;0
"28/05/2013";"20:11:00";"162";"com vítima";"339,42";"BR-153/SP";"Norte";"Colisão Transversal";0;0;1;0;0;0;0;0;0;1;0;1;0;1;0
"28/05/2013";"20:34:00";"166";"sem vítima";"58,8";"BR-153/SP";"Sul";"Saída de Pista";1;0;0;0;0;1;0;0;0;0;2;0;0;0;0
"29/05/2013";"07:31:00";"33";"sem vítima";"59";"BR-153/SP";"Sul";"Engavetamento";3;0;0;0;0;0;0;0;0;0;4;0;0;0;0
"29/05/2013";"07:57:00";"36";"sem vítima";"57,5";"BR-153/SP";"Sul";"Engavetamento";2;0;0;0;0;1;0;0;0;0;3;0;0;0;0
"29/05/2013";"08:18:00";"40";"sem vítima";"58";"BR-153/SP";"Norte";"Engavetamento";2;0;0;0;0;1;0;0;0;0;3;0;0;0;0
"29/05/2013";"09:54:00";"56";"sem vítima";"53,4";"BR-153/SP";"Sul";"Colisão Traseira";2;0;0;0;0;0;0;0;0;0;2;0;0;0;0
"29/05/2013";"12:37:00";"86";"sem vítima";"71";"BR-153/SP";"Norte";"Colisão Transversal";2;0;0;0;0;0;0;0;0;0;3;0;0;0;0
"29/05/2013";"14:20:00";"101";"sem vítima";"33";"BR-153/SP";"Norte";"Saída de Pista";0;0;1;0;0;0;0;0;0;0;1;0;0;0;0
"29/05/2013";"22:09:00";"159";"com vítima";"327";"BR-153/SP";"Sul";"Colisão Transversal";1;0;1;0;0;0;0;0;0;0;1;0;0;1;0
"29/05/2013";"23:16:00";"171";"com vítima";"344";"BR-153/SP";"Norte";"Colisão Frontal";1;0;1;0;0;0;0;0;0;0;1;1;0;1;0
"30/05/2013";"00:55:00";"2";"sem vítima";"31,1";"BR-153/SP";"Norte";"Saída de Pista";1;0;0;0;0;0;0;0;0;0;4;0;0;0;0
"31/05/2013";"20:57:00";"155";"sem vítima";"265";"BR-153/SP";"Norte";"Atropelamento de Animal";0;0;0;0;0;0;0;0;0;1;2;0;0;0;0
"01/06/2013";"05:14:00";"33";"com vítima";"274,5";"BR-153/SP";"Norte";"Capotamento";1;0;0;0;0;0;0;0;0;0;0;3;0;1;0
"02/06/2013";"06:24:00";"23";"com vítima";"212";"BR-153/SP";"Norte";"Tombamento de Moto";0;0;0;1;0;0;0;0;0;0;0;1;0;0;0
"02/06/2013";"16:44:00";"107";"com vítima";"257";"BR-153/SP";"Norte";"Colisão Transversal";2;0;0;0;0;0;0;0;0;0;1;2;0;0;0
"03/06/2013";"06:51:00";"18";"sem vítima";"61,9";"BR-153/SP";"Sul";"Engavetamento";4;0;0;0;0;0;0;0;0;0;6;0;0;0;0
"03/06/2013";"08:23:00";"51";"sem vítima";"62,1";"BR-153/SP";"Sul";"Engavetamento";3;0;0;0;0;1;0;0;0;1;6;0;0;0;0
"03/06/2013";"11:29:00";"122";"sem vítima";"72";"BR-153/SP";"Norte";"Colisão Traseira";1;0;0;0;0;1;0;0;0;0;3;0;0;0;0
"03/06/2013";"17:35:00";"186";"sem vítima";"73";"BR-153/SP";"Norte";"Colisão Transversal";0;0;1;0;0;0;0;0;0;1;5;0;0;0;0
"03/06/2013";"18:51:00";"196";"sem vítima";"62,4";"BR-153/SP";"Norte";"Colisão Traseira";2;0;0;0;0;0;0;0;0;0;3;0;0;0;0
"04/06/2013";"07:01:00";"35";"com vítima";"23,8";"BR-153/SP";"Norte";"Colisão Frontal";1;0;2;0;0;0;0;0;0;0;3;2;0;0;1
"04/06/2013";"07:02:00";"36";"sem vítima";"257,4";"BR-153/SP";"Norte";"Colisão Transversal";1;0;1;0;0;0;0;0;0;0;2;0;0;0;0
"04/06/2013";"10:23:00";"79";"sem vítima";"182";"BR-153/SP";"Norte";"Colisão Transversal";1;0;0;0;0;0;0;0;0;1;3;0;0;0;0
"04/06/2013";"13:04:00";"118";"com vítima";"56";"BR-153/SP";"Norte";"Colisão Transversal";1;0;0;1;0;0;0;0;0;0;1;1;0;0;0
"04/06/2013";"23:10:00";"202";"com vítima";"103,5";"BR-153/SP";"Sul";"Colisão Traseira";2;0;0;0;0;0;0;0;0;0;3;2;0;0;0
"05/06/2013";"00:06:00";"3";"sem vítima";"220";"BR-153/SP";"Norte";"Saída de Pista";0;0;1;0;0;0;0;0;0;0;1;0;0;0;0
"05/06/2013";"06:45:00";"26";"com vítima";"271,4";"BR-153/SP";"Norte";"Saída de Pista";1;0;0;0;0;0;0;0;0;0;0;1;0;0;0
"05/06/2013";"09:42:00";"66";"sem vítima";"71,7";"BR-153/SP";"Sul";"Colisão Lateral";2;0;0;0;0;0;0;0;0;0;2;0;0;0;0
"05/06/2013";"11:00:00";"82";"sem vítima";"70";"BR-153/SP";"Norte";"Colisão Traseira";2;0;0;0;0;0;0;0;0;0;2;0;0;0;0
"05/06/2013";"17:53:00";"172";"sem vítima";"35,8";"BR-153/SP";"Norte";"Choque contra Objeto Fixo";1;0;0;0;0;0;0;0;0;0;1;0;0;0;0
"06/06/2013";"11:50:00";"101";"sem vítima";"65,8";"BR-153/SP";"Sul";"Colisão Traseira";0;0;2;0;0;0;0;0;0;0;3;0;0;0;0
"07/06/2013";"07:41:00";"36";"sem vítima";"35,8";"BR-153/SP";"Sul";"Colisão Traseira";1;0;0;0;0;0;0;0;0;1;2;0;0;0;0
"07/06/2013";"07:44:00";"37";"sem vítima";"62";"BR-153/SP";"Sul";"Colisão Traseira";1;0;0;0;0;0;0;0;0;1;2;0;0;0;0
"07/06/2013";"15:03:00";"131";"com vítima";"270";"BR-153/SP";"Norte";"Colisão Frontal";1;0;1;0;0;0;0;0;0;0;1;0;0;0;2
"08/06/2013";"03:09:00";"23";"com vítima";"195";"BR-153/SP";"Sul";"Tombamento de Moto";0;0;0;1;0;0;0;0;0;0;0;1;0;0;0
"08/06/2013";"03:24:00";"27";"sem vítima";"158";"BR-153/SP";"Norte";"Saída de Pista";1;0;0;0;0;0;0;0;0;0;1;0;0;0;0
"08/06/2013";"14:54:00";"118";"sem vítima";"72,5";"BR-153/SP";"Sul";"Colisão Lateral";2;0;0;0;0;0;0;0;0;0;2;0;0;0;0
"08/06/2013";"15:21:00";"122";"sem vítima";"299";"BR-153/SP";"Norte";"Atropelamento de Animal";0;0;1;0;0;0;0;0;0;0;1;0;0;0;0
"08/06/2013";"21:52:00";"171";"com vítima";"41,3";"BR-153/SP";"Norte";"Tombamento de Moto";2;0;0;1;0;1;0;0;0;0;7;1;0;0;1
"09/06/2013";"06:52:00";"27";"sem vítima";"12,05";"BR-153/SP";"Norte";"Choque contra objeto na faixa de rolamento";1;0;0;0;0;0;0;0;0;0;1;0;0;0;0
"09/06/2013";"12:45:00";"76";"sem vítima";"71";"BR-153/SP";"Norte";"Engavetamento";2;0;0;0;0;0;0;0;0;2;4;0;0;0;0
"09/06/2013";"18:52:00";"112";"com vítima";"256,9";"BR-153/SP";"Sul";"Colisão Lateral";1;0;0;1;0;0;0;0;0;0;5;1;0;0;0
"10/06/2013";"00:36:00";"3";"com vítima";"63";"BR-153/SP";"Norte";"Saída de Pista";1;0;0;0;0;0;0;0;0;0;1;1;0;0;0
"10/06/2013";"13:17:00";"119";"sem vítima";"62,9";"BR-153/SP";"Sul";"Colisão Traseira";2;0;0;0;0;0;0;0;0;1;3;0;0;0;0
"10/06/2013";"14:07:00";"131";"sem vítima";"19,6";"BR-153/SP";"Norte";"Colisão Traseira";0;0;3;0;0;0;0;0;0;0;3;0;0;0;0
"10/06/2013";"18:34:00";"181";"sem vítima";"160";"BR-153/SP";"Sul";"Choque contra objeto na faixa de rolamento";2;0;1;0;0;0;0;0;0;1;9;0;0;0;0
"11/06/2013";"11:59:00";"97";"sem vítima";"56";"BR-153/SP";"Sul";"Queda de carga sobre a pista";0;0;1;0;0;0;0;0;0;0;2;0;0;0;0
"12/06/2013";"01:59:00";"6";"sem vítima";"258,3";"BR-153/SP";"Norte";"Atropelamento de Animal";0;0;0;0;0;0;0;0;0;1;1;0;0;0;0
"12/06/2013";"17:24:00";"147";"sem vítima";"58";"BR-153/SP";"Sul";"Colisão Transversal";2;0;0;0;0;0;0;0;0;0;3;0;0;0;0
"12/06/2013";"18:24:00";"156";"sem vítima";"149,9";"BR-153/SP";"Sul";"Saída de Pista";1;0;0;0;0;1;0;0;0;0;2;0;0;0;0
"13/06/2013";"06:08:00";"8";"sem vítima";"125";"BR-153/SP";"Sul";"Colisão Traseira";0;0;0;1;0;1;0;0;0;0;2;0;0;0;0
"13/06/2013";"07:04:00";"14";"com vítima";"41,3";"BR-153/SP";"Sul";"Tombamento de Moto";0;0;0;1;0;0;0;0;0;0;0;1;0;0;0
"13/06/2013";"18:19:00";"140";"com vítima";"63";"BR-153/SP";"Norte";"Engavetamento";4;0;0;0;0;0;0;0;0;0;6;1;0;0;0
"13/06/2013";"19:04:00";"145";"sem vítima";"63";"BR-153/SP";"Sul";"Colisão Traseira";2;0;0;0;0;0;0;0;0;0;2;0;0;0;0
"13/06/2013";"19:06:00";"146";"sem vítima";"71";"BR-153/SP";"Sul";"Colisão Lateral";2;0;0;0;0;0;0;0;0;0;4;0;0;0;0
"13/06/2013";"20:17:00";"154";"com vítima";"70";"BR-153/SP";"Norte";"Colisão Traseira";1;0;0;1;0;0;0;0;0;0;1;1;0;0;0
"14/06/2013";"02:57:00";"10";"sem vítima";"321";"BR-153/SP";"Norte";"Saída de Pista";1;0;0;0;0;0;0;0;0;0;2;0;0;0;0
"14/06/2013";"06:45:00";"18";"sem vítima";"62";"BR-153/SP";"Sul";"Engavetamento";3;0;0;0;0;0;0;0;0;0;3;0;0;0;0
"14/06/2013";"07:24:00";"25";"com vítima";"4,5";"BR-153/SP";"Sul";"Capotamento";1;0;0;0;0;0;0;0;0;0;0;2;0;0;0
"14/06/2013";"16:47:00";"144";"sem vítima";"32,8";"BR-153/SP";"Norte";"Tombamento de Moto";0;0;0;1;0;0;0;0;0;0;2;0;0;0;0
"14/06/2013";"19:45:00";"165";"sem vítima";"58,8";"BR-153/SP";"Sul";"Colisão Transversal";1;0;1;0;0;0;0;0;0;0;3;0;0;0;0
"15/06/2013";"02:38:00";"6";"sem vítima";"306,1";"BR-153/SP";"Norte";"Saída de Pista";1;0;0;0;0;0;0;0;0;0;1;0;0;0;0
"15/06/2013";"13:52:00";"83";"com vítima";"42";"BR-153/SP";"Norte";"Colisão Transversal";2;0;0;0;0;0;0;0;0;0;2;1;2;0;0
"15/06/2013";"18:06:00";"107";"com vítima";"31";"BR-153/SP";"Norte";"Colisão Frontal";1;0;1;0;0;0;0;0;0;0;1;0;0;0;1
"15/06/2013";"18:20:00";"109";"com vítima";"226,1";"BR-153/SP";"Sul";"Atropelamento  de Pedestre";0;0;0;0;0;1;0;0;0;0;1;0;1;0;0
"16/06/2013";"04:52:00";"13";"sem vítima";"122";"BR-153/SP";"Sul";"Saída de Pista";1;0;0;0;0;0;0;0;0;0;1;0;0;0;0
"16/06/2013";"21:35:00";"124";"com vítima";"26,3";"BR-153/SP";"Norte";"Colisão Lateral";1;0;1;0;0;0;0;0;0;0;1;1;0;0;0
"17/06/2013";"17:49:00";"167";"com vítima";"74";"BR-153/SP";"Norte";"Colisão Traseira";1;0;0;1;0;0;0;0;0;0;1;1;0;0;0
"17/06/2013";"19:55:00";"179";"sem vítima";"58";"BR-153/SP";"Sul";"Colisão Lateral";1;0;1;0;0;0;0;0;0;0;2;0;0;0;0
"17/06/2013";"20:18:00";"183";"com vítima";"52";"BR-153/SP";"Norte";"Colisão Transversal";1;0;0;1;0;0;0;0;0;0;1;1;0;0;1
"17/06/2013";"22:51:00";"196";"sem vítima";"196";"BR-153/SP";"Sul";"Atropelamento de Animal";0;0;1;0;0;0;0;0;0;0;1;0;0;0;0
"18/06/2013";"14:26:00";"118";"sem vítima";"20";"BR-153/SP";"Norte";"Colisão Traseira";0;0;1;0;0;0;0;0;0;1;7;0;0;0;0
"18/06/2013";"17:41:00";"152";"sem vítima";"62";"BR-153/SP";"Sul";"Engavetamento";1;0;0;0;0;1;0;0;0;2;4;0;0;0;0
"18/06/2013";"18:04:00";"155";"sem vítima";"222,3";"BR-153/SP";"Norte";"Engavetamento";1;0;0;0;0;1;0;0;0;2;5;0;0;0;0
"18/06/2013";"22:20:00";"177";"com vítima";"108";"BR-153/SP";"Sul";"Colisão Transversal";0;0;0;1;0;0;0;0;0;1;1;0;1;0;0
"19/06/2013";"06:20:00";"23";"com vítima";"139";"BR-153/SP";"Sul";"Incêndio";0;0;1;0;0;0;0;0;0;0;1;1;0;0;0
"19/06/2013";"13:03:00";"120";"com vítima";"197";"BR-153/SP";"Norte";"Colisão Frontal";1;0;1;0;0;0;0;0;0;1;1;1;0;2;0