data;horario;n_da_ocorrencia;tipo_de_ocorrencia;km;trecho;sentido;tipo_de_acidente;automovel;bicicleta;caminhao;moto;onibus;outros;tracao_animal;transporte_de_cargas_especiais;trator_maquinas;utilitarios;ilesos;levemente_feridos;moderadamente_feridos;gravemente_feridos;mortos
"04/08/2013";"07:14:00";"31";"sem vítima";"195";"BR-153/SP";"Norte";"Saída de Pista";1;0;0;0;0;0;0;0;0;0;1;0;0;0;0
"04/08/2013";"20:38:00";"137";"sem vítima";"61,5";"BR-153/SP";"Norte";"Choque contra Objeto Fixo";1;0;0;0;0;1;0;0;0;0;2;0;0;0;0
"05/08/2013";"07:05:00";"18";"sem vítima";"62";"BR-153/SP";"Sul";"Colisão Traseira";1;0;0;0;0;0;0;0;0;1;4;0;0;0;0
"06/08/2013";"11:34:00";"99";"com vítima";"42";"BR-153/SP";"Sul";"Colisão Traseira";2;0;0;0;0;0;0;0;0;0;0;2;1;0;0
"06/08/2013";"15:33:00";"138";"sem vítima";"50";"BR-153/SP";"Norte";"Colisão Traseira";1;0;0;0;0;0;0;0;0;1;2;0;0;0;0
"07/08/2013";"14:00:00";"119";"com vítima";"320,9";"BR-153/SP";"Norte";"Atropelamento  de Pedestre";1;0;0;0;0;0;0;0;0;0;1;0;1;0;0
"07/08/2013";"15:14:00";"142";"com vítima";"78";"BR-153/SP";"Norte";"Colisão Traseira";0;0;0;0;0;0;0;0;0;2;1;1;0;0;0
"07/08/2013";"18:13:00";"174";"com vítima";"64";"BR-153/SP";"Sul";"Colisão Traseira";0;0;0;1;0;0;0;0;0;1;1;1;0;0;0
"07/08/2013";"19:19:00";"183";"sem vítima";"345";"BR-153/SP";"Sul";"Colisão Traseira";1;0;1;0;0;0;0;0;0;0;2;0;0;0;0
"08/08/2013";"03:34:00";"15";"com vítima";"192,9";"BR-153/SP";"Sul";"Saída de Pista";1;0;0;0;0;0;0;0;0;0;0;1;0;0;0
"08/08/2013";"06:03:00";"23";"com vítima";"53";"BR-153/SP";"Sul";"Tombamento de Moto";0;0;0;1;0;0;0;0;0;0;0;2;0;0;0
"08/08/2013";"17:57:00";"170";"com vítima";"55,5";"BR-153/SP";"Sul";"Tombamento de Moto";0;0;0;1;0;0;0;0;0;0;1;1;0;0;0
"09/08/2013";"07:39:00";"40";"com vítima";"58,7";"BR-153/SP";"Norte";"Colisão Transversal";1;0;0;1;0;0;0;0;0;0;1;1;0;0;0
"09/08/2013";"08:34:00";"56";"sem vítima";"273,6";"BR-153/SP";"Sul";"Colisão Lateral";1;0;1;0;0;0;0;0;0;0;4;0;0;0;0
"09/08/2013";"14:51:00";"150";"sem vítima";"46,5";"BR-153/SP";"Norte";"Choque contra objeto na faixa de rolamento";1;0;0;0;0;0;0;0;0;0;1;0;0;0;0
"09/08/2013";"14:53:00";"151";"sem vítima";"46,5";"BR-153/SP";"Sul";"Choque contra objeto na faixa de rolamento";0;0;0;0;0;0;0;0;0;1;1;0;0;0;0
"09/08/2013";"15:15:00";"153";"sem vítima";"46,5";"BR-153/SP";"Norte";"Choque contra objeto na faixa de rolamento";0;0;0;0;0;0;0;0;0;1;1;0;0;0;0
"09/08/2013";"17:33:00";"183";"sem vítima";"256";"BR-153/SP";"Norte";"Tombamento de Moto";0;0;0;1;0;0;0;0;0;0;1;0;0;0;0
"09/08/2013";"20:14:00";"207";"com vítima";"71";"BR-153/SP";"Norte";"Tombamento de Moto";0;0;0;1;0;0;0;0;0;0;0;1;0;0;0
"10/08/2013";"13:20:00";"67";"sem vítima";"128";"BR-153/SP";"Norte";"Tombamento";0;0;1;0;0;0;0;0;0;0;1;0;0;0;0
"10/08/2013";"17:09:00";"96";"sem vítima";"56";"BR-153/SP";"Norte";"Colisão Traseira";2;0;0;0;0;0;0;0;0;0;5;0;0;0;0
"10/08/2013";"21:47:00";"123";"sem vítima";"67";"BR-153/SP";"Norte";"Saída de Pista";1;0;0;0;0;0;0;0;0;0;1;0;0;0;0
"11/08/2013";"11:48:00";"41";"com vítima";"111";"BR-153/SP";"Norte";"Capotamento";1;0;0;0;0;0;0;0;0;0;0;0;5;0;0
"11/08/2013";"15:48:00";"66";"sem vítima";"58";"BR-153/SP";"Norte";"Colisão Transversal";1;0;0;1;0;0;0;0;0;0;5;0;0;0;0
"12/08/2013";"01:10:00";"3";"com vítima";"125";"BR-153/SP";"Norte";"Atropelamento de Animal";1;0;0;0;0;0;0;0;0;0;0;1;0;0;0
"12/08/2013";"07:47:00";"28";"sem vítima";"62";"BR-153/SP";"Sul";"Engavetamento";3;0;0;0;0;0;0;0;0;0;3;0;0;0;0
"12/08/2013";"09:23:00";"51";"sem vítima";"278,3";"BR-153/SP";"Sul";"Tombamento";0;0;1;0;0;0;0;0;0;0;1;0;0;0;0
"12/08/2013";"19:23:00";"156";"com vítima";"275,1";"BR-153/SP";"Sul";"Colisão Lateral";0;0;1;1;0;1;0;0;0;0;2;1;0;0;0
"12/08/2013";"22:33:00";"168";"com vítima";"63";"BR-153/SP";"Norte";"Colisão Traseira";0;0;1;1;0;0;0;0;0;0;1;0;1;0;0
"13/08/2013";"15:04:00";"137";"sem vítima";"122";"BR-153/SP";"Norte";"Colisão Traseira";1;0;1;0;0;0;0;0;0;0;2;0;0;0;0
"13/08/2013";"16:13:00";"144";"sem vítima";"229";"BR-153/SP";"Norte";"Colisão Traseira";0;0;1;0;0;0;0;0;0;1;2;0;0;0;0
"13/08/2013";"20:13:00";"181";"com vítima";"205,2";"BR-153/SP";"Norte";"Colisão Lateral";1;0;1;0;0;0;0;0;0;0;1;0;1;0;0
"15/08/2013";"07:21:00";"28";"sem vítima";"62";"BR-153/SP";"Sul";"Engavetamento";1;0;0;0;0;2;0;0;0;1;4;0;0;0;0
"15/08/2013";"07:26:00";"30";"sem vítima";"61,2";"BR-153/SP";"Sul";"Engavetamento";4;0;0;0;0;0;0;0;0;0;10;0;0;0;0
"15/08/2013";"07:42:00";"34";"sem vítima";"61,9";"BR-153/SP";"Sul";"Colisão Traseira";1;0;1;0;0;0;0;0;0;0;2;0;0;0;0
"15/08/2013";"09:56:00";"66";"sem vítima";"98";"BR-153/SP";"Norte";"Colisão Lateral";1;0;1;0;0;0;0;0;0;0;3;0;0;0;0
"15/08/2013";"14:40:00";"121";"sem vítima";"56";"BR-153/SP";"Norte";"Engavetamento";2;0;0;0;0;0;0;0;0;1;4;0;0;0;0
"15/08/2013";"14:49:00";"122";"sem vítima";"42";"BR-153/SP";"Sul";"Colisão Traseira";0;0;0;0;0;0;0;0;0;2;3;0;0;0;0
"15/08/2013";"16:46:00";"145";"sem vítima";"47";"BR-153/SP";"Sul";"Colisão Traseira";1;0;0;0;0;2;0;0;0;0;6;0;0;0;0
"15/08/2013";"19:45:00";"168";"sem vítima";"138,7";"BR-153/SP";"Sul";"Atropelamento de Animal";1;0;0;0;0;0;0;0;0;0;5;0;0;0;0
"15/08/2013";"19:52:00";"169";"sem vítima";"338,5";"BR-153/SP";"Norte";"Colisão Lateral";1;0;1;0;0;0;0;0;0;0;2;0;0;0;0
"16/08/2013";"08:36:00";"49";"com vítima";"162,8";"BR-153/SP";"Norte";"Colisão Transversal";1;0;0;0;0;0;0;0;0;1;2;1;0;0;0
"16/08/2013";"11:48:00";"72";"sem vítima";"76";"BR-153/SP";"Norte";"Colisão Traseira";1;0;0;0;0;1;0;0;0;1;5;0;0;0;0
"16/08/2013";"19:04:00";"169";"com vítima";"280";"BR-153/SP";"Sul";"Colisão Transversal";2;0;0;0;0;0;0;0;0;0;5;2;0;0;0
"17/08/2013";"09:17:00";"51";"sem vítima";"57";"BR-153/SP";"Norte";"Colisão Traseira";2;0;0;0;0;0;0;0;0;0;2;0;0;0;0
"17/08/2013";"13:29:00";"79";"com vítima";"64,1";"BR-153/SP";"Sul";"Tombamento de Moto";0;0;0;1;0;0;0;0;0;0;0;1;0;0;0
"17/08/2013";"14:03:00";"80";"com vítima";"125";"BR-153/SP";"Sul";"Tombamento";0;0;1;0;0;0;0;0;0;0;0;1;0;0;0
"17/08/2013";"14:36:00";"84";"com vítima";"58";"BR-153/SP";"Sul";"Colisão Traseira";0;0;1;1;0;0;0;0;0;0;1;0;0;1;0
"17/08/2013";"14:46:00";"86";"sem vítima";"45,4";"BR-153/SP";"Norte";"Engavetamento";4;0;0;0;0;0;0;0;0;0;4;0;0;0;0
"17/08/2013";"19:28:00";"110";"com vítima";"55,5";"BR-153/SP";"Sul";"Tombamento de Moto";0;0;0;1;0;0;0;0;0;0;0;1;0;0;0
"17/08/2013";"20:28:00";"117";"sem vítima";"99";"BR-153/SP";"Sul";"Colisão Transversal";2;0;0;0;0;0;0;0;0;0;4;0;0;0;0
"17/08/2013";"23:36:00";"130";"sem vítima";"256";"BR-153/SP";"Norte";"Saída de Pista";1;0;0;0;0;0;0;0;0;0;1;0;0;0;0
"18/08/2013";"00:03:00";"1";"sem vítima";"103";"BR-153/SP";"Sul";"Atropelamento de Animal";1;0;0;0;0;0;0;0;0;0;1;0;0;0;0
"18/08/2013";"02:58:00";"5";"sem vítima";"81";"BR-153/SP";"Sul";"Saída de Pista";1;0;0;0;0;0;0;0;0;0;1;0;0;0;0
"18/08/2013";"11:33:00";"45";"sem vítima";"58";"BR-153/SP";"Sul";"Colisão Lateral";1;0;1;0;0;0;0;0;0;0;2;0;0;0;0
"18/08/2013";"18:49:00";"99";"sem vítima";"17,4";"BR-153/SP";"Norte";"Tombamento";0;0;1;0;0;0;0;0;0;0;1;0;0;0;0
"18/08/2013";"20:45:00";"111";"com vítima";"347,7";"BR-153/SP";"Sul";"Choque contra Objeto Fixo";1;0;0;0;0;0;0;0;0;0;1;1;0;0;0
"19/08/2013";"00:18:00";"3";"sem vítima";"99";"BR-153/SP";"Norte";"Tombamento de Moto";0;0;0;1;0;0;0;0;0;0;2;0;0;0;0
"19/08/2013";"05:25:00";"11";"com vítima";"122,5";"BR-153/SP";"Norte";"Saída de Pista";1;0;0;0;0;0;0;0;0;0;0;1;0;0;0
"19/08/2013";"12:04:00";"84";"sem vítima";"42";"BR-153/SP";"Sul";"Colisão Traseira";0;0;0;0;0;0;0;0;0;3;5;0;0;0;0
"19/08/2013";"19:11:00";"149";"sem vítima";"56";"BR-153/SP";"Norte";"Colisão Transversal";1;0;0;0;0;0;0;0;0;1;3;0;0;0;0
"19/08/2013";"22:15:00";"162";"sem vítima";"206";"BR-153/SP";"Sul";"Atropelamento de Animal";0;0;0;0;0;0;0;0;0;1;1;0;0;0;0
"20/08/2013";"03:14:00";"8";"sem vítima";"61";"BR-153/SP";"Norte";"Saída de Pista";1;0;0;0;0;0;0;0;0;0;1;0;0;0;0
"20/08/2013";"10:01:00";"60";"sem vítima";"18";"BR-153/SP";"Norte";"Colisão Traseira";0;0;2;0;0;0;0;0;0;0;2;0;0;0;0
"20/08/2013";"10:48:00";"66";"sem vítima";"157";"BR-153/SP";"Sul";"Colisão Traseira";0;0;0;0;0;0;0;0;1;1;2;0;0;0;0
"21/08/2013";"05:48:00";"11";"sem vítima";"58";"BR-153/SP";"Sul";"Colisão Transversal";1;0;1;0;0;0;0;0;0;0;2;0;0;0;0
"21/08/2013";"13:49:00";"94";"com vítima";"144";"BR-153/SP";"Sul";"Saída de Pista";0;0;0;0;0;0;0;0;0;1;0;0;1;0;0
"21/08/2013";"18:55:00";"125";"sem vítima";"278,3";"BR-153/SP";"Sul";"Atropelamento de Animal";1;0;0;0;0;0;0;0;0;0;1;0;0;0;0
"22/08/2013";"12:25:00";"103";"com vítima";"43,5";"BR-153/SP";"Sul";"Saída de Pista";1;0;0;0;0;0;0;0;0;0;1;1;0;0;0
"22/08/2013";"18:11:00";"147";"sem vítima";"168,8";"BR-153/SP";"Norte";"Colisão Lateral";1;0;1;0;0;0;0;0;0;0;2;0;0;0;0
"23/08/2013";"03:56:00";"12";"sem vítima";"133,5";"BR-153/SP";"Norte";"Atropelamento de Animal";1;0;0;0;0;0;0;0;0;0;2;0;0;0;0
"23/08/2013";"08:24:00";"60";"sem vítima";"63,4";"BR-153/SP";"Norte";"Colisão Lateral";1;0;1;0;0;0;0;0;0;0;4;0;0;0;0
"23/08/2013";"10:49:00";"101";"sem vítima";"62";"BR-153/SP";"Sul";"Colisão Traseira";1;0;1;0;0;0;0;0;0;0;2;0;0;0;0
"23/08/2013";"11:28:00";"107";"com vítima";"41,8";"BR-153/SP";"Norte";"Colisão Traseira";1;0;1;0;0;0;0;0;0;0;1;0;1;0;0
"23/08/2013";"12:16:00";"115";"sem vítima";"74,8";"BR-153/SP";"Norte";"Colisão Traseira";2;0;0;0;0;0;0;0;0;0;2;0;0;0;0
"24/08/2013";"01:06:00";"11";"com vítima";"118,4";"BR-153/SP";"Sul";"Colisão Traseira";0;0;0;1;0;1;0;0;0;0;0;0;0;0;1
"24/08/2013";"13:01:00";"99";"com vítima";"137,4";"BR-153/SP";"Norte";"Engavetamento";1;0;2;0;0;0;0;0;0;0;4;1;0;0;0
"24/08/2013";"13:17:00";"105";"com vítima";"226";"BR-153/SP";"Norte";"Tombamento de Moto";0;0;0;1;0;0;0;0;0;0;1;0;1;0;0
"24/08/2013";"18:50:00";"149";"com vítima";"71";"BR-153/SP";"Norte";"Colisão Transversal";1;0;0;2;0;0;0;0;0;0;3;1;0;0;0
"24/08/2013";"19:08:00";"151";"com vítima";"258,6";"BR-153/SP";"Norte";"Colisão Transversal";1;0;0;1;0;0;0;0;0;0;1;1;0;0;0
"24/08/2013";"20:11:00";"161";"com vítima";"172";"BR-153/SP";"Sul";"Colisão Transversal";1;0;1;0;0;0;0;0;0;0;2;0;1;0;0
"25/08/2013";"21:34:00";"140";"com vítima";"272,3";"BR-153/SP";"Norte";"Choque contra Objeto Fixo";1;0;0;0;0;0;0;0;0;0;0;0;1;0;0
"26/08/2013";"15:03:00";"121";"com vítima";"72";"BR-153/SP";"Sul";"Colisão Lateral";1;0;0;0;0;0;0;0;0;1;5;0;1;0;0
"27/08/2013";"19:17:00";"142";"sem vítima";"17,5";"BR-153/SP";"Norte";"Colisão Traseira";1;0;1;0;0;0;0;0;0;0;3;0;0;0;0
"27/08/2013";"19:22:00";"144";"sem vítima";"62,9";"BR-153/SP";"Norte";"Colisão Lateral";1;0;1;0;0;0;0;0;0;0;6;0;0;0;0
"28/08/2013";"06:49:00";"21";"sem vítima";"35,7";"BR-153/SP";"Norte";"Choque contra Objeto Fixo";0;0;1;0;0;0;0;0;0;0;1;0;0;0;0
"28/08/2013";"18:30:00";"123";"sem vítima";"178,2";"BR-153/SP";"Sul";"Choque contra Objeto Fixo";0;0;1;0;0;0;0;0;0;0;1;0;0;0;0
"28/08/2013";"19:36:00";"132";"com vítima";"174";"BR-153/SP";"Sul";"Atropelamento  de Pedestre";1;0;0;0;0;0;0;0;0;0;1;1;0;0;0
"29/08/2013";"06:52:00";"18";"sem vítima";"61,7";"BR-153/SP";"Sul";"Colisão Traseira";1;0;1;0;0;0;0;0;0;0;4;0;0;0;0
"29/08/2013";"07:22:00";"27";"sem vítima";"62,1";"BR-153/SP";"Sul";"Colisão Transversal";1;0;0;0;0;0;0;0;0;1;2;0;0;0;0
"29/08/2013";"07:30:00";"31";"sem vítima";"61,9";"BR-153/SP";"Norte";"Colisão Traseira";2;0;0;0;0;0;0;0;0;0;2;0;0;0;0
"29/08/2013";"07:52:00";"36";"sem vítima";"73,1";"BR-153/SP";"Sul";"Colisão Transversal";1;0;1;0;0;0;0;0;0;0;3;0;0;0;0
"29/08/2013";"08:19:00";"41";"sem vítima";"8,3";"BR-153/SP";"Norte";"Colisão Frontal";2;0;0;0;0;0;0;0;0;0;2;0;0;0;0
"29/08/2013";"15:19:00";"81";"sem vítima";"216";"BR-153/SP";"Sul";"Colisão Traseira";1;0;0;0;0;0;0;0;0;1;3;0;0;0;0
"29/08/2013";"16:28:00";"90";"sem vítima";"49";"BR-153/SP";"Norte";"Colisão Traseira";0;0;2;0;0;0;0;0;0;0;2;0;0;0;0
"30/08/2013";"09:27:00";"60";"com vítima";"39";"BR-153/SP";"Sul";"Colisão Lateral";0;0;1;0;0;0;0;0;0;1;1;1;0;0;0
"30/08/2013";"10:42:00";"70";"com vítima";"49,8";"BR-153/SP";"Norte";"Colisão Traseira";1;0;0;0;0;0;0;0;0;1;1;2;0;0;0
"30/08/2013";"20:37:00";"130";"sem vítima";"135,5";"BR-153/SP";"Sul";"Atropelamento de Animal";1;0;0;0;0;0;0;0;0;0;3;0;0;0;0
"31/08/2013";"01:42:00";"5";"sem vítima";"57";"BR-153/SP";"Sul";"Saída de Pista";1;0;0;0;0;0;0;0;0;0;1;0;0;0;0
"31/08/2013";"06:27:00";"12";"sem vítima";"300,5";"BR-153/SP";"Norte";"Saída de Pista";1;0;0;0;0;0;0;0;0;0;1;0;0;0;0
"31/08/2013";"07:34:00";"24";"sem vítima";"330";"BR-153/SP";"Norte";"Colisão Lateral";0;0;2;0;0;0;0;0;0;0;3;0;0;0;0
"31/08/2013";"10:07:00";"51";"com vítima";"69,7";"BR-153/SP";"Sul";"Colisão Traseira";2;0;0;0;0;0;0;0;0;1;1;1;2;0;0
"31/08/2013";"11:03:00";"59";"com vítima";"58,8";"BR-153/SP";"Norte";"Colisão Transversal";1;0;0;0;0;0;0;0;0;1;1;4;0;0;0
"31/08/2013";"11:26:00";"65";"com vítima";"151,5";"BR-153/SP";"Sul";"Atropelamento de Ciclista";1;1;0;0;0;0;0;0;0;0;1;1;0;0;0
"31/08/2013";"19:45:00";"133";"sem vítima";"61";"BR-153/SP";"Sul";"Saída de Pista";1;0;0;0;0;0;0;0;0;0;1;0;0;0;0
"31/08/2013";"23:55:00";"150";"sem vítima";"51";"BR-153/SP";"Sul";"Colisão Transversal";1;0;0;0;0;1;0;0;0;0;2;0;0;0;0
"01/09/2013";"04:51:00";"6";"sem vítima";"61";"BR-153/SP";"Norte";"Saída de Pista";1;0;0;0;0;0;0;0;0;0;1;0;0;0;0
"01/09/2013";"12:00:00";"64";"sem vítima";"279,9";"BR-153/SP";"Sul";"Saída de Pista";1;0;0;0;0;0;0;0;0;0;4;0;0;0;0
"01/09/2013";"14:56:00";"79";"com vítima";"321";"BR-153/SP";"Norte";"Tombamento de Moto";0;0;0;1;0;0;0;0;0;0;0;1;0;0;0
"01/09/2013";"19:39:00";"119";"com vítima";"257,3";"BR-153/SP";"Sul";"Atropelamento  de Pedestre";0;0;0;1;0;0;0;0;0;0;1;1;0;0;0
"02/09/2013";"05:49:00";"10";"com vítima";"176";"BR-153/SP";"Norte";"Colisão Lateral";0;0;0;2;0;0;0;0;0;0;0;1;1;0;0
"02/09/2013";"06:06:00";"12";"com vítima";"347,5";"BR-153/SP";"Norte";"Atropelamento de Animal";0;0;0;1;0;0;0;0;0;0;0;1;0;0;0
"02/09/2013";"06:08:00";"13";"com vítima";"116";"BR-153/SP";"Norte";"Colisão Lateral";0;0;1;0;1;0;0;0;0;0;11;2;0;0;0
"02/09/2013";"07:48:00";"25";"com vítima";"62,2";"BR-153/SP";"Sul";"Colisão Traseira";0;0;0;2;0;0;0;0;0;0;1;1;0;0;0
"02/09/2013";"07:56:00";"28";"sem vítima";"256";"BR-153/SP";"Norte";"Tombamento de Moto";0;0;0;1;0;0;0;0;0;0;1;0;0;0;0
"02/09/2013";"08:16:00";"29";"sem vítima";"256";"BR-153/SP";"Norte";"Tombamento de Moto";0;0;0;1;0;0;0;0;0;0;1;0;0;0;0
"02/09/2013";"09:44:00";"48";"sem vítima";"11";"BR-153/SP";"Norte";"Colisão Lateral";2;0;0;0;0;0;0;0;0;0;3;0;0;0;0
"02/09/2013";"12:05:00";"64";"sem vítima";"338";"BR-153/SP";"Sul";"Colisão Transversal";1;0;1;0;0;0;0;0;0;0;2;0;0;0;0
"02/09/2013";"12:20:00";"65";"com vítima";"269,5";"BR-153/SP";"Norte";"Tombamento de Moto";0;0;0;1;0;0;0;0;0;0;0;0;1;0;0
"02/09/2013";"14:30:00";"86";"com vítima";"33";"BR-153/SP";"Sul";"Colisão Lateral";1;0;1;0;0;0;0;0;0;1;2;0;0;0;1
"03/09/2013";"10:06:00";"48";"sem vítima";"274,3";"BR-153/SP";"Norte";"Choque contra Objeto Fixo";0;0;1;0;0;0;0;0;0;0;1;0;0;0;0
"03/09/2013";"15:47:00";"101";"sem vítima";"174";"BR-153/SP";"Sul";"Colisão Transversal";1;0;1;0;0;0;0;0;0;0;2;0;0;0;0
"03/09/2013";"16:32:00";"105";"sem vítima";"63";"BR-153/SP";"Sul";"Colisão Traseira";1;0;1;0;0;0;0;0;0;0;2;0;0;0;0
"03/09/2013";"16:35:00";"108";"com vítima";"62,5";"BR-153/SP";"Sul";"Engavetamento";4;0;0;0;0;0;0;0;0;0;3;1;0;0;0
"03/09/2013";"20:45:00";"126";"sem vítima";"27";"BR-153/SP";"Norte";"Colisão Traseira";2;0;0;0;0;0;0;0;0;0;5;0;0;0;0
"04/09/2013";"07:58:00";"31";"com vítima";"76,15";"BR-153/SP";"Sul";"Saída de Pista";1;0;0;0;0;0;0;0;0;0;0;4;0;0;0
"04/09/2013";"08:58:00";"44";"sem vítima";"71,9";"BR-153/SP";"Sul";"Colisão Transversal";2;0;1;0;0;0;0;0;0;0;3;0;0;0;0
"04/09/2013";"11:39:00";"71";"sem vítima";"68";"BR-153/SP";"Norte";"Incidente";1;0;0;0;0;0;0;0;0;0;1;0;0;0;0
"05/09/2013";"07:12:00";"27";"sem vítima";"106";"BR-153/SP";"Sul";"Colisão Lateral";1;0;1;0;0;0;0;0;0;0;6;0;0;0;0
"05/09/2013";"08:03:00";"39";"sem vítima";"62";"BR-153/SP";"Sul";"Colisão Traseira";2;0;0;0;0;0;0;0;0;0;3;0;0;0;0
"05/09/2013";"15:21:00";"119";"com vítima";"37";"BR-153/SP";"Norte";"Tombamento de Moto";0;0;0;1;0;0;0;0;0;0;1;1;0;0;0
"05/09/2013";"20:00:00";"151";"com vítima";"47";"BR-153/SP";"Sul";"Capotamento";1;0;1;0;0;0;0;0;0;0;1;1;0;0;0
"05/09/2013";"21:04:00";"157";"com vítima";"117,9";"BR-153/SP";"Sul";"Capotamento";1;0;0;0;0;0;0;0;0;0;3;1;0;0;0
"06/09/2013";"01:59:00";"8";"com vítima";"228,2";"BR-153/SP";"Norte";"Atropelamento de Animal";1;0;0;0;0;0;0;0;0;0;0;1;0;0;0
"06/09/2013";"06:58:00";"19";"sem vítima";"62";"BR-153/SP";"Sul";"Colisão Traseira";3;0;0;0;0;0;0;0;0;0;5;0;0;0;0
"06/09/2013";"07:20:00";"20";"sem vítima";"210";"BR-153/SP";"Sul";"Colisão Transversal";1;0;0;0;0;0;0;0;0;1;2;0;0;0;0
"06/09/2013";"13:02:00";"61";"sem vítima";"56";"BR-153/SP";"Sul";"Colisão Traseira";0;0;0;0;0;0;0;0;0;2;2;0;0;0;0
"06/09/2013";"13:04:00";"63";"com vítima";"223";"BR-153/SP";"Sul";"Colisão Transversal";1;0;1;0;0;0;0;0;0;0;1;0;0;0;2
"06/09/2013";"13:15:00";"65";"sem vítima";"98,5";"BR-153/SP";"Sul";"Colisão Traseira";0;0;2;0;0;0;0;0;0;0;3;0;0;0;0
"06/09/2013";"16:06:00";"81";"sem vítima";"30";"BR-153/SP";"Sul";"Colisão Transversal";2;0;0;0;0;0;0;0;0;0;5;0;0;0;0
"07/09/2013";"13:15:00";"67";"com vítima";"108";"BR-153/SP";"Sul";"Colisão Transversal";2;0;0;0;0;0;0;0;0;0;2;1;0;0;0
"08/09/2013";"16:35:00";"76";"com vítima";"120";"BR-153/SP";"Norte";"Colisão Transversal";1;0;0;0;0;0;0;0;0;1;3;4;0;0;0
"08/09/2013";"16:43:00";"78";"com vítima";"70";"BR-153/SP";"Sul";"Tombamento de Moto";0;0;0;1;0;0;0;0;0;0;0;0;2;0;0
"08/09/2013";"18:54:00";"97";"sem vítima";"57";"BR-153/SP";"Norte";"Saída de Pista";1;0;0;0;0;0;0;0;0;0;3;0;0;0;0
"09/09/2013";"21:38:00";"155";"com vítima";"268,3";"BR-153/SP";"Norte";"Colisão Traseira";2;0;0;0;0;0;0;0;0;0;7;1;0;0;0
"10/09/2013";"08:00:00";"35";"sem vítima";"63";"BR-153/SP";"Sul";"Engavetamento";2;0;0;0;0;1;0;0;0;0;3;0;0;0;0
"10/09/2013";"14:11:00";"114";"com vítima";"5,1";"BR-153/SP";"Sul";"Capotamento";0;0;0;0;0;0;0;0;0;1;0;1;0;0;0
"10/09/2013";"18:45:00";"142";"sem vítima";"69,5";"BR-153/SP";"Sul";"Colisão Traseira";0;0;0;1;1;0;0;0;0;0;16;0;0;0;0
"10/09/2013";"20:50:00";"151";"sem vítima";"37,7";"BR-153/SP";"Sul";"Colisão Transversal";0;0;0;0;0;1;0;0;0;1;3;0;0;0;0
"11/09/2013";"15:59:00";"107";"sem vítima";"113";"BR-153/SP";"Norte";"Colisão Lateral";0;0;1;0;0;0;0;0;0;1;3;0;0;0;0
"11/09/2013";"16:30:00";"112";"com vítima";"64";"BR-153/SP";"Norte";"Engavetamento";1;0;1;0;0;0;0;0;0;1;4;1;0;0;0
"11/09/2013";"16:47:00";"115";"com vítima";"70";"BR-153/SP";"Sul";"Colisão Traseira";1;0;0;0;0;0;0;0;0;1;3;1;0;0;0
"12/09/2013";"12:07:00";"94";"sem vítima";"341";"BR-153/SP";"Norte";"Colisão Traseira";1;0;1;0;0;0;0;0;0;0;5;0;0;0;0
"12/09/2013";"12:20:00";"98";"com vítima";"50,8";"BR-153/SP";"Sul";"Colisão Traseira";1;0;0;1;0;0;0;0;0;0;3;1;0;0;0
"12/09/2013";"23:47:00";"194";"com vítima";"106,5";"BR-153/SP";"Norte";"Colisão Frontal";1;0;0;1;0;0;0;0;0;0;0;4;0;0;1
"13/09/2013";"09:58:00";"66";"com vítima";"62";"BR-153/SP";"Norte";"Engavetamento";1;0;0;0;0;0;0;0;0;2;9;1;0;0;0
"13/09/2013";"14:56:00";"109";"com vítima";"108,7";"BR-153/SP";"Norte";"Saída de Pista";1;0;0;0;0;0;0;0;0;0;0;1;0;0;0
"13/09/2013";"20:21:00";"149";"com vítima";"142";"BR-153/SP";"Norte";"Colisão Transversal";1;0;0;0;0;0;1;0;0;0;1;1;0;0;0
"14/09/2013";"09:51:00";"37";"sem vítima";"61";"BR-153/SP";"Sul";"Colisão Traseira";1;0;1;0;0;0;0;0;0;0;2;0;0;0;0
"14/09/2013";"09:51:00";"36";"sem vítima";"61";"BR-153/SP";"Sul";"Colisão Traseira";0;0;0;0;0;0;0;0;0;2;16;0;0;0;0
"14/09/2013";"14:59:00";"59";"sem vítima";"58";"BR-153/SP";"Norte";"Colisão Lateral";1;0;0;1;0;0;0;0;0;0;4;0;0;0;0
"14/09/2013";"20:17:00";"96";"com vítima";"339";"BR-153/SP";"Sul";"Colisão Transversal";0;0;0;1;0;0;0;0;0;1;2;0;1;0;0
"14/09/2013";"23:04:00";"107";"com vítima";"61";"BR-153/SP";"Norte";"Saída de Pista";0;0;0;0;0;0;0;0;0;1;0;2;0;0;0
"15/09/2013";"23:23:00";"129";"com vítima";"170,9";"BR-153/SP";"Norte";"Colisão Transversal";0;0;1;0;0;0;0;0;0;1;1;3;0;0;1
"16/09/2013";"08:02:00";"34";"sem vítima";"65,5";"BR-153/SP";"Norte";"Colisão Traseira";1;0;0;1;0;0;0;0;0;0;2;0;0;0;0
"16/09/2013";"20:02:00";"154";"sem vítima";"63";"BR-153/SP";"Norte";"Colisão Traseira";2;0;0;0;0;0;0;0;0;0;2;0;0;0;0