data;horario;n_da_ocorrencia;tipo_de_ocorrencia;km;trecho;sentido;tipo_de_acidente;automovel;bicicleta;caminhao;moto;onibus;outros;tracao_animal;transporte_de_cargas_especiais;trator_maquinas;utilitarios;ilesos;levemente_feridos;moderadamente_feridos;gravemente_feridos;mortos
"17/09/2013";"08:46:00";"30";"sem vítima";"204,5";"BR-153/SP";"Norte";"Saída de Pista";1;0;0;0;0;0;0;0;0;0;2;0;0;0;0
"17/09/2013";"08:53:00";"34";"sem vítima";"62,2";"BR-153/SP";"Sul";"Engavetamento";3;0;0;0;0;0;0;0;0;1;4;0;0;0;0
"17/09/2013";"13:03:00";"69";"sem vítima";"16,4";"BR-153/SP";"Sul";"Saída de Pista";1;0;0;0;0;0;0;0;0;0;2;0;0;0;0
"17/09/2013";"14:11:00";"78";"com vítima";"25,1";"BR-153/SP";"Norte";"Colisão Frontal";0;0;1;0;0;0;0;0;0;1;1;0;1;0;0
"17/09/2013";"15:20:00";"84";"com vítima";"265";"BR-153/SP";"Norte";"Colisão Frontal";0;0;2;0;0;0;0;0;0;0;3;1;0;0;0
"18/09/2013";"09:54:00";"55";"com vítima";"182";"BR-153/SP";"Sul";"Colisão Transversal";1;0;1;0;0;0;0;0;0;0;1;1;0;0;0
"18/09/2013";"16:25:00";"105";"sem vítima";"54";"BR-153/SP";"Sul";"Colisão Lateral";1;0;1;0;0;0;0;0;0;1;4;0;0;0;0
"19/09/2013";"02:37:00";"9";"com vítima";"177,8";"BR-153/SP";"Norte";"Colisão Lateral";1;0;1;0;0;0;0;0;0;0;0;2;0;0;0
"19/09/2013";"10:51:00";"77";"sem vítima";"174,4";"BR-153/SP";"Norte";"Colisão Transversal";1;0;0;0;0;0;0;0;0;1;3;0;0;0;0
"20/09/2013";"09:07:00";"69";"sem vítima";"61,2";"BR-153/SP";"Sul";"Colisão Traseira";0;0;1;0;1;0;0;0;0;0;22;0;0;0;0
"20/09/2013";"15:33:00";"128";"com vítima";"171,5";"BR-153/SP";"Norte";"Tombamento de Moto";0;0;0;1;0;0;0;0;0;0;0;2;0;0;0
"20/09/2013";"17:06:00";"153";"com vítima";"71,4";"BR-153/SP";"Norte";"Colisão Frontal";1;0;0;0;0;0;0;0;0;2;4;3;0;0;0
"20/09/2013";"17:14:00";"154";"sem vítima";"72";"BR-153/SP";"Norte";"Colisão Traseira";2;0;0;0;0;0;0;0;0;0;2;0;0;0;0
"20/09/2013";"18:00:00";"161";"com vítima";"70,5";"BR-153/SP";"Norte";"Colisão Lateral";0;0;1;1;0;0;0;0;0;0;1;1;0;0;0
"21/09/2013";"19:26:00";"155";"com vítima";"65";"BR-153/SP";"Sul";"Tombamento de Moto";0;0;0;1;0;0;0;0;0;0;0;0;1;0;0
"22/09/2013";"02:48:00";"11";"sem vítima";"67";"BR-153/SP";"Sul";"Saída de Pista";1;0;0;0;0;0;0;0;0;0;2;0;0;0;0
"22/09/2013";"23:25:00";"134";"com vítima";"52";"BR-153/SP";"Sul";"Colisão Transversal";1;0;0;1;0;0;0;0;0;0;4;1;0;0;0
"23/09/2013";"05:26:00";"17";"com vítima";"49";"BR-153/SP";"Sul";"Colisão Traseira";0;0;0;2;0;0;0;0;0;0;1;1;0;0;0
"23/09/2013";"07:46:00";"27";"sem vítima";"58,8";"BR-153/SP";"Sul";"Colisão Transversal";2;0;0;0;0;0;0;0;0;0;2;0;0;0;0
"23/09/2013";"15:15:00";"112";"sem vítima";"23";"BR-153/SP";"Norte";"Tombamento";0;0;0;0;0;0;0;0;0;1;6;0;0;0;0
"23/09/2013";"16:05:00";"118";"com vítima";"72";"BR-153/SP";"Norte";"Engavetamento";2;0;2;0;0;0;0;0;0;0;4;1;0;0;0
"23/09/2013";"17:03:00";"129";"sem vítima";"20,05";"BR-153/SP";"Norte";"Colisão Lateral";1;0;1;0;0;0;0;0;0;0;3;0;0;0;0
"23/09/2013";"17:15:00";"131";"com vítima";"76,9";"BR-153/SP";"Norte";"Colisão Transversal";1;0;0;0;0;0;0;0;0;1;0;3;0;0;1
"24/09/2013";"15:43:00";"148";"sem vítima";"59,2";"BR-153/SP";"Norte";"Colisão Lateral";1;0;0;0;0;1;0;0;0;0;3;0;0;0;0
"25/09/2013";"08:41:00";"53";"sem vítima";"90";"BR-153/SP";"Norte";"Incidente";1;0;0;0;0;0;0;0;0;1;2;0;0;0;0
"25/09/2013";"17:54:00";"172";"sem vítima";"69,8";"BR-153/SP";"Norte";"Colisão Traseira";1;0;1;0;0;0;0;0;0;0;5;0;0;0;0
"25/09/2013";"23:25:00";"192";"sem vítima";"60";"BR-153/SP";"Sul";"Saída de Pista";1;0;0;0;0;0;0;0;0;0;2;0;0;0;0
"26/09/2013";"11:06:00";"89";"sem vítima";"83";"BR-153/SP";"Sul";"Colisão Lateral";1;0;0;0;0;1;0;0;0;0;4;0;0;0;0
"27/09/2013";"12:39:00";"65";"sem vítima";"35,8";"BR-153/SP";"Norte";"Choque contra Objeto Fixo";0;0;1;0;0;0;0;0;0;0;1;0;0;0;0
"27/09/2013";"13:17:00";"68";"com vítima";"36,2";"BR-153/SP";"Sul";"Colisão Lateral";1;0;0;1;0;0;0;0;0;0;2;0;2;0;0
"27/09/2013";"15:11:00";"78";"sem vítima";"57";"BR-153/SP";"Sul";"Incêndio";0;0;1;0;0;0;0;0;0;0;1;0;0;0;0
"28/09/2013";"02:36:00";"9";"sem vítima";"218";"BR-153/SP";"Norte";"Saída de Pista";0;0;1;0;0;0;0;0;0;0;1;0;0;0;0
"28/09/2013";"11:13:00";"76";"com vítima";"56";"BR-153/SP";"Norte";"Tombamento de Moto";0;0;0;1;0;0;0;0;0;0;0;1;0;0;0
"29/09/2013";"05:48:00";"26";"sem vítima";"75";"BR-153/SP";"Sul";"Saída de Pista";1;0;0;0;0;0;0;0;0;0;1;0;0;0;0
"29/09/2013";"13:14:00";"79";"sem vítima";"230,6";"BR-153/SP";"Sul";"Saída de Pista";1;0;0;0;0;0;0;0;0;0;2;0;0;0;0
"30/09/2013";"00:19:00";"1";"sem vítima";"338";"BR-153/SP";"Norte";"Saída de Pista";1;0;0;0;0;0;0;0;0;0;4;0;0;0;0
"30/09/2013";"07:37:00";"28";"sem vítima";"62";"BR-153/SP";"Sul";"Engavetamento";1;0;0;0;0;0;0;0;0;2;5;0;0;0;0
"30/09/2013";"07:52:00";"32";"com vítima";"73,8";"BR-153/SP";"Norte";"Engavetamento";4;0;0;0;0;0;0;0;0;0;3;2;0;0;0
"30/09/2013";"07:54:00";"33";"com vítima";"56,4";"BR-153/SP";"Sul";"Tombamento";0;0;0;1;0;0;0;0;0;0;1;1;0;0;0
"30/09/2013";"07:54:00";"34";"sem vítima";"60,1";"BR-153/SP";"Norte";"Colisão Traseira";1;0;0;0;0;0;0;0;0;1;2;0;0;0;0
"30/09/2013";"08:46:00";"45";"sem vítima";"193";"BR-153/SP";"Sul";"Atropelamento de Animal";0;0;0;0;0;0;0;0;0;1;1;0;0;0;0
"30/09/2013";"09:25:00";"53";"sem vítima";"327";"BR-153/SP";"Sul";"Colisão Transversal";1;0;0;0;0;0;0;0;0;1;2;0;0;0;0
"30/09/2013";"10:51:00";"68";"sem vítima";"183,8";"BR-153/SP";"Sul";"Engavetamento";2;0;0;0;0;0;0;0;0;1;3;0;0;0;0
"30/09/2013";"13:02:00";"79";"sem vítima";"183,8";"BR-153/SP";"Sul";"Colisão Transversal";2;0;0;0;0;0;0;0;0;0;5;0;0;0;0
"30/09/2013";"14:11:00";"89";"sem vítima";"16,9";"BR-153/SP";"Sul";"Capotamento";1;0;0;0;0;0;0;0;0;0;2;0;0;0;0
"01/10/2013";"07:44:00";"36";"com vítima";"274,3";"BR-153/SP";"Norte";"Tombamento";0;0;1;0;0;0;0;0;0;0;0;1;0;0;0
"01/10/2013";"08:07:00";"40";"sem vítima";"98";"BR-153/SP";"Norte";"Colisão Transversal";1;0;1;0;0;0;0;0;0;0;3;0;0;0;0
"01/10/2013";"13:45:00";"81";"sem vítima";"69";"BR-153/SP";"Norte";"Colisão Traseira";1;0;1;0;0;0;0;0;0;0;2;0;0;0;0
"01/10/2013";"14:48:00";"87";"sem vítima";"58";"BR-153/SP";"Norte";"Colisão Lateral";1;0;0;1;0;0;0;0;0;0;2;0;0;0;0
"01/10/2013";"18:42:00";"113";"sem vítima";"130";"BR-153/SP";"Norte";"Colisão Transversal";1;0;1;0;0;0;0;0;0;0;2;0;0;0;0
"02/10/2013";"05:53:00";"22";"com vítima";"2,5";"BR-153/SP";"Norte";"Tombamento de Moto";0;0;0;1;0;0;0;0;0;0;0;2;0;0;0
"02/10/2013";"18:30:00";"152";"com vítima";"41,9";"BR-153/SP";"Norte";"Colisão Transversal";1;0;1;0;0;0;0;0;0;0;2;1;0;0;0
"02/10/2013";"20:35:00";"168";"sem vítima";"326";"BR-153/SP";"Sul";"Saída de Pista";0;0;1;0;0;0;0;0;0;0;2;0;0;0;0
"03/10/2013";"15:02:00";"140";"com vítima";"287";"BR-153/SP";"Norte";"Colisão Lateral";1;0;0;0;0;0;0;0;0;1;1;1;0;0;0
"03/10/2013";"16:57:00";"157";"com vítima";"217";"BR-153/SP";"Norte";"Tombamento de Moto";0;0;0;1;0;0;0;0;0;0;0;0;1;0;0
"04/10/2013";"06:49:00";"27";"com vítima";"179,1";"BR-153/SP";"Sul";"Colisão Transversal";0;0;1;0;1;0;0;0;0;0;0;7;0;0;0
"04/10/2013";"10:08:00";"58";"sem vítima";"185,8";"BR-153/SP";"Norte";"Colisão Traseira";0;0;1;0;0;0;0;0;0;1;2;0;0;0;0
"04/10/2013";"12:07:00";"82";"sem vítima";"23,7";"BR-153/SP";"Sul";"Colisão Traseira";0;0;1;0;0;0;0;0;0;1;7;0;0;0;0
"05/10/2013";"22:47:00";"137";"com vítima";"61";"BR-153/SP";"Sul";"Choque contra Objeto Fixo";0;0;0;1;0;0;0;0;0;0;0;1;0;0;0
"05/10/2013";"23:34:00";"143";"com vítima";"175,4";"BR-153/SP";"Sul";"Colisão Frontal";2;0;0;0;0;0;0;0;0;0;1;1;1;0;0
"06/10/2013";"04:20:00";"16";"com vítima";"66,4";"BR-153/SP";"Norte";"Colisão Frontal";0;0;0;0;0;0;0;0;0;2;0;1;0;0;1
"06/10/2013";"18:21:00";"119";"com vítima";"273,2";"BR-153/SP";"Sul";"Choque contra Objeto Fixo";0;0;0;1;0;0;0;0;0;0;0;0;1;0;0
"07/10/2013";"01:18:00";"4";"com vítima";"273,1";"BR-153/SP";"Norte";"Saída de Pista";0;0;1;0;0;0;0;0;0;0;0;2;0;0;0
"07/10/2013";"17:26:00";"138";"com vítima";"56";"BR-153/SP";"Norte";"Colisão Traseira";1;0;1;0;0;0;0;0;0;0;2;1;0;0;0
"08/10/2013";"11:48:00";"81";"sem vítima";"138";"BR-153/SP";"Sul";"Tombamento";0;0;1;0;0;0;0;0;0;0;1;0;0;0;0
"08/10/2013";"19:40:00";"148";"sem vítima";"75";"BR-153/SP";"Sul";"Colisão Traseira";2;0;0;0;0;0;0;0;0;0;2;0;0;0;0
"09/10/2013";"17:34:00";"133";"com vítima";"44,6";"BR-153/SP";"Norte";"Saída de Pista";1;0;0;0;0;0;0;0;0;0;0;1;0;1;0
"09/10/2013";"22:16:00";"170";"com vítima";"70";"BR-153/SP";"Sul";"Colisão Traseira";2;0;0;1;0;0;0;0;0;0;1;2;0;0;0
"09/10/2013";"23:09:00";"178";"sem vítima";"62";"BR-153/SP";"Sul";"Atropelamento de Animal";1;0;0;0;0;0;0;0;0;0;1;0;0;0;0
"10/10/2013";"06:45:00";"21";"com vítima";"60,8";"BR-153/SP";"Sul";"Atropelamento de Animal";0;0;0;1;0;0;0;0;0;0;0;1;0;0;0
"10/10/2013";"17:56:00";"142";"sem vítima";"41,3";"BR-153/SP";"Sul";"Colisão Traseira";0;0;0;0;0;0;0;0;0;2;3;0;0;0;0
"10/10/2013";"18:38:00";"147";"sem vítima";"41,1";"BR-153/SP";"Norte";"Colisão Traseira";0;0;0;0;0;1;0;0;0;1;3;0;0;0;0
"10/10/2013";"19:20:00";"154";"com vítima";"42";"BR-153/SP";"Norte";"Colisão Traseira";0;0;1;0;0;0;0;0;0;1;4;1;0;0;0
"10/10/2013";"22:07:00";"169";"com vítima";"64,3";"BR-153/SP";"Norte";"Colisão Frontal";0;0;0;1;0;0;0;0;0;1;1;0;0;0;1
"10/10/2013";"23:09:00";"11";"sem vítima";"62";"BR-153/SP";"Sul";"Atropelamento de Animal";0;0;0;1;0;0;0;0;0;0;1;0;0;0;0
"11/10/2013";"07:24:00";"23";"sem vítima";"62,8";"BR-153/SP";"Norte";"Colisão Traseira";0;0;0;1;0;1;0;0;0;0;2;0;0;0;0
"11/10/2013";"07:57:00";"29";"sem vítima";"62";"BR-153/SP";"Sul";"Colisão Traseira";2;0;0;0;0;0;0;0;0;0;2;0;0;0;0
"11/10/2013";"08:45:00";"48";"com vítima";"256,2";"BR-153/SP";"Norte";"Colisão Transversal";1;0;0;1;0;0;0;0;0;0;1;2;0;0;0
"11/10/2013";"13:57:00";"98";"sem vítima";"5";"BR-153/SP";"Norte";"Colisão Traseira";1;0;0;0;0;1;0;0;0;0;4;0;0;0;0
"11/10/2013";"14:53:00";"109";"sem vítima";"183";"BR-153/SP";"Norte";"Colisão Lateral";0;0;0;0;0;1;0;0;0;1;3;0;0;0;0
"11/10/2013";"21:56:00";"165";"sem vítima";"120";"BR-153/SP";"Norte";"Colisão Transversal";2;0;0;0;0;0;0;0;0;0;4;0;0;0;0
"11/10/2013";"22:46:00";"168";"sem vítima";"88";"BR-153/SP";"Norte";"Choque contra objeto na faixa de rolamento";0;0;0;0;1;1;0;0;0;0;5;0;0;0;0
"12/10/2013";"05:43:00";"15";"sem vítima";"64";"BR-153/SP";"Norte";"Capotamento";1;0;0;0;0;0;0;0;0;0;1;0;0;0;0
"12/10/2013";"05:54:00";"16";"com vítima";"55,9";"BR-153/SP";"Norte";"Colisão Transversal";1;0;1;0;0;0;0;0;0;0;1;2;0;0;0
"12/10/2013";"18:59:00";"110";"com vítima";"170,3";"BR-153/SP";"Norte";"Colisão Transversal";2;0;1;0;0;0;0;0;0;0;1;2;0;0;0
"13/10/2013";"11:50:00";"25";"sem vítima";"56";"BR-153/SP";"Norte";"Colisão Traseira";2;0;0;0;0;0;0;0;0;0;2;0;0;0;0
"13/10/2013";"14:59:00";"41";"com vítima";"280";"BR-153/SP";"Sul";"Saída de Pista";1;0;0;0;0;0;0;0;0;0;1;3;1;0;0
"13/10/2013";"22:13:00";"85";"com vítima";"72";"BR-153/SP";"Norte";"Atropelamento  de Pedestre";1;0;0;0;0;0;0;0;0;0;1;0;1;0;0
"14/10/2013";"18:59:00";"137";"com vítima";"62,9";"BR-153/SP";"Sul";"Colisão Traseira";2;0;0;0;0;0;0;0;0;0;2;2;0;0;0
"15/10/2013";"05:36:00";"9";"com vítima";"40,5";"BR-153/SP";"Norte";"Tombamento de Moto";0;0;0;1;0;0;0;0;0;0;0;1;0;0;0
"15/10/2013";"06:30:00";"13";"sem vítima";"40,5";"BR-153/SP";"Sul";"Colisão Traseira";1;0;0;0;0;0;0;0;0;1;5;0;0;0;0
"15/10/2013";"13:52:00";"97";"sem vítima";"100,2";"BR-153/SP";"Norte";"Colisão Transversal";2;0;0;0;0;0;0;0;0;0;7;0;0;0;0
"16/10/2013";"08:01:00";"28";"sem vítima";"72";"BR-153/SP";"Norte";"Colisão Traseira";1;0;0;1;0;0;0;0;0;0;2;0;0;0;0
"16/10/2013";"10:12:00";"49";"sem vítima";"161";"BR-153/SP";"Norte";"Colisão Lateral";0;0;1;0;0;1;0;0;0;0;2;0;0;0;0
"16/10/2013";"13:42:00";"77";"com vítima";"257,2";"BR-153/SP";"Sul";"Tombamento de Moto";0;0;0;1;0;1;0;0;0;0;1;0;1;0;0
"16/10/2013";"14:35:00";"81";"sem vítima";"214,4";"BR-153/SP";"Norte";"Colisão Lateral";0;0;1;0;0;0;0;0;0;1;2;0;0;0;0
"16/10/2013";"15:36:00";"86";"com vítima";"38,4";"BR-153/SP";"Norte";"Colisão Frontal";0;0;1;0;1;0;0;0;0;1;2;1;2;0;0
"16/10/2013";"19:54:00";"101";"sem vítima";"58,7";"BR-153/SP";"Sul";"Colisão Transversal";2;0;0;0;0;0;0;0;0;0;3;0;0;0;0
"16/10/2013";"23:07:00";"117";"sem vítima";"39";"BR-153/SP";"Sul";"Colisão Traseira";1;0;0;0;0;1;0;0;0;0;2;0;0;0;0
"17/10/2013";"08:01:00";"26";"sem vítima";"71";"BR-153/SP";"Sul";"Engavetamento";0;0;0;0;0;2;0;0;0;2;5;0;0;0;0
"18/10/2013";"07:49:00";"46";"sem vítima";"72";"BR-153/SP";"Norte";"Colisão Lateral";1;0;0;1;0;1;0;0;0;0;3;0;0;0;0
"18/10/2013";"15:41:00";"127";"sem vítima";"280";"BR-153/SP";"Sul";"Colisão Lateral";1;0;0;0;0;0;0;0;0;1;3;0;0;0;0
"18/10/2013";"21:40:00";"172";"com vítima";"274,6";"BR-153/SP";"Norte";"Tombamento";0;0;1;0;0;0;0;0;0;0;0;0;1;0;0
"19/10/2013";"08:50:00";"34";"com vítima";"73,6";"BR-153/SP";"Norte";"Colisão Lateral";1;0;0;1;0;0;0;0;0;0;1;1;0;0;0
"19/10/2013";"12:36:00";"71";"sem vítima";"40,5";"BR-153/SP";"Sul";"Colisão Traseira";2;0;0;0;0;0;0;0;0;0;5;0;0;0;0
"19/10/2013";"19:09:00";"107";"sem vítima";"91";"BR-153/SP";"Sul";"Choque contra Objeto Fixo";1;0;0;0;0;0;0;0;0;0;2;0;0;0;0
"19/10/2013";"20:19:00";"120";"sem vítima";"40";"BR-153/SP";"Norte";"Colisão Transversal";2;0;0;0;0;0;0;0;0;0;6;0;0;0;0
"20/10/2013";"04:07:00";"11";"com vítima";"221,9";"BR-153/SP";"Sul";"Capotamento";0;0;0;0;0;0;0;0;0;1;0;2;0;0;0
"20/10/2013";"12:33:00";"57";"sem vítima";"42";"BR-153/SP";"Norte";"Colisão Traseira";1;0;0;0;0;0;0;0;0;1;2;0;0;0;0
"20/10/2013";"13:40:00";"63";"com vítima";"62";"BR-153/SP";"Sul";"Choque contra Objeto Fixo";1;0;0;0;0;0;0;0;0;0;0;4;0;0;0
"21/10/2013";"05:57:00";"12";"sem vítima";"174,4";"BR-153/SP";"Sul";"Colisão Transversal";2;0;0;0;0;0;0;0;0;0;2;0;0;0;0
"21/10/2013";"10:44:00";"53";"sem vítima";"63";"BR-153/SP";"Norte";"Colisão Traseira";1;0;1;0;0;0;0;0;0;0;2;0;0;0;0
"21/10/2013";"12:14:00";"64";"sem vítima";"63";"BR-153/SP";"Norte";"Colisão Traseira";1;0;0;0;0;0;0;0;0;1;2;0;0;0;0
"21/10/2013";"15:01:00";"82";"sem vítima";"58";"BR-153/SP";"Sul";"Colisão Traseira";1;0;1;0;0;0;0;0;0;0;2;0;0;0;0
"21/10/2013";"20:56:00";"125";"sem vítima";"42,1";"BR-153/SP";"Norte";"Colisão Traseira";0;0;1;0;0;1;0;0;0;0;2;0;0;0;0
"23/10/2013";"17:18:00";"152";"sem vítima";"41,3";"BR-153/SP";"Sul";"Colisão Traseira";2;0;0;0;0;0;0;0;0;0;6;0;0;0;0
"24/10/2013";"08:36:00";"44";"com vítima";"256";"BR-153/SP";"Norte";"Tombamento de Moto";0;0;0;1;0;0;0;0;0;0;0;0;1;0;0
"24/10/2013";"11:08:00";"71";"sem vítima";"42,3";"BR-153/SP";"Norte";"Engavetamento";0;0;3;0;0;0;0;0;0;0;3;0;0;0;0
"24/10/2013";"17:25:00";"124";"sem vítima";"61,8";"BR-153/SP";"Sul";"Colisão Traseira";3;0;0;0;0;1;0;0;0;0;5;0;0;0;0
"25/10/2013";"14:41:00";"97";"com vítima";"204,1";"BR-153/SP";"Norte";"Colisão Frontal";2;0;0;0;0;0;0;0;0;0;0;5;3;0;0
"25/10/2013";"16:52:00";"107";"com vítima";"71";"BR-153/SP";"Norte";"Colisão Transversal";1;0;0;0;0;0;0;0;0;1;0;5;0;0;0
"25/10/2013";"16:56:00";"109";"sem vítima";"0";"BR-153/SP";"Sul";"Engavetamento";0;0;1;0;1;0;0;0;0;1;5;0;0;0;0
"25/10/2013";"17:32:00";"114";"sem vítima";"56";"BR-153/SP";"Norte";"Colisão Traseira";2;0;0;0;0;0;0;0;0;0;2;0;0;0;0
"25/10/2013";"23:39:00";"158";"com vítima";"74";"BR-153/SP";"Norte";"Atropelamento  de Pedestre";0;0;0;0;0;1;0;0;0;0;1;0;1;0;1
"26/10/2013";"06:53:00";"18";"sem vítima";"42,2";"BR-153/SP";"Norte";"Colisão Traseira";1;0;0;0;0;1;0;0;0;0;2;0;0;0;0
"26/10/2013";"09:36:00";"51";"sem vítima";"54";"BR-153/SP";"Sul";"Atropelamento de Animal";0;0;0;1;0;1;0;0;0;0;2;0;0;0;0
"26/10/2013";"13:25:00";"89";"com vítima";"73,95";"BR-153/SP";"Norte";"Colisão Lateral";1;0;1;0;0;0;0;0;0;0;1;2;1;0;0
"26/10/2013";"13:31:00";"90";"sem vítima";"301,8";"BR-153/SP";"Sul";"Saída de Pista";0;0;0;0;0;0;0;0;0;1;1;0;0;0;0
"26/10/2013";"14:18:00";"94";"sem vítima";"73,3";"BR-153/SP";"Norte";"Colisão Traseira";0;0;0;0;0;0;0;0;0;2;3;0;0;0;0
"26/10/2013";"16:35:00";"109";"com vítima";"11";"BR-153/SP";"Norte";"Tombamento de Moto";0;0;0;1;0;0;0;0;0;0;0;1;0;0;0
"27/10/2013";"17:20:00";"113";"com vítima";"26,1";"BR-153/SP";"Norte";"Colisão Traseira";1;0;0;0;0;0;0;0;0;1;5;2;0;0;0
"28/10/2013";"07:50:00";"32";"com vítima";"279,9";"BR-153/SP";"Sul";"Capotamento";1;0;0;0;0;0;0;0;0;0;0;1;0;0;0
"29/10/2013";"21:16:00";"143";"com vítima";"61";"BR-153/SP";"Norte";"Capotamento";1;0;0;0;0;0;0;0;0;0;0;1;0;0;0
"30/10/2013";"08:40:00";"34";"com vítima";"195";"BR-153/SP";"Norte";"Colisão Transversal";1;0;0;1;0;0;0;0;0;0;1;1;0;0;0
"30/10/2013";"13:35:00";"86";"sem vítima";"41,6";"BR-153/SP";"Sul";"Colisão Traseira";1;0;0;0;0;0;0;0;0;1;2;0;0;0;0
"30/10/2013";"15:13:00";"98";"sem vítima";"170,3";"BR-153/SP";"Norte";"Colisão Transversal";0;0;2;0;0;0;0;0;0;0;2;0;0;0;0
"30/10/2013";"18:27:00";"122";"com vítima";"265,8";"BR-153/SP";"Norte";"Engavetamento";1;0;1;0;0;0;0;0;0;1;2;1;0;0;0
"31/10/2013";"08:40:00";"40";"com vítima";"280";"BR-153/SP";"Sul";"Colisão Lateral";1;0;0;0;0;0;0;0;0;1;2;2;0;0;0
"31/10/2013";"09:57:00";"57";"com vítima";"93,9";"BR-153/SP";"Norte";"Saída de Pista";0;0;1;0;0;0;0;0;0;0;0;1;0;0;0
"31/10/2013";"22:58:00";"147";"com vítima";"183,8";"BR-153/SP";"Sul";"Colisão Lateral";1;0;0;0;0;1;0;0;0;0;1;1;0;0;0
"01/11/2013";"07:35:00";"28";"com vítima";"62";"BR-153/SP";"Sul";"Engavetamento";3;0;0;0;0;0;0;0;0;0;6;1;0;0;0
"01/11/2013";"15:12:00";"107";"sem vítima";"52,3";"BR-153/SP";"Norte";"Saída de Pista";1;0;0;0;0;1;0;0;0;0;3;0;0;0;0
"01/11/2013";"18:50:00";"134";"sem vítima";"42";"BR-153/SP";"Norte";"Colisão Traseira";2;0;0;0;0;0;0;0;0;0;3;0;0;0;0
"01/11/2013";"20:35:00";"145";"sem vítima";"42";"BR-153/SP";"Norte";"Colisão Traseira";2;0;0;0;0;0;0;0;0;0;3;0;0;0;0
"02/11/2013";"04:18:00";"18";"com vítima";"53,8";"BR-153/SP";"Norte";"Atropelamento  de Pedestre";1;0;0;0;0;0;0;0;0;0;1;1;0;0;0
"02/11/2013";"06:17:00";"25";"sem vítima";"258";"BR-153/SP";"Norte";"Atropelamento de Animal";1;0;0;0;0;0;0;0;0;0;4;0;0;0;0
"02/11/2013";"12:07:00";"58";"com vítima";"74,5";"BR-153/SP";"Norte";"Colisão Transversal";1;0;0;0;0;0;0;0;0;1;1;3;0;0;0
"02/11/2013";"23:30:00";"123";"com vítima";"111";"BR-153/SP";"Sul";"Colisão Frontal";1;0;1;0;0;0;0;0;0;0;1;1;0;0;1
"03/11/2013";"03:56:00";"10";"sem vítima";"173,7";"BR-153/SP";"Norte";"Saída de Pista";0;0;0;0;0;0;0;0;0;1;1;0;0;0;0
"03/11/2013";"05:18:00";"12";"com vítima";"156,5";"BR-153/SP";"Sul";"Saída de Pista";1;0;0;0;0;0;0;0;0;0;0;1;0;0;0
"04/11/2013";"02:58:00";"8";"sem vítima";"212";"BR-153/SP";"Norte";"Atropelamento de Animal";0;0;1;0;0;0;0;0;0;0;1;0;0;0;0
"04/11/2013";"08:17:00";"43";"com vítima";"269,5";"BR-153/SP";"Norte";"Tombamento de Moto";0;0;0;1;0;0;0;0;0;0;0;1;0;0;0
"04/11/2013";"11:36:00";"68";"com vítima";"268,1";"BR-153/SP";"Sul";"Choque na Praça - Cabine";0;0;0;0;1;0;0;0;0;0;1;2;0;0;0
"04/11/2013";"12:03:00";"73";"sem vítima";"183";"BR-153/SP";"Sul";"Choque contra Objeto Fixo";0;0;1;0;0;0;0;0;0;0;2;0;0;0;0
"04/11/2013";"14:24:00";"93";"sem vítima";"25,8";"BR-153/SP";"Norte";"Colisão Transversal";1;0;1;0;0;0;0;0;0;0;5;0;0;0;0
"04/11/2013";"16:29:00";"105";"sem vítima";"47";"BR-153/SP";"Norte";"Colisão Traseira";1;0;1;0;0;0;0;0;0;0;2;0;0;0;0
"04/11/2013";"17:19:00";"112";"sem vítima";"17";"BR-153/SP";"Norte";"Tombamento";0;0;1;0;0;0;0;0;0;0;1;0;0;0;0
"04/11/2013";"19:54:00";"124";"sem vítima";"16";"BR-153/SP";"Sul";"Colisão Traseira";1;0;0;0;0;0;0;0;0;1;4;0;0;0;0
"05/11/2013";"06:14:00";"13";"sem vítima";"98,5";"BR-153/SP";"Sul";"Colisão Traseira";0;0;2;0;0;0;0;0;0;0;2;0;0;0;0
"06/11/2013";"00:29:00";"4";"com vítima";"82";"BR-153/SP";"Sul";"Colisão Traseira";1;0;0;0;1;0;0;0;0;0;1;1;0;0;0
"06/11/2013";"07:42:00";"28";"sem vítima";"71,9";"BR-153/SP";"Norte";"Engavetamento";3;0;0;0;0;1;0;0;0;0;4;0;0;0;0
"06/11/2013";"13:56:00";"76";"com vítima";"61,5";"BR-153/SP";"Sul";"Tombamento de Moto";0;0;0;1;0;0;0;0;0;0;0;1;0;0;0
"06/11/2013";"22:51:00";"121";"sem vítima";"191";"BR-153/SP";"Norte";"Colisão Traseira";1;0;0;0;0;0;0;0;0;1;2;0;0;0;0
"07/11/2013";"12:30:00";"90";"sem vítima";"65,3";"BR-153/SP";"Sul";"Colisão Lateral";2;0;0;0;0;0;0;0;0;0;5;0;0;0;0
"07/11/2013";"14:16:00";"102";"sem vítima";"181,5";"BR-153/SP";"Norte";"Choque contra objeto na faixa de rolamento";1;0;1;0;0;0;0;0;0;0;5;0;0;0;0
"07/11/2013";"17:45:00";"128";"com vítima";"99";"BR-153/SP";"Norte";"Tombamento de Moto";0;0;0;1;0;0;0;0;0;0;0;1;0;0;0
"07/11/2013";"20:09:00";"149";"com vítima";"57";"BR-153/SP";"Norte";"Colisão Transversal";2;0;0;0;0;0;0;0;0;0;3;1;0;0;0