data;horario;n_da_ocorrencia;tipo_de_ocorrencia;km;trecho;sentido;tipo_de_acidente;automovel;bicicleta;caminhao;moto;onibus;outros;tracao_animal;transporte_de_cargas_especiais;trator_maquinas;utilitarios;ilesos;levemente_feridos;moderadamente_feridos;gravemente_feridos;mortos
"02/06/2014";"18:17:00";"85";"sem vítima";"62";"BR-153/SP";"Sul";"Engavetamento";4;0;0;0;0;0;0;0;0;0;11;0;0;0;0
"02/06/2014";"18:25:00";"86";"sem vítima";"61";"BR-153/SP";"Sul";"Engavetamento";3;0;0;0;0;0;0;0;0;1;5;0;0;0;0
"03/06/2014";"15:40:00";"83";"sem vítima";"211,8";"BR-153/SP";"Sul";"Colisão Lateral";1;0;2;0;0;0;0;0;0;1;4;0;0;0;0
"04/06/2014";"07:25:00";"16";"com vítima";"57,6";"BR-153/SP";"Norte";"Colisão Traseira";2;0;0;0;0;0;0;0;0;0;4;1;0;0;0
"04/06/2014";"13:37:00";"76";"com vítima";"256";"BR-153/SP";"Norte";"Colisão Lateral";0;0;0;1;0;1;0;0;0;0;1;1;0;0;0
"04/06/2014";"15:32:00";"86";"sem vítima";"96";"BR-153/SP";"Norte";"Colisão Lateral";0;0;1;0;1;0;0;0;0;0;21;0;0;0;0
"04/06/2014";"17:07:00";"99";"sem vítima";"55,7";"BR-153/SP";"Norte";"Colisão Transversal";1;0;1;0;0;0;0;0;0;0;3;0;0;0;0
"05/06/2014";"07:12:00";"10";"sem vítima";"58";"BR-153/SP";"Sul";"Colisão Transversal";1;0;1;0;0;0;0;0;0;0;2;0;0;0;0
"05/06/2014";"16:51:00";"71";"com vítima";"261,3";"BR-153/SP";"Norte";"Saída de Pista";1;0;0;0;0;0;0;0;0;0;0;1;0;0;0
"05/06/2014";"20:53:00";"88";"sem vítima";"69";"BR-153/SP";"Sul";"Saída de Pista";0;0;1;0;0;0;0;0;0;0;1;0;0;0;0
"06/06/2014";"08:29:00";"28";"com vítima";"65";"BR-153/SP";"Norte";"Choque contra Objeto Fixo";1;0;0;0;0;0;0;0;0;0;0;1;0;0;0
"06/06/2014";"17:05:00";"93";"sem vítima";"108";"BR-153/SP";"Norte";"Colisão Traseira";0;0;0;0;0;0;0;0;0;2;4;0;0;0;0
"06/06/2014";"18:19:00";"101";"com vítima";"61,5";"BR-153/SP";"Sul";"Colisão Traseira";1;0;0;1;0;0;0;0;0;0;3;1;0;0;0
"06/06/2014";"18:52:00";"104";"sem vítima";"74";"BR-153/SP";"Norte";"Tombamento de Moto";0;0;0;1;0;0;0;0;0;0;2;0;0;0;0
"06/06/2014";"19:08:00";"111";"sem vítima";"62,3";"BR-153/SP";"Norte";"Colisão Traseira";3;0;0;0;0;0;0;0;0;0;3;0;0;0;0
"07/06/2014";"08:28:00";"23";"sem vítima";"73";"BR-153/SP";"Norte";"Colisão Traseira";0;0;0;0;0;1;0;0;0;1;3;0;0;0;0
"07/06/2014";"19:54:00";"110";"sem vítima";"56";"BR-153/SP";"Norte";"Colisão Traseira";1;0;0;0;0;0;0;0;0;1;2;0;0;0;0
"07/06/2014";"20:14:00";"113";"sem vítima";"56";"BR-153/SP";"Norte";"Colisão Traseira";1;0;0;1;0;0;0;0;0;0;3;0;0;0;0
"08/06/2014";"06:54:00";"15";"com vítima";"110,5";"BR-153/SP";"Sul";"Atropelamento de Animal";0;0;0;1;0;0;0;0;0;0;0;1;0;0;0
"08/06/2014";"10:10:00";"29";"com vítima";"79";"BR-153/SP";"Norte";"Colisão Traseira";1;0;0;1;0;0;0;0;0;0;3;1;0;0;0
"08/06/2014";"19:13:00";"79";"com vítima";"72";"BR-153/SP";"Sul";"Colisão Transversal";1;0;0;0;0;0;0;0;0;1;4;2;0;0;0
"09/06/2014";"15:34:00";"69";"sem vítima";"64";"BR-153/SP";"Sul";"Colisão Lateral";1;0;0;0;0;0;0;0;0;1;4;0;0;0;0
"10/06/2014";"09:22:00";"33";"sem vítima";"56";"BR-153/SP";"Sul";"Colisão Traseira";1;0;0;0;0;0;0;0;0;1;3;0;0;0;0
"10/06/2014";"14:54:00";"71";"sem vítima";"60";"BR-153/SP";"Norte";"Colisão Traseira";0;0;1;0;0;0;0;0;0;1;2;0;0;0;0
"10/06/2014";"17:33:00";"82";"sem vítima";"47,8";"BR-153/SP";"Norte";"Colisão Traseira";1;0;1;0;0;0;0;0;0;0;2;0;0;0;0
"10/06/2014";"18:10:00";"86";"com vítima";"108";"BR-153/SP";"Norte";"Colisão Lateral";2;0;0;0;0;0;0;0;0;0;0;4;0;0;0
"10/06/2014";"20:01:00";"96";"com vítima";"256,1";"BR-153/SP";"Sul";"Colisão Lateral";0;0;0;1;0;1;0;0;0;0;2;1;0;0;0
"11/06/2014";"08:38:00";"36";"sem vítima";"62";"BR-153/SP";"Sul";"Engavetamento";2;0;0;0;0;0;0;0;0;1;4;0;0;0;0
"11/06/2014";"15:59:00";"96";"com vítima";"72,3";"BR-153/SP";"Norte";"Colisão Transversal";1;0;0;1;0;0;0;0;0;0;2;0;2;0;0
"11/06/2014";"18:58:00";"114";"com vítima";"100";"BR-153/SP";"Norte";"Colisão Transversal";1;0;0;0;0;1;0;0;0;0;6;1;0;0;0
"11/06/2014";"20:21:00";"122";"com vítima";"256,9";"BR-153/SP";"Norte";"Atropelamento  de Pedestre";1;0;0;0;0;0;0;0;0;0;2;1;0;0;0
"12/06/2014";"08:55:00";"29";"sem vítima";"62,5";"BR-153/SP";"Sul";"Colisão Traseira";1;0;0;0;0;0;0;0;0;1;2;0;0;0;0
"12/06/2014";"10:14:00";"42";"com vítima";"272";"BR-153/SP";"Norte";"Colisão Lateral";0;0;2;0;0;0;0;0;0;0;0;2;0;0;0
"13/06/2014";"17:06:00";"67";"sem vítima";"225,5";"BR-153/SP";"Sul";"Colisão Traseira";0;0;1;0;0;1;0;0;0;0;2;0;0;0;0
"13/06/2014";"18:22:00";"73";"sem vítima";"71";"BR-153/SP";"Norte";"Colisão Traseira";1;0;0;0;0;1;0;0;0;0;2;0;0;0;0
"13/06/2014";"19:43:00";"83";"com vítima";"39,5";"BR-153/SP";"Norte";"Colisão Transversal";1;0;0;2;0;0;0;0;0;0;2;1;2;0;0
"13/06/2014";"22:41:00";"90";"sem vítima";"256,1";"BR-153/SP";"Norte";"Choque contra Objeto Fixo";0;0;0;0;0;0;0;0;0;1;2;0;0;0;0
"14/06/2014";"08:47:00";"28";"com vítima";"58,5";"BR-153/SP";"Norte";"Colisão Traseira";1;0;0;1;0;0;0;0;0;0;2;1;0;0;0
"14/06/2014";"16:07:00";"60";"com vítima";"321";"BR-153/SP";"Sul";"Colisão Transversal";0;0;1;0;0;0;0;0;0;1;1;1;0;0;0
"15/06/2014";"14:08:00";"51";"com vítima";"109,2";"BR-153/SP";"Norte";"Saída de Pista";0;0;0;0;0;0;0;0;0;1;1;1;0;0;0
"15/06/2014";"22:44:00";"105";"com vítima";"46";"BR-153/SP";"Norte";"Tombamento de Moto";0;0;0;0;0;0;0;0;0;0;0;1;0;0;0
"16/06/2014";"15:36:00";"72";"sem vítima";"218,3";"BR-153/SP";"Sul";"Colisão Lateral";1;0;1;0;0;0;0;0;0;0;2;0;0;0;0
"17/06/2014";"15:37:00";"64";"sem vítima";"71";"BR-153/SP";"Sul";"Engavetamento";4;0;0;0;0;0;0;0;0;0;8;0;0;0;0
"18/06/2014";"06:24:00";"16";"com vítima";"183,8";"BR-153/SP";"Norte";"Colisão Traseira";1;0;1;0;0;0;0;0;0;0;1;0;1;0;0
"18/06/2014";"16:59:00";"90";"sem vítima";"53";"BR-153/SP";"Norte";"Colisão Traseira";2;0;0;0;0;0;0;0;0;0;3;0;0;0;0
"18/06/2014";"18:17:00";"101";"sem vítima";"62";"BR-153/SP";"Sul";"Colisão Traseira";1;0;0;0;0;0;0;0;0;1;2;0;0;0;0
"18/06/2014";"20:21:00";"122";"sem vítima";"56";"BR-153/SP";"Norte";"Colisão Traseira";2;0;0;0;0;0;0;0;0;0;4;0;0;0;0
"20/06/2014";"22:16:00";"101";"com vítima";"42,1";"BR-153/SP";"Norte";"Atropelamento  de Pedestre";0;0;0;0;0;0;0;0;0;1;1;0;0;0;1
"20/06/2014";"23:37:00";"108";"sem vítima";"57";"BR-153/SP";"Norte";"Colisão Traseira";0;0;0;0;0;1;0;0;0;1;2;0;0;0;0
"21/06/2014";"09:59:00";"35";"com vítima";"137,1";"BR-153/SP";"Sul";"Colisão Frontal";2;0;1;0;0;0;0;0;0;0;1;1;3;1;1
"21/06/2014";"18:09:00";"66";"sem vítima";"60";"BR-153/SP";"Sul";"Colisão Lateral";2;0;0;0;0;0;0;0;0;0;2;0;0;0;0
"22/06/2014";"17:48:00";"73";"sem vítima";"61";"BR-153/SP";"Sul";"Colisão Traseira";1;0;0;1;0;0;0;0;0;0;3;0;0;0;0
"23/06/2014";"06:26:00";"17";"com vítima";"189,9";"BR-153/SP";"Norte";"Engavetamento";1;0;1;0;0;0;0;0;0;1;12;1;0;0;0
"23/06/2014";"08:10:00";"34";"com vítima";"62";"BR-153/SP";"Sul";"Colisão Traseira";1;0;0;0;0;0;0;0;0;1;1;1;0;0;0
"23/06/2014";"22:30:00";"118";"sem vítima";"182";"BR-153/SP";"Sul";"Colisão Transversal";1;0;1;0;0;0;0;0;0;0;4;0;0;0;0
"25/06/2014";"18:05:00";"85";"sem vítima";"58";"BR-153/SP";"Norte";"Colisão Lateral";1;0;0;1;0;0;0;0;0;0;3;0;0;0;0
"26/06/2014";"10:59:00";"54";"com vítima";"106";"BR-153/SP";"Norte";"Colisão Transversal";2;0;0;0;0;0;0;0;0;0;1;3;0;0;0
"26/06/2014";"14:27:00";"67";"sem vítima";"58";"BR-153/SP";"Sul";"Colisão Traseira";2;0;0;0;0;0;0;0;0;0;2;0;0;0;0
"26/06/2014";"20:17:00";"101";"com vítima";"138";"BR-153/SP";"Norte";"Atropelamento de Animal";0;0;0;1;0;0;0;0;0;0;0;1;0;0;0
"27/06/2014";"08:53:00";"42";"com vítima";"81,8";"BR-153/SP";"Norte";"Saída de Pista";1;0;0;0;0;0;0;0;0;0;0;1;0;0;0
"27/06/2014";"13:47:00";"78";"com vítima";"166,5";"BR-153/SP";"Sul";"Colisão Frontal";0;0;1;1;0;0;0;0;0;0;1;0;0;0;1
"27/06/2014";"23:18:00";"147";"com vítima";"165";"BR-153/SP";"Norte";"Colisão Traseira";1;0;0;0;0;1;0;0;0;0;2;2;0;0;0
"28/06/2014";"03:01:00";"9";"sem vítima";"58";"BR-153/SP";"Norte";"Colisão Traseira";0;0;0;0;0;1;0;0;0;1;5;0;0;0;0
"29/06/2014";"00:05:00";"1";"sem vítima";"57";"BR-153/SP";"Sul";"Saída de Pista";0;0;0;0;0;0;0;0;0;1;4;0;0;0;0
"29/06/2014";"11:28:00";"38";"com vítima";"182";"BR-153/SP";"Norte";"Colisão Transversal";0;0;0;0;0;0;0;0;0;2;3;1;0;0;0
"29/06/2014";"18:17:00";"65";"com vítima";"120";"BR-153/SP";"Sul";"Colisão Traseira";1;0;1;0;0;0;0;0;0;0;3;1;0;0;0
"30/06/2014";"12:35:00";"66";"com vítima";"66";"BR-153/SP";"Norte";"Tombamento de Moto";0;0;0;1;0;0;0;0;0;0;0;1;0;0;0
"01/07/2014";"08:56:00";"42";"sem vítima";"71,9";"BR-153/SP";"Norte";"Engavetamento";3;0;0;0;0;0;0;0;0;2;5;0;0;0;0
"01/07/2014";"20:15:00";"115";"sem vítima";"173";"BR-153/SP";"Norte";"Colisão Traseira";2;0;0;0;0;0;0;0;0;0;3;0;0;0;0
"03/07/2014";"13:40:00";"67";"sem vítima";"70";"BR-153/SP";"Sul";"Colisão Traseira";2;0;0;0;0;0;0;0;0;0;2;0;0;0;0
"03/07/2014";"17:37:00";"89";"sem vítima";"58";"BR-153/SP";"Sul";"Colisão Lateral";1;0;0;1;0;0;0;0;0;0;4;0;0;0;0
"04/07/2014";"06:53:00";"12";"sem vítima";"256";"BR-153/SP";"Sul";"Colisão Transversal";0;0;0;1;0;0;0;0;0;1;3;0;0;0;0
"04/07/2014";"16:30:00";"63";"com vítima";"58";"BR-153/SP";"Norte";"Colisão Transversal";1;0;0;1;0;0;0;0;0;0;1;1;0;0;0
"04/07/2014";"21:30:00";"77";"sem vítima";"62";"BR-153/SP";"Norte";"Colisão Traseira";2;0;0;0;0;0;0;0;0;0;4;0;0;0;0
"04/07/2014";"22:34:00";"86";"sem vítima";"63";"BR-153/SP";"Norte";"Saída de Pista";1;0;0;0;0;0;0;0;0;0;1;0;0;0;0
"05/07/2014";"15:15:00";"76";"sem vítima";"108";"BR-153/SP";"Sul";"Colisão Transversal";1;0;0;0;0;0;0;0;0;1;4;0;0;0;0
"05/07/2014";"20:39:00";"104";"sem vítima";"39";"BR-153/SP";"Norte";"Tombamento de Moto";0;0;0;1;0;0;0;0;0;0;1;0;0;0;0
"06/07/2014";"16:25:00";"44";"com vítima";"61,8";"BR-153/SP";"Sul";"Colisão Traseira";1;0;0;1;0;0;0;0;0;0;2;1;0;0;0
"08/07/2014";"07:56:00";"13";"sem vítima";"72";"BR-153/SP";"Norte";"Colisão Traseira";0;0;0;0;0;0;0;0;0;2;3;0;0;0;0
"08/07/2014";"07:59:00";"14";"com vítima";"63";"BR-153/SP";"Sul";"Tombamento de Moto";0;0;0;1;0;0;0;0;0;0;0;1;0;0;0
"08/07/2014";"08:09:00";"17";"com vítima";"256";"BR-153/SP";"Norte";"Colisão Traseira";1;0;0;1;0;0;0;0;0;0;1;1;0;0;0
"09/07/2014";"21:37:00";"106";"sem vítima";"73";"BR-153/SP";"Sul";"Saída de Pista";1;0;0;0;0;1;0;0;0;0;2;0;0;0;0
"10/07/2014";"00:40:00";"4";"com vítima";"62";"BR-153/SP";"Norte";"Tombamento de Moto";0;0;0;1;0;0;0;0;0;0;0;1;0;0;0
"10/07/2014";"07:32:00";"33";"sem vítima";"62";"BR-153/SP";"Sul";"Colisão Traseira";2;0;0;0;0;0;0;0;0;0;5;0;0;0;0
"10/07/2014";"21:31:00";"154";"sem vítima";"178";"BR-153/SP";"Sul";"Tombamento";0;0;1;0;0;0;0;0;0;0;1;0;0;0;0
"11/07/2014";"15:46:00";"73";"sem vítima";"63";"BR-153/SP";"Sul";"Colisão Traseira";1;0;0;0;0;0;0;0;0;1;3;0;0;0;0
"11/07/2014";"18:14:00";"85";"com vítima";"73";"BR-153/SP";"Norte";"Colisão Frontal";1;0;1;0;0;0;0;0;0;0;0;2;0;1;0
"11/07/2014";"23:28:00";"109";"sem vítima";"256";"BR-153/SP";"Norte";"Colisão Traseira";0;0;2;0;0;0;0;0;0;0;3;0;0;0;0
"12/07/2014";"08:39:00";"39";"com vítima";"71,8";"BR-153/SP";"Sul";"Atropelamento  de Pedestre";0;0;0;1;0;0;0;0;0;0;0;1;0;1;0
"12/07/2014";"09:50:00";"46";"com vítima";"76";"BR-153/SP";"Sul";"Tombamento de Moto";0;0;0;1;0;0;0;0;0;0;0;1;0;0;0
"12/07/2014";"12:01:00";"56";"com vítima";"163,7";"BR-153/SP";"Norte";"Capotamento";0;0;0;0;0;0;0;0;0;1;0;2;0;0;0
"13/07/2014";"21:13:00";"116";"sem vítima";"256";"BR-153/SP";"Norte";"Saída de Pista";1;0;0;0;0;0;0;0;0;0;1;0;0;0;0
"13/07/2014";"23:12:00";"125";"sem vítima";"268";"BR-153/SP";"Sul";"Choque contra Objeto Fixo";0;0;1;0;0;0;0;0;0;0;1;0;0;0;0
"15/07/2014";"07:34:00";"16";"sem vítima";"62";"BR-153/SP";"Sul";"Colisão Transversal";2;0;0;0;0;0;0;0;0;0;2;0;0;0;0
"16/07/2014";"09:55:00";"40";"sem vítima";"55";"BR-153/SP";"Norte";"Colisão Traseira";1;0;0;0;0;1;0;0;0;0;2;0;0;0;0
"16/07/2014";"15:42:00";"68";"com vítima";"63";"BR-153/SP";"Norte";"Tombamento de Moto";0;0;0;1;0;0;0;0;0;0;0;2;0;0;0
"16/07/2014";"23:43:00";"121";"sem vítima";"61";"BR-153/SP";"Norte";"Atropelamento de Animal";0;0;0;1;0;0;0;0;0;0;1;0;0;0;0
"18/07/2014";"04:27:00";"18";"sem vítima";"343,5";"BR-153/SP";"Norte";"Saída de Pista";0;0;1;0;0;0;0;0;0;0;1;0;0;0;0
"18/07/2014";"06:47:00";"23";"sem vítima";"47,6";"BR-153/SP";"Norte";"Saída de Pista";0;0;1;0;0;0;0;0;0;0;1;0;0;0;0
"18/07/2014";"19:22:00";"111";"com vítima";"26,5";"BR-153/SP";"Sul";"Colisão Frontal";2;0;0;0;0;0;0;0;0;0;0;1;2;0;0
"18/07/2014";"19:59:00";"114";"com vítima";"39";"BR-153/SP";"Norte";"Tombamento de Moto";0;0;0;1;0;0;0;0;0;0;1;1;0;0;0
"18/07/2014";"23:42:00";"122";"sem vítima";"56";"BR-153/SP";"Norte";"Colisão Traseira";0;0;1;0;0;0;0;0;0;1;4;0;0;0;0
"19/07/2014";"03:39:00";"7";"sem vítima";"263";"BR-153/SP";"Sul";"Atropelamento de Animal";0;0;1;0;0;0;0;0;0;0;3;0;0;0;0
"19/07/2014";"10:33:00";"40";"sem vítima";"58";"BR-153/SP";"Sul";"Colisão Transversal";1;0;0;0;0;0;0;0;0;1;2;0;0;0;0
"19/07/2014";"21:15:00";"96";"com vítima";"61";"BR-153/SP";"Sul";"Colisão Traseira";2;0;1;0;0;0;0;0;0;0;6;1;0;0;0
"20/07/2014";"10:17:00";"36";"com vítima";"343";"BR-153/SP";"Norte";"Colisão Traseira";1;0;1;0;0;0;0;0;0;0;2;2;0;0;0
"21/07/2014";"15:20:00";"93";"sem vítima";"63";"BR-153/SP";"Norte";"Queda de carga sobre a pista";2;0;0;0;0;0;0;0;0;1;3;0;0;0;0
"22/07/2014";"08:02:00";"30";"sem vítima";"338";"BR-153/SP";"Norte";"Choque contra Objeto Fixo";0;0;0;0;0;0;0;0;0;1;1;0;0;0;0
"22/07/2014";"13:30:00";"73";"sem vítima";"278,1";"BR-153/SP";"Sul";"Saída de Pista";0;0;0;0;0;0;0;0;0;1;1;0;0;0;0
"23/07/2014";"08:23:00";"21";"sem vítima";"64";"BR-153/SP";"Sul";"Colisão Transversal";0;0;1;0;0;0;0;0;0;1;2;0;0;0;0
"24/07/2014";"07:55:00";"14";"sem vítima";"61";"BR-153/SP";"Norte";"Colisão Traseira";2;0;0;0;0;0;0;0;0;0;2;0;0;0;0
"24/07/2014";"13:12:00";"53";"com vítima";"62";"BR-153/SP";"Norte";"Tombamento de Moto";0;0;0;1;0;0;0;0;0;0;0;1;0;0;0
"24/07/2014";"18:25:00";"77";"sem vítima";"255,6";"BR-153/SP";"Sul";"Choque contra Objeto Fixo";1;0;0;0;0;0;0;0;0;0;1;0;0;0;0
"25/07/2014";"17:01:00";"112";"com vítima";"346";"BR-153/SP";"Norte";"Colisão Transversal";1;0;0;1;0;0;0;0;0;0;0;1;0;1;0
"25/07/2014";"18:36:00";"120";"sem vítima";"20,8";"BR-153/SP";"Sul";"Saída de Pista";1;0;0;0;0;0;0;0;0;0;2;0;0;0;0
"25/07/2014";"19:15:00";"122";"sem vítima";"56";"BR-153/SP";"Norte";"Colisão Lateral";2;0;1;0;0;0;0;0;0;0;6;0;0;0;0
"26/07/2014";"19:48:00";"110";"sem vítima";"137,9";"BR-153/SP";"Sul";"Atropelamento de Animal";1;0;0;0;0;0;0;0;0;0;2;0;0;0;0
"29/07/2014";"14:28:00";"112";"com vítima";"66";"BR-153/SP";"Norte";"Atropelamento  de Pedestre";0;0;1;0;0;0;0;0;0;0;1;0;0;0;1
"31/07/2014";"07:28:00";"15";"com vítima";"69";"BR-153/SP";"Norte";"Engavetamento";1;0;1;1;0;0;0;0;0;0;2;0;1;0;0
"31/07/2014";"15:23:00";"58";"com vítima";"76,5";"BR-153/SP";"Norte";"Colisão Traseira";0;0;0;0;0;0;0;0;0;2;0;2;0;0;0
"31/07/2014";"20:42:00";"86";"sem vítima";"158";"BR-153/SP";"Sul";"Choque contra Objeto Fixo";0;0;1;0;0;0;0;0;0;0;1;0;0;0;0
"01/08/2014";"13:45:00";"88";"sem vítima";"62,5";"BR-153/SP";"Sul";"Engavetamento";0;0;2;0;0;1;0;0;0;1;4;0;0;0;0
"01/08/2014";"14:10:00";"91";"com vítima";"37,5";"BR-153/SP";"Sul";"Colisão Transversal";0;0;1;1;0;0;0;0;0;0;1;0;1;1;0
"01/08/2014";"16:15:00";"100";"com vítima";"59";"BR-153/SP";"Sul";"Colisão Traseira";1;0;0;1;0;0;0;0;0;0;1;1;0;0;0
"01/08/2014";"17:02:00";"107";"sem vítima";"71,5";"BR-153/SP";"Norte";"Colisão Traseira";2;0;0;0;0;0;0;0;0;0;3;0;0;0;0
"01/08/2014";"20:04:00";"139";"sem vítima";"98,5";"BR-153/SP";"Sul";"Colisão Traseira";1;0;0;0;0;0;0;0;0;1;5;0;0;0;0
"02/08/2014";"15:42:00";"85";"sem vítima";"60";"BR-153/SP";"Norte";"Saída de Pista";1;0;0;0;0;0;0;0;0;0;1;0;0;0;0
"02/08/2014";"16:50:00";"93";"sem vítima";"190";"BR-153/SP";"Norte";"Saída de Pista";1;0;0;0;0;0;0;0;0;0;1;0;0;0;0
"02/08/2014";"19:41:00";"115";"sem vítima";"98,5";"BR-153/SP";"Norte";"Colisão Traseira";1;0;0;0;0;0;0;0;0;1;3;0;0;0;0
"02/08/2014";"23:52:00";"148";"sem vítima";"5,3";"BR-153/SP";"Norte";"Capotamento";1;0;0;0;0;0;0;0;0;0;2;0;0;0;0
"03/08/2014";"06:10:00";"13";"sem vítima";"56";"BR-153/SP";"Norte";"Colisão Transversal";1;0;1;0;0;0;0;0;0;0;2;0;0;0;0
"03/08/2014";"11:02:00";"38";"sem vítima";"60";"BR-153/SP";"Norte";"Colisão Traseira";1;0;0;1;0;0;0;0;0;0;2;0;0;0;0
"03/08/2014";"15:38:00";"66";"com vítima";"51,5";"BR-153/SP";"Norte";"Colisão Transversal";2;0;0;0;0;0;0;0;0;0;2;1;0;0;0
"04/08/2014";"03:04:00";"10";"com vítima";"32,2";"BR-153/SP";"Sul";"Atropelamento de Animal";1;0;0;0;0;0;0;0;0;0;0;0;0;0;1
"04/08/2014";"07:55:00";"26";"sem vítima";"207,5";"BR-153/SP";"Sul";"Saída de Pista";1;0;0;0;0;0;0;0;0;0;1;0;0;0;0
"04/08/2014";"14:19:00";"80";"com vítima";"136";"BR-153/SP";"Norte";"Tombamento";0;0;1;0;0;0;0;0;0;0;0;1;0;0;0
"04/08/2014";"15:53:00";"91";"sem vítima";"23,8";"BR-153/SP";"Sul";"Colisão Traseira";1;0;0;0;0;1;0;0;0;0;2;0;0;0;0
"05/08/2014";"15:52:00";"83";"sem vítima";"68";"BR-153/SP";"Norte";"Colisão Traseira";0;0;2;0;0;0;0;0;0;0;2;0;0;0;0
"05/08/2014";"17:25:00";"92";"sem vítima";"54";"BR-153/SP";"Sul";"Colisão Traseira";3;0;0;0;0;0;0;0;0;0;8;0;0;0;0
"05/08/2014";"17:36:00";"94";"com vítima";"61";"BR-153/SP";"Norte";"Colisão Traseira";0;0;0;2;0;0;0;0;0;0;2;1;0;0;0
"05/08/2014";"18:30:00";"99";"sem vítima";"62,8";"BR-153/SP";"Sul";"Colisão Traseira";2;0;0;0;0;0;0;0;0;2;4;0;0;0;0
"06/08/2014";"13:17:00";"108";"sem vítima";"256,7";"BR-153/SP";"Norte";"Colisão Lateral";0;0;0;1;0;0;0;0;0;1;2;0;0;0;0
"06/08/2014";"14:45:00";"119";"com vítima";"27,6";"BR-153/SP";"Norte";"Colisão Transversal";2;0;0;0;0;0;0;0;0;0;0;1;1;0;0
"06/08/2014";"15:43:00";"130";"sem vítima";"14,6";"BR-153/SP";"Norte";"Saída de Pista";0;0;1;0;0;0;0;0;0;0;1;0;0;0;0
"06/08/2014";"16:35:00";"141";"sem vítima";"89,2";"BR-153/SP";"Norte";"Colisão Traseira";1;0;1;0;0;0;0;0;0;0;3;0;0;0;0
"06/08/2014";"17:57:00";"154";"com vítima";"139";"BR-153/SP";"Norte";"Colisão Transversal";0;0;0;1;0;0;0;0;0;1;1;2;0;0;0
"06/08/2014";"18:19:00";"156";"sem vítima";"72";"BR-153/SP";"Norte";"Colisão Traseira";1;0;0;1;0;0;0;0;0;0;2;0;0;0;0
"06/08/2014";"19:55:00";"160";"sem vítima";"35,8";"BR-153/SP";"Norte";"Colisão Traseira";2;0;0;0;0;0;0;0;0;0;2;0;0;0;0
"07/08/2014";"15:35:00";"87";"com vítima";"75";"BR-153/SP";"Norte";"Engavetamento";3;0;0;0;0;0;0;0;0;1;3;1;0;0;0
"08/08/2014";"06:48:00";"12";"com vítima";"258,8";"BR-153/SP";"Sul";"Tombamento de Moto";0;0;0;1;0;0;0;0;0;0;0;1;0;0;0
"08/08/2014";"10:03:00";"49";"sem vítima";"256";"BR-153/SP";"Sul";"Colisão Transversal";2;0;0;0;0;0;0;0;0;0;3;0;0;0;0
"08/08/2014";"14:59:00";"70";"sem vítima";"258";"BR-153/SP";"Norte";"Colisão Traseira";2;0;0;0;0;0;0;0;0;0;3;0;0;0;0
"08/08/2014";"17:33:00";"91";"sem vítima";"255";"BR-153/SP";"Norte";"Colisão Traseira";1;0;0;1;0;0;0;0;0;0;2;0;0;0;0
"08/08/2014";"18:41:00";"103";"sem vítima";"62,5";"BR-153/SP";"Sul";"Colisão Traseira";1;0;0;0;0;1;0;0;0;0;2;0;0;0;0
"08/08/2014";"18:41:00";"98";"sem vítima";"62,5";"BR-153/SP";"Sul";"Colisão Traseira";3;0;0;0;0;0;0;0;0;0;4;0;0;0;0
"08/08/2014";"22:54:00";"112";"sem vítima";"259";"BR-153/SP";"Norte";"Atropelamento de Animal";0;0;1;0;0;0;0;0;0;0;2;0;0;0;0
"09/08/2014";"08:36:00";"29";"com vítima";"27,5";"BR-153/SP";"Sul";"Colisão Transversal";1;0;1;0;0;0;0;0;0;0;3;2;0;0;0
"09/08/2014";"13:29:00";"65";"sem vítima";"98";"BR-153/SP";"Sul";"Colisão Traseira";1;0;0;0;0;0;0;0;0;1;5;0;0;0;0
"09/08/2014";"21:21:00";"106";"com vítima";"1";"BR-153/SP";"Sul";"Colisão Traseira";2;0;0;0;0;0;0;0;0;0;5;1;0;0;0
"10/08/2014";"10:56:00";"51";"sem vítima";"56";"BR-153/SP";"Norte";"Colisão Transversal";1;0;1;0;0;0;0;0;0;0;3;0;0;0;0
"10/08/2014";"12:10:00";"58";"com vítima";"27,9";"BR-153/SP";"Norte";"Colisão Transversal";1;0;0;0;0;0;0;0;0;1;2;1;2;0;0
"10/08/2014";"15:58:00";"90";"sem vítima";"47";"BR-153/SP";"Sul";"Choque contra objeto na faixa de rolamento";2;0;0;0;0;0;0;0;0;0;3;0;0;0;0
"11/08/2014";"12:24:00";"93";"sem vítima";"30,1";"BR-153/SP";"Norte";"Colisão Transversal";2;0;0;0;0;0;0;0;0;0;2;0;0;0;0
"12/08/2014";"12:43:00";"73";"sem vítima";"297";"BR-153/SP";"Norte";"Saída de Pista";1;0;0;0;0;0;0;0;0;0;1;0;0;0;0
"12/08/2014";"19:26:00";"117";"sem vítima";"69";"BR-153/SP";"Norte";"Saída de Pista";1;0;1;0;0;0;0;0;0;0;2;0;0;0;0
"13/08/2014";"06:55:00";"9";"com vítima";"58,8";"BR-153/SP";"Norte";"Colisão Transversal";1;0;0;1;0;0;0;0;0;0;1;1;0;0;0
"13/08/2014";"07:36:00";"15";"sem vítima";"63";"BR-153/SP";"Sul";"Colisão Traseira";1;0;0;0;0;0;0;0;0;1;4;0;0;0;0