data;horario;n_da_ocorrencia;tipo_de_ocorrencia;km;trecho;sentido;tipo_de_acidente;automovel;bicicleta;caminhao;moto;onibus;outros;tracao_animal;transporte_de_cargas_especiais;trator_maquinas;utilitarios;ilesos;levemente_feridos;moderadamente_feridos;gravemente_feridos;mortos
"14/10/2014";"18:03:00";"142";"sem vítima";"64";"BR-153/SP";"Sul";"Colisão Traseira";2;0;0;0;0;0;0;0;0;0;2;0;0;0;0
"15/10/2014";"09:35:00";"47";"sem vítima";"109";"BR-153/SP";"Norte";"Colisão Traseira";0;0;2;0;0;0;0;0;0;0;2;0;0;0;0
"15/10/2014";"12:29:00";"79";"com vítima";"182";"BR-153/SP";"Norte";"Colisão Traseira";2;0;0;0;0;0;0;0;0;0;3;1;0;0;0
"15/10/2014";"19:32:00";"129";"com vítima";"31,5";"BR-153/SP";"Norte";"Tombamento";0;0;0;1;0;0;0;0;0;0;0;0;1;0;0
"16/10/2014";"12:31:00";"83";"sem vítima";"262";"BR-153/SP";"Norte";"Tombamento";0;0;1;0;0;0;0;0;0;0;1;0;0;0;0
"17/10/2014";"06:04:00";"8";"sem vítima";"257,7";"BR-153/SP";"Norte";"Tombamento de Moto";0;0;0;1;0;0;0;0;0;0;1;0;0;0;0
"17/10/2014";"07:42:00";"30";"com vítima";"72,3";"BR-153/SP";"Norte";"Colisão Traseira";1;0;0;1;0;0;0;0;0;0;1;0;1;0;0
"17/10/2014";"19:28:00";"161";"com vítima";"52";"BR-153/SP";"Norte";"Colisão Transversal";2;0;0;0;0;0;0;0;0;0;0;1;1;0;0
"17/10/2014";"20:08:00";"167";"sem vítima";"67";"BR-153/SP";"Sul";"Colisão Lateral";0;0;1;0;0;0;0;0;0;1;6;0;0;0;0
"18/10/2014";"08:22:00";"36";"com vítima";"41,9";"BR-153/SP";"Sul";"Colisão Transversal";0;0;1;0;0;0;0;0;0;1;1;0;0;0;2
"18/10/2014";"11:54:00";"70";"sem vítima";"276,8";"BR-153/SP";"Norte";"Tombamento";0;0;1;0;0;0;0;0;0;0;1;0;0;0;0
"18/10/2014";"21:44:00";"150";"com vítima";"18";"BR-153/SP";"Norte";"Tombamento de Moto";0;0;0;1;0;0;0;0;0;0;0;0;1;0;0
"19/10/2014";"04:58:00";"16";"sem vítima";"109";"BR-153/SP";"Norte";"Capotamento";1;0;0;0;0;0;0;0;0;0;1;0;0;0;0
"19/10/2014";"09:16:00";"40";"sem vítima";"342";"BR-153/SP";"Norte";"Saída de Pista";1;0;0;0;0;0;0;0;0;0;3;0;0;0;0
"20/10/2014";"10:49:00";"56";"sem vítima";"11,9";"BR-153/SP";"Sul";"Choque contra objeto na faixa de rolamento";0;0;2;0;0;0;0;0;0;0;2;0;0;0;0
"20/10/2014";"23:46:00";"122";"com vítima";"76,5";"BR-153/SP";"Sul";"Choque contra Objeto Fixo";1;0;0;0;0;0;0;0;0;0;1;1;0;0;0
"21/10/2014";"05:43:00";"10";"sem vítima";"32,9";"BR-153/SP";"Norte";"Atropelamento de Animal";0;0;1;0;0;0;0;0;0;0;1;0;0;0;0
"21/10/2014";"07:51:00";"28";"com vítima";"72,1";"BR-153/SP";"Norte";"Colisão Traseira";1;0;0;0;0;0;0;0;0;1;1;1;0;0;0
"21/10/2014";"18:00:00";"123";"com vítima";"330";"BR-153/SP";"Norte";"Saída de Pista";1;0;0;0;0;0;0;0;0;0;0;1;0;0;0
"22/10/2014";"08:09:00";"39";"sem vítima";"72";"BR-153/SP";"Norte";"Colisão Lateral";0;0;0;0;0;1;0;0;0;1;3;0;0;0;0
"22/10/2014";"19:39:00";"140";"sem vítima";"340";"BR-153/SP";"Norte";"Incêndio";0;0;1;0;0;0;0;0;0;0;1;0;0;0;0
"23/10/2014";"20:04:00";"111";"sem vítima";"60";"BR-153/SP";"Norte";"Saída de Pista";1;0;0;0;0;0;0;0;0;0;2;0;0;0;0
"24/10/2014";"07:31:00";"20";"sem vítima";"73";"BR-153/SP";"Norte";"Engavetamento";1;0;0;0;0;0;0;0;0;2;6;0;0;0;0
"24/10/2014";"08:02:00";"26";"sem vítima";"72";"BR-153/SP";"Norte";"Colisão Traseira";1;0;0;0;0;0;0;0;0;1;4;0;0;0;0
"24/10/2014";"16:03:00";"85";"com vítima";"2";"BR-153/SP";"Sul";"Colisão Transversal";2;0;0;0;0;0;0;0;0;0;0;0;0;6;1
"24/10/2014";"16:08:00";"86";"sem vítima";"18";"BR-153/SP";"Sul";"Colisão Transversal";1;0;1;0;0;0;0;0;0;0;2;0;0;0;0
"24/10/2014";"18:01:00";"99";"sem vítima";"73,5";"BR-153/SP";"Norte";"Colisão Traseira";1;0;0;0;0;0;0;0;0;1;6;0;0;0;0
"24/10/2014";"18:22:00";"101";"sem vítima";"65,7";"BR-153/SP";"Sul";"Colisão Traseira";2;0;0;0;0;0;0;0;0;0;4;0;0;0;0
"24/10/2014";"22:21:00";"133";"sem vítima";"109";"BR-153/SP";"Sul";"Atropelamento de Animal";1;0;0;0;0;0;0;0;0;0;5;0;0;0;0
"25/10/2014";"09:36:00";"46";"sem vítima";"118,9";"BR-153/SP";"Norte";"Colisão Traseira";2;0;0;0;0;0;0;0;0;0;5;0;0;0;0
"25/10/2014";"14:23:00";"88";"com vítima";"71,6";"BR-153/SP";"Norte";"Colisão Transversal";1;0;2;0;0;0;0;0;0;1;4;0;2;0;0
"25/10/2014";"16:09:00";"102";"sem vítima";"183,8";"BR-153/SP";"Norte";"Choque contra Objeto Fixo";0;0;1;0;0;0;0;0;0;0;1;0;0;0;0
"25/10/2014";"16:45:00";"104";"sem vítima";"321";"BR-153/SP";"Norte";"Colisão Transversal";1;0;0;0;0;0;0;0;0;1;4;0;0;0;0
"25/10/2014";"19:44:00";"124";"sem vítima";"256,3";"BR-153/SP";"Norte";"Colisão Transversal";1;0;0;1;0;0;0;0;0;0;2;0;0;0;0
"25/10/2014";"20:12:00";"127";"com vítima";"5";"BR-153/SP";"Norte";"Colisão Transversal";1;0;1;0;0;0;0;0;0;0;1;1;1;0;1
"26/10/2014";"13:32:00";"79";"com vítima";"56";"BR-153/SP";"Norte";"Colisão Transversal";1;0;0;1;0;0;0;0;0;0;1;0;0;1;0
"26/10/2014";"19:51:00";"113";"sem vítima";"183,8";"BR-153/SP";"Norte";"Tombamento de Moto";0;0;0;1;0;0;0;0;0;0;1;0;0;0;0
"27/10/2014";"07:51:00";"21";"com vítima";"75";"BR-153/SP";"Norte";"Tombamento de Moto";0;0;1;1;0;0;0;0;0;0;1;1;0;0;0
"27/10/2014";"16:35:00";"90";"com vítima";"77";"BR-153/SP";"Norte";"Tombamento de Moto";0;0;0;1;0;0;0;0;0;0;0;1;0;0;0
"27/10/2014";"19:20:00";"110";"sem vítima";"61";"BR-153/SP";"Sul";"Colisão Traseira";1;0;0;0;0;0;0;0;0;1;5;0;0;0;0
"28/10/2014";"06:07:00";"21";"sem vítima";"64";"BR-153/SP";"Sul";"Choque contra objeto na faixa de rolamento";0;0;1;0;0;0;0;0;0;1;3;0;0;0;0
"29/10/2014";"00:07:00";"1";"com vítima";"50";"BR-153/SP";"Sul";"Capotamento";0;0;0;0;0;0;0;0;0;1;1;0;1;0;0
"29/10/2014";"08:40:00";"35";"sem vítima";"35";"BR-153/SP";"Sul";"Colisão Transversal";1;0;1;0;0;0;0;0;0;0;4;0;0;0;0
"30/10/2014";"07:23:00";"20";"com vítima";"75";"BR-153/SP";"Norte";"Engavetamento";2;0;0;1;0;0;0;0;0;0;4;1;0;0;0
"30/10/2014";"13:06:00";"86";"com vítima";"71";"BR-153/SP";"Norte";"Colisão Traseira";0;0;0;1;0;1;0;0;0;0;1;1;0;0;0
"31/10/2014";"02:13:00";"3";"sem vítima";"63";"BR-153/SP";"Norte";"Saída de Pista";0;0;1;0;0;0;0;0;0;0;1;0;0;0;0
"31/10/2014";"02:30:00";"4";"com vítima";"61";"BR-153/SP";"Norte";"Tombamento de Moto";0;0;0;1;0;0;0;0;0;0;0;0;1;0;0
"31/10/2014";"05:34:00";"7";"sem vítima";"76";"BR-153/SP";"Sul";"Colisão Traseira";0;0;0;0;0;1;0;0;0;1;2;0;0;0;0
"31/10/2014";"07:59:00";"25";"com vítima";"256";"BR-153/SP";"Norte";"Colisão Lateral";0;0;0;2;0;0;0;0;0;0;1;1;0;0;0
"01/11/2014";"09:33:00";"44";"com vítima";"25";"BR-153/SP";"Sul";"Colisão Traseira";1;0;0;0;0;0;0;0;0;1;5;1;0;0;0
"01/11/2014";"20:41:00";"119";"sem vítima";"332";"BR-153/SP";"Norte";"Saída de Pista";1;0;0;0;0;0;0;0;0;0;2;0;0;0;0
"02/11/2014";"02:05:00";"7";"sem vítima";"51,5";"BR-153/SP";"Norte";"Saída de Pista";1;0;0;0;0;0;0;0;0;0;4;0;0;0;0
"02/11/2014";"07:54:00";"35";"sem vítima";"183,8";"BR-153/SP";"Norte";"Incidente";0;0;1;0;0;0;0;0;0;0;1;0;0;0;0
"02/11/2014";"09:37:00";"55";"sem vítima";"55,5";"BR-153/SP";"Sul";"Colisão Traseira";2;0;0;0;0;0;0;0;0;0;7;0;0;0;0
"02/11/2014";"19:31:00";"140";"com vítima";"72,5";"BR-153/SP";"Norte";"Tombamento de Moto";0;0;0;1;0;0;0;0;0;0;0;0;0;1;0
"02/11/2014";"19:54:00";"142";"sem vítima";"72,5";"BR-153/SP";"Norte";"Colisão Traseira";1;0;1;0;0;0;0;0;0;0;4;0;0;0;0
"02/11/2014";"20:55:00";"154";"sem vítima";"72,5";"BR-153/SP";"Norte";"Colisão Lateral";1;0;1;0;0;0;0;0;0;0;5;0;0;0;0
"03/11/2014";"03:46:00";"4";"com vítima";"264,1";"BR-153/SP";"Norte";"Saída de Pista";0;0;1;0;0;0;0;0;0;0;0;2;0;0;0
"03/11/2014";"05:42:00";"9";"sem vítima";"27";"BR-153/SP";"Norte";"Choque contra objeto na faixa de rolamento";0;0;1;0;1;0;0;0;0;0;12;0;0;0;0
"03/11/2014";"07:44:00";"102";"sem vítima";"72";"BR-153/SP";"Norte";"Engavetamento";3;0;0;0;0;0;0;0;0;0;3;0;0;0;0
"03/11/2014";"08:58:00";"34";"sem vítima";"74,9";"BR-153/SP";"Sul";"Colisão Transversal";1;0;0;1;0;0;0;0;0;0;2;0;0;0;0
"03/11/2014";"09:35:00";"41";"sem vítima";"72";"BR-153/SP";"Norte";"Engavetamento";2;0;0;0;0;0;0;0;0;1;3;0;0;0;0
"03/11/2014";"19:33:00";"130";"com vítima";"62,7";"BR-153/SP";"Norte";"Tombamento de Moto";0;0;0;1;0;0;0;0;0;0;1;1;0;0;0
"05/11/2014";"04:08:00";"5";"sem vítima";"35,5";"BR-153/SP";"Sul";"Choque contra Objeto Fixo";0;0;1;0;0;0;0;0;0;0;1;0;0;0;0
"05/11/2014";"07:49:00";"19";"sem vítima";"73,5";"BR-153/SP";"Norte";"Colisão Lateral";1;0;0;1;0;0;0;0;0;0;4;0;0;0;0
"05/11/2014";"08:13:00";"24";"sem vítima";"62";"BR-153/SP";"Sul";"Engavetamento";3;0;0;0;0;0;0;0;0;0;4;0;0;0;0
"06/11/2014";"07:08:00";"16";"com vítima";"70";"BR-153/SP";"Sul";"Colisão Transversal";1;0;0;1;0;0;0;0;0;0;3;2;0;0;0
"06/11/2014";"14:11:00";"97";"sem vítima";"31,2";"BR-153/SP";"Norte";"Colisão Transversal";1;0;1;0;0;0;0;0;0;0;4;0;0;0;0
"07/11/2014";"07:11:00";"23";"com vítima";"70";"BR-153/SP";"Norte";"Colisão Traseira";1;0;0;1;0;0;0;0;0;0;3;0;1;0;0
"07/11/2014";"10:26:00";"63";"sem vítima";"33,5";"BR-153/SP";"Norte";"Colisão Transversal";1;0;1;0;0;0;0;0;0;0;4;0;0;0;0
"07/11/2014";"11:31:00";"73";"sem vítima";"342,4";"BR-153/SP";"Norte";"Colisão Traseira";0;0;0;0;0;1;0;0;0;1;2;0;0;0;0
"07/11/2014";"13:21:00";"90";"sem vítima";"35,8";"BR-153/SP";"Norte";"Colisão Traseira";0;0;1;0;0;0;0;0;0;1;2;0;0;0;0
"07/11/2014";"20:32:00";"132";"sem vítima";"64";"BR-153/SP";"Norte";"Colisão Traseira";2;0;0;0;0;0;0;0;0;0;2;0;0;0;0
"08/11/2014";"09:27:00";"53";"sem vítima";"205";"BR-153/SP";"Sul";"Colisão Traseira";2;0;0;0;0;0;0;0;0;0;2;0;0;0;0
"09/11/2014";"06:54:00";"19";"com vítima";"72";"BR-153/SP";"Sul";"Colisão Transversal";2;0;0;0;0;0;0;0;0;0;1;2;0;0;0
"09/11/2014";"10:53:00";"48";"com vítima";"122,5";"BR-153/SP";"Sul";"Tombamento de Moto";0;0;0;1;0;0;0;0;0;0;0;2;0;0;0
"09/11/2014";"11:21:00";"49";"sem vítima";"167,7";"BR-153/SP";"Norte";"Colisão Traseira";0;0;2;0;0;0;0;0;0;0;2;0;0;0;0
"09/11/2014";"16:31:00";"79";"com vítima";"17,9";"BR-153/SP";"Sul";"Tombamento";0;0;1;0;0;0;0;0;0;0;0;1;0;0;0
"10/11/2014";"06:01:00";"12";"sem vítima";"97,8";"BR-153/SP";"Norte";"Atropelamento de Animal";1;0;0;0;0;0;0;0;0;0;1;0;0;0;0
"10/11/2014";"07:55:00";"29";"sem vítima";"73";"BR-153/SP";"Norte";"Engavetamento";2;0;0;0;0;0;0;0;0;1;5;0;0;0;0
"10/11/2014";"11:52:00";"88";"sem vítima";"5";"BR-153/SP";"Sul";"Colisão Transversal";2;0;0;0;0;0;0;0;0;0;3;0;0;0;0
"10/11/2014";"18:34:00";"122";"com vítima";"283,2";"BR-153/SP";"Norte";"Colisão Lateral";1;0;0;0;0;0;0;0;0;1;1;0;1;0;0
"11/11/2014";"05:00:00";"11";"sem vítima";"51,5";"BR-153/SP";"Sul";"Atropelamento de Animal";0;0;0;0;0;0;0;0;0;1;1;0;0;0;0
"11/11/2014";"07:52:00";"33";"sem vítima";"72";"BR-153/SP";"Norte";"Engavetamento";1;0;0;0;0;0;0;0;0;2;7;0;0;0;0
"11/11/2014";"15:54:00";"108";"sem vítima";"35";"BR-153/SP";"Norte";"Colisão Traseira";2;0;0;0;0;0;0;0;0;0;2;0;0;0;0
"11/11/2014";"19:05:00";"126";"com vítima";"229";"BR-153/SP";"Sul";"Saída de Pista";0;0;1;0;0;0;0;0;0;0;0;1;0;0;0
"11/11/2014";"19:31:00";"131";"com vítima";"125";"BR-153/SP";"Sul";"Saída de Pista";1;0;0;0;0;0;0;0;0;0;0;1;0;0;0
"12/11/2014";"13:55:00";"70";"sem vítima";"73";"BR-153/SP";"Sul";"Engavetamento";3;0;0;0;0;0;0;0;0;0;4;0;0;0;0
"12/11/2014";"15:59:00";"75";"com vítima";"195";"BR-153/SP";"Norte";"Colisão Transversal";1;0;1;0;0;0;0;0;0;0;1;0;1;0;0
"12/11/2014";"17:34:00";"85";"sem vítima";"321";"BR-153/SP";"Sul";"Saída de Pista";1;0;0;0;0;0;0;0;0;0;2;0;0;0;0
"13/11/2014";"00:04:00";"1";"com vítima";"71";"BR-153/SP";"Norte";"Colisão Lateral";1;0;0;0;0;0;0;0;0;1;1;2;0;0;0
"13/11/2014";"03:47:00";"8";"sem vítima";"15";"BR-153/SP";"Norte";"Choque contra Objeto Fixo";1;0;0;0;0;0;0;0;0;0;4;0;0;0;0
"13/11/2014";"14:27:00";"89";"sem vítima";"49,9";"BR-153/SP";"Sul";"Colisão Traseira";2;0;0;0;0;0;0;0;0;0;4;0;0;0;0
"14/11/2014";"06:53:00";"19";"sem vítima";"62,2";"BR-153/SP";"Sul";"Engavetamento";4;0;0;0;0;0;0;0;0;0;8;0;0;0;0
"14/11/2014";"09:13:00";"54";"sem vítima";"62,9";"BR-153/SP";"Sul";"Colisão Traseira";0;0;0;0;0;0;0;0;0;2;3;0;0;0;0
"14/11/2014";"12:33:00";"90";"sem vítima";"25";"BR-153/SP";"Norte";"Colisão Traseira";2;0;0;0;0;0;0;0;0;0;3;0;0;0;0
"14/11/2014";"15:29:00";"103";"sem vítima";"183,8";"BR-153/SP";"Sul";"Engavetamento";1;0;2;0;0;0;0;0;0;0;4;0;0;0;0
"14/11/2014";"16:36:00";"111";"com vítima";"59,05";"BR-153/SP";"Sul";"Tombamento de Moto";0;0;0;1;0;0;0;0;0;0;0;0;1;0;0
"14/11/2014";"16:57:00";"113";"sem vítima";"82";"BR-153/SP";"Sul";"Colisão Lateral";1;0;1;0;0;0;0;0;0;0;3;0;0;0;0
"14/11/2014";"19:01:00";"122";"sem vítima";"73";"BR-153/SP";"Norte";"Saída de Pista";1;0;0;0;0;0;0;0;0;0;1;0;0;0;0
"15/11/2014";"18:12:00";"77";"com vítima";"56";"BR-153/SP";"Sul";"Colisão Transversal";1;0;0;1;0;0;0;0;0;0;2;0;1;0;0
"15/11/2014";"20:46:00";"93";"sem vítima";"173,2";"BR-153/SP";"Sul";"Choque contra objeto na faixa de rolamento";1;0;0;0;0;0;0;0;0;0;1;0;0;0;0
"16/11/2014";"01:26:00";"9";"sem vítima";"71";"BR-153/SP";"Sul";"Colisão Lateral";1;0;0;0;0;0;0;0;0;1;4;0;0;0;0
"16/11/2014";"01:30:00";"11";"sem vítima";"71";"BR-153/SP";"Norte";"Colisão Traseira";2;0;0;0;0;0;0;0;0;0;3;0;0;0;0
"17/11/2014";"07:15:00";"16";"com vítima";"58";"BR-153/SP";"Norte";"Colisão Transversal";1;0;0;1;0;0;0;0;0;0;4;1;0;0;0
"17/11/2014";"07:36:00";"20";"com vítima";"282,85";"BR-153/SP";"Sul";"Capotamento";1;0;0;0;0;0;0;0;0;0;0;1;0;0;0
"17/11/2014";"08:17:00";"30";"com vítima";"205,5";"BR-153/SP";"Sul";"Capotamento";0;0;0;0;0;0;0;0;0;1;0;1;0;0;0
"17/11/2014";"08:20:00";"32";"com vítima";"73";"BR-153/SP";"Norte";"Engavetamento";5;0;2;0;0;0;0;0;0;1;12;1;0;0;0
"17/11/2014";"08:49:00";"36";"com vítima";"96";"BR-153/SP";"Norte";"Colisão Traseira";0;0;1;0;0;0;0;0;0;1;2;0;1;0;0
"17/11/2014";"10:03:00";"46";"sem vítima";"71,6";"BR-153/SP";"Norte";"Colisão Traseira";2;0;0;0;0;0;0;0;0;0;4;0;0;0;0
"17/11/2014";"12:02:00";"57";"com vítima";"44";"BR-153/SP";"Norte";"Colisão Traseira";0;0;1;0;1;0;0;0;0;0;3;17;1;1;1
"17/11/2014";"15:35:00";"74";"sem vítima";"62";"BR-153/SP";"Sul";"Colisão Traseira";1;0;0;0;0;0;0;0;0;1;2;0;0;0;0
"18/11/2014";"02:06:00";"3";"sem vítima";"330,5";"BR-153/SP";"Sul";"Colisão Lateral";0;0;2;0;0;0;0;0;0;0;2;0;0;0;0
"18/11/2014";"08:08:00";"21";"com vítima";"62,1";"BR-153/SP";"Sul";"Colisão Traseira";1;0;0;1;0;0;0;0;0;0;1;1;0;0;0
"19/11/2014";"15:52:00";"77";"sem vítima";"51,6";"BR-153/SP";"Sul";"Engavetamento";0;0;2;0;0;0;0;0;0;1;3;0;0;0;0
"19/11/2014";"16:33:00";"81";"sem vítima";"55";"BR-153/SP";"Norte";"Colisão Traseira";1;0;1;0;0;0;0;0;0;1;5;0;0;0;0
"19/11/2014";"18:03:00";"90";"sem vítima";"55";"BR-153/SP";"Norte";"Engavetamento";2;0;0;0;0;0;0;0;0;1;6;0;0;0;0
"19/11/2014";"23:57:00";"111";"com vítima";"74,5";"BR-153/SP";"Norte";"Colisão Frontal";1;0;0;0;0;0;0;0;0;1;0;1;0;1;0
"20/11/2014";"18:12:00";"109";"sem vítima";"71";"BR-153/SP";"Sul";"Colisão Traseira";1;0;0;1;0;0;0;0;0;0;2;0;0;0;0
"20/11/2014";"19:43:00";"115";"com vítima";"57,5";"BR-153/SP";"Sul";"Colisão Traseira";1;0;1;0;0;0;0;0;0;0;1;0;1;0;0
"20/11/2014";"20:30:00";"118";"com vítima";"63,5";"BR-153/SP";"Norte";"Saída de Pista";1;0;0;0;0;0;0;0;0;0;1;1;0;0;0
"21/11/2014";"06:52:00";"13";"sem vítima";"52";"BR-153/SP";"Norte";"Colisão Transversal";1;0;0;0;0;0;0;0;0;1;3;0;0;0;0
"21/11/2014";"07:19:00";"15";"com vítima";"62,5";"BR-153/SP";"Sul";"Colisão Lateral";1;0;0;1;0;0;0;0;0;0;1;1;1;0;0
"21/11/2014";"07:41:00";"19";"com vítima";"73";"BR-153/SP";"Norte";"Colisão Transversal";1;0;0;1;0;0;0;0;0;0;2;1;1;0;0
"21/11/2014";"16:39:00";"92";"com vítima";"36,2";"BR-153/SP";"Norte";"Saída de Pista";0;0;0;1;0;0;0;0;0;0;0;1;0;0;0
"21/11/2014";"16:49:00";"97";"sem vítima";"36,2";"BR-153/SP";"Norte";"Colisão Traseira";2;0;0;0;0;0;0;0;0;0;4;0;0;0;0
"21/11/2014";"18:17:00";"110";"sem vítima";"137,9";"BR-153/SP";"Sul";"Colisão Lateral";1;0;0;0;0;0;0;0;0;1;6;0;0;0;0
"21/11/2014";"20:34:00";"129";"com vítima";"34";"BR-153/SP";"Norte";"Tombamento de Moto";0;0;0;1;0;0;0;0;0;0;0;2;0;0;0
"21/11/2014";"23:01:00";"141";"sem vítima";"83,1";"BR-153/SP";"Sul";"Choque contra Objeto Fixo";0;0;0;0;0;0;0;0;0;1;2;0;0;0;0
"22/11/2014";"07:18:00";"22";"com vítima";"318,5";"BR-153/SP";"Norte";"Capotamento";0;0;0;0;0;0;0;0;0;1;2;2;0;0;0
"22/11/2014";"12:52:00";"69";"sem vítima";"343";"BR-153/SP";"Norte";"Colisão Traseira";2;0;0;0;0;0;0;0;0;0;2;0;0;0;0
"23/11/2014";"08:13:00";"28";"com vítima";"32,5";"BR-153/SP";"Norte";"Saída de Pista";1;0;0;0;0;0;0;0;0;0;0;1;0;0;0
"23/11/2014";"17:02:00";"76";"com vítima";"79";"BR-153/SP";"Norte";"Saída de Pista";1;0;0;0;0;0;0;0;0;0;0;4;0;0;0
"23/11/2014";"19:51:00";"96";"com vítima";"174";"BR-153/SP";"Norte";"Colisão Transversal";1;0;1;0;0;0;0;0;0;0;2;1;0;0;0
"24/11/2014";"07:54:00";"28";"com vítima";"72,5";"BR-153/SP";"Norte";"Colisão Transversal";0;0;1;1;0;0;0;0;0;0;1;0;1;0;0
"24/11/2014";"13:02:00";"82";"com vítima";"64";"BR-153/SP";"Norte";"Choque contra Objeto Fixo";2;0;0;1;0;0;0;0;0;0;2;2;0;0;0
"24/11/2014";"21:47:00";"155";"com vítima";"257";"BR-153/SP";"Norte";"Tombamento de Moto";0;0;0;1;0;0;0;0;0;0;0;1;0;0;0
"25/11/2014";"04:47:00";"12";"sem vítima";"98";"BR-153/SP";"Sul";"Colisão Traseira";0;0;2;0;0;0;0;0;0;0;2;0;0;0;0
"25/11/2014";"08:58:00";"43";"sem vítima";"73";"BR-153/SP";"Norte";"Engavetamento";3;0;0;0;0;0;0;0;0;0;9;0;0;0;0
"25/11/2014";"20:34:00";"121";"sem vítima";"333";"BR-153/SP";"Norte";"Saída de Pista";0;0;1;0;0;0;0;0;0;0;1;0;0;0;0
"25/11/2014";"22:11:00";"127";"sem vítima";"71,8";"BR-153/SP";"Sul";"Colisão Transversal";2;0;0;0;0;0;0;0;0;0;4;0;0;0;0
"26/11/2014";"18:09:00";"104";"com vítima";"82";"BR-153/SP";"Norte";"Colisão Transversal";2;0;0;0;0;0;0;0;0;0;1;6;0;0;0
"27/11/2014";"11:49:00";"102";"com vítima";"97";"BR-153/SP";"Norte";"Tombamento";1;0;1;0;0;0;0;0;0;0;3;1;1;0;0
"27/11/2014";"16:26:00";"139";"sem vítima";"62";"BR-153/SP";"Norte";"Saída de Pista";0;0;1;0;0;0;0;0;0;0;1;0;0;0;0
"27/11/2014";"19:40:00";"156";"com vítima";"47";"BR-153/SP";"Sul";"Colisão Transversal";1;0;0;0;0;0;0;0;0;1;2;4;0;0;0
"28/11/2014";"07:05:00";"13";"com vítima";"274,2";"BR-153/SP";"Norte";"Tombamento";0;0;1;0;0;0;0;0;0;0;1;1;0;0;0
"28/11/2014";"15:27:00";"91";"com vítima";"19,05";"BR-153/SP";"Sul";"Colisão Lateral";1;0;1;0;0;0;0;0;0;0;4;1;0;0;0
"30/11/2014";"16:41:00";"78";"sem vítima";"342";"BR-153/SP";"Norte";"Colisão Traseira";2;0;0;0;0;0;0;0;0;0;4;0;0;0;0
"30/11/2014";"17:11:00";"80";"sem vítima";"0";"BR-153/SP";"Sul";"Colisão Traseira";1;0;1;0;0;0;0;0;0;0;3;0;0;0;0
"30/11/2014";"18:10:00";"86";"sem vítima";"72";"BR-153/SP";"Norte";"Engavetamento";3;0;0;0;0;0;0;0;0;0;5;0;0;0;0
"30/11/2014";"18:53:00";"94";"sem vítima";"47,3";"BR-153/SP";"Norte";"Capotamento";1;0;0;0;0;0;0;0;0;0;1;0;0;0;0
"30/11/2014";"18:59:00";"96";"com vítima";"120";"BR-153/SP";"Norte";"Colisão Transversal";1;0;0;1;0;0;0;0;0;0;1;1;0;0;0
"01/12/2014";"02:05:00";"12";"sem vítima";"114,7";"BR-153/SP";"Sul";"Colisão Lateral";1;0;1;0;0;0;0;0;0;0;4;0;0;0;0
"01/12/2014";"17:16:00";"136";"sem vítima";"98";"BR-153/SP";"Norte";"Choque contra Objeto Fixo";0;0;1;0;0;0;0;0;0;0;1;0;0;0;0
"01/12/2014";"18:30:00";"142";"sem vítima";"90";"BR-153/SP";"Sul";"Choque contra Objeto Fixo";0;0;0;1;0;0;0;0;0;0;1;0;0;0;0
"02/12/2014";"13:10:00";"74";"sem vítima";"78";"BR-153/SP";"Norte";"Colisão Traseira";0;0;0;0;0;0;0;0;0;2;5;0;0;0;0
"03/12/2014";"10:27:00";"71";"sem vítima";"72";"BR-153/SP";"Sul";"Colisão Traseira";2;0;0;0;0;0;0;0;0;0;4;0;0;0;0
"03/12/2014";"10:29:00";"72";"sem vítima";"73";"BR-153/SP";"Sul";"Colisão Traseira";2;0;0;0;0;0;0;0;0;0;5;0;0;0;0
"03/12/2014";"19:03:00";"139";"com vítima";"256,5";"BR-153/SP";"Sul";"Colisão Transversal";0;1;1;0;0;0;0;0;0;0;1;1;0;0;0
"04/12/2014";"22:47:00";"158";"com vítima";"342";"BR-153/SP";"Norte";"Colisão Frontal";1;0;1;0;0;0;0;0;0;0;2;1;0;0;0
"05/12/2014";"15:36:00";"87";"com vítima";"56";"BR-153/SP";"Norte";"Colisão Transversal";1;0;0;1;0;0;0;0;0;0;2;1;0;0;0
"05/12/2014";"16:33:00";"93";"sem vítima";"98";"BR-153/SP";"Norte";"Colisão Traseira";0;0;2;0;0;0;0;0;0;0;2;0;0;0;0
"05/12/2014";"17:31:00";"100";"com vítima";"128";"BR-153/SP";"Sul";"Colisão Lateral";1;0;1;0;0;0;0;0;0;0;1;0;1;0;0
"06/12/2014";"01:17:00";"3";"sem vítima";"60";"BR-153/SP";"Norte";"Colisão Lateral";1;0;1;0;0;0;0;0;0;0;2;0;0;0;0
"06/12/2014";"15:10:00";"58";"sem vítima";"283";"BR-153/SP";"Norte";"Choque contra Objeto Fixo";1;0;0;0;0;0;0;0;0;0;1;0;0;0;0
"06/12/2014";"15:45:00";"66";"sem vítima";"64";"BR-153/SP";"Norte";"Saída de Pista";0;0;0;0;0;0;0;0;0;1;2;0;0;0;0
"06/12/2014";"17:11:00";"81";"com vítima";"58";"BR-153/SP";"Norte";"Colisão Transversal";2;0;0;0;0;0;0;0;0;0;6;1;0;0;0