data;horario;n_da_ocorrencia;tipo_de_ocorrencia;km;trecho;sentido;tipo_de_acidente;automovel;bicicleta;caminhao;moto;onibus;outros;tracao_animal;transporte_de_cargas_especiais;trator_maquinas;utilitarios;ilesos;levemente_feridos;moderadamente_feridos;gravemente_feridos;mortos
"06/12/2014";"20:27:00";"107";"com vítima";"95,8";"BR-153/SP";"Norte";"Colisão Transversal";0;0;2;1;0;0;0;0;0;0;2;0;0;0;1
"07/12/2014";"15:46:00";"66";"com vítima";"34,4";"BR-153/SP";"Sul";"Capotamento";1;0;0;0;0;0;0;0;0;0;1;1;0;0;0
"07/12/2014";"20:47:00";"108";"sem vítima";"50,05";"BR-153/SP";"Norte";"Choque contra objeto na faixa de rolamento";2;0;0;0;0;0;0;0;0;0;10;0;0;0;0
"09/12/2014";"07:09:00";"19";"sem vítima";"8";"BR-153/SP";"Norte";"Colisão Lateral";0;0;0;0;0;1;0;0;0;1;4;0;0;0;0
"09/12/2014";"07:12:00";"20";"sem vítima";"72";"BR-153/SP";"Norte";"Engavetamento";1;0;0;0;0;0;0;0;0;2;3;0;0;0;0
"09/12/2014";"09:22:00";"52";"com vítima";"58";"BR-153/SP";"Norte";"Colisão Transversal";0;0;0;1;0;0;0;0;0;1;1;1;0;0;0
"09/12/2014";"11:33:00";"76";"com vítima";"75";"BR-153/SP";"Sul";"Colisão Transversal";1;0;1;0;0;0;0;0;0;0;1;2;0;0;0
"09/12/2014";"15:35:00";"101";"sem vítima";"2,1";"BR-153/SP";"Norte";"Colisão Traseira";2;0;0;0;0;0;0;0;0;0;6;0;0;0;0
"10/12/2014";"10:46:00";"55";"sem vítima";"46";"BR-153/SP";"Norte";"Colisão Traseira";0;0;2;0;0;0;0;0;0;0;2;0;0;0;0
"10/12/2014";"11:44:00";"62";"sem vítima";"25";"BR-153/SP";"Norte";"Saída de Pista";1;0;0;0;0;0;0;0;0;0;1;0;0;0;0
"10/12/2014";"14:46:00";"79";"sem vítima";"35,8";"BR-153/SP";"Norte";"Colisão Traseira";1;0;1;0;0;0;0;0;0;1;5;0;0;0;0
"10/12/2014";"15:33:00";"87";"com vítima";"72,5";"BR-153/SP";"Sul";"Colisão Transversal";1;0;0;1;0;0;0;0;0;0;1;1;0;0;0
"10/12/2014";"20:59:00";"126";"sem vítima";"221";"BR-153/SP";"Norte";"Colisão Lateral";2;0;0;0;0;0;0;0;0;0;4;0;0;0;0
"10/12/2014";"22:10:00";"135";"sem vítima";"342";"BR-153/SP";"Norte";"Colisão Traseira";1;0;1;0;0;0;0;0;0;0;2;0;0;0;0
"11/12/2014";"17:13:00";"114";"com vítima";"62";"BR-153/SP";"Norte";"Engavetamento";1;0;3;1;0;0;0;0;0;0;4;2;0;0;0
"11/12/2014";"23:32:00";"161";"com vítima";"2";"BR-153/SP";"Sul";"Colisão Traseira";1;0;1;0;0;0;0;0;0;0;1;2;0;0;0
"11/12/2014";"23:55:00";"162";"sem vítima";"10";"BR-153/SP";"Norte";"Colisão Lateral";1;0;1;0;0;0;0;0;0;0;6;0;0;0;0
"12/12/2014";"01:14:00";"4";"sem vítima";"263";"BR-153/SP";"Norte";"Colisão Lateral";0;0;2;0;0;0;0;0;0;0;2;0;0;0;0
"12/12/2014";"15:04:00";"94";"sem vítima";"52";"BR-153/SP";"Sul";"Engavetamento";3;0;0;0;0;0;0;0;0;0;3;0;0;0;0
"13/12/2014";"01:58:00";"10";"com vítima";"64";"BR-153/SP";"Sul";"Saída de Pista";0;0;1;0;0;0;0;0;0;0;0;1;0;0;0
"13/12/2014";"09:46:00";"34";"sem vítima";"170,3";"BR-153/SP";"Sul";"Colisão Traseira";1;0;1;0;0;0;0;0;0;0;2;0;0;0;0
"13/12/2014";"17:22:00";"90";"com vítima";"182";"BR-153/SP";"Sul";"Colisão Transversal";2;0;0;0;0;0;0;0;0;0;3;2;1;0;0
"14/12/2014";"11:13:00";"52";"sem vítima";"142";"BR-153/SP";"Norte";"Colisão Lateral";1;0;1;0;0;0;0;0;0;0;4;0;0;0;0
"14/12/2014";"16:28:00";"81";"sem vítima";"174";"BR-153/SP";"Norte";"Colisão Traseira";2;0;0;0;0;0;0;0;0;0;5;0;0;0;0
"14/12/2014";"21:06:00";"107";"com vítima";"124";"BR-153/SP";"Norte";"Colisão Traseira";0;0;1;0;1;0;0;0;0;0;37;1;0;0;0
"14/12/2014";"23:52:00";"125";"com vítima";"161,3";"BR-153/SP";"Norte";"Colisão Lateral";1;0;1;0;0;0;0;0;0;0;1;3;0;0;0
"15/12/2014";"08:05:00";"23";"sem vítima";"61,9";"BR-153/SP";"Sul";"Engavetamento";1;0;0;0;0;0;0;0;0;2;6;0;0;0;0
"15/12/2014";"09:09:00";"43";"com vítima";"109,7";"BR-153/SP";"Sul";"Colisão Traseira";1;0;0;0;0;1;0;0;0;0;1;2;0;0;0
"16/12/2014";"07:01:00";"17";"com vítima";"59";"BR-153/SP";"Norte";"Colisão Transversal";0;1;1;0;0;0;0;0;0;0;1;1;0;0;0
"16/12/2014";"07:56:00";"23";"sem vítima";"71,8";"BR-153/SP";"Norte";"Colisão Traseira";1;0;1;0;0;0;0;0;0;0;4;0;0;0;0
"16/12/2014";"08:19:00";"29";"sem vítima";"63,5";"BR-153/SP";"Norte";"Colisão Traseira";1;0;0;0;0;0;0;0;0;1;5;0;0;0;0
"16/12/2014";"09:21:00";"45";"sem vítima";"71,9";"BR-153/SP";"Norte";"Colisão Traseira";2;0;0;0;0;0;0;0;0;0;3;0;0;0;0
"17/12/2014";"00:36:00";"3";"com vítima";"337";"BR-153/SP";"Norte";"Colisão Lateral";0;0;1;0;0;0;0;0;0;1;1;1;0;0;0
"17/12/2014";"18:36:00";"120";"sem vítima";"72";"BR-153/SP";"Norte";"Colisão Traseira";1;0;0;0;0;0;0;0;0;1;5;0;0;0;0
"18/12/2014";"23:05:00";"125";"sem vítima";"268,1";"BR-153/SP";"Sul";"Choque na Praça - Submarino";0;0;1;0;0;0;0;0;0;0;1;0;0;0;0
"19/12/2014";"16:08:00";"106";"sem vítima";"25";"BR-153/SP";"Sul";"Colisão Transversal";1;0;0;0;0;0;0;0;0;1;4;0;0;0;0
"19/12/2014";"23:00:00";"148";"com vítima";"51,1";"BR-153/SP";"Norte";"Atropelamento  de Pedestre";1;0;0;0;0;0;0;0;0;0;1;0;0;0;1
"20/12/2014";"04:52:00";"13";"sem vítima";"61";"BR-153/SP";"Norte";"Colisão Traseira";2;0;0;0;0;0;0;0;0;0;3;0;0;0;0
"20/12/2014";"14:04:00";"89";"sem vítima";"48,9";"BR-153/SP";"Sul";"Colisão Traseira";1;0;0;0;0;0;0;0;0;2;3;0;0;0;0
"20/12/2014";"14:25:00";"92";"sem vítima";"35,8";"BR-153/SP";"Sul";" INCIDENTE - Choque na Praça - Cancela";0;0;2;0;0;0;0;0;0;0;4;0;0;0;0
"20/12/2014";"15:56:00";"104";"sem vítima";"47";"BR-153/SP";"Sul";"Colisão Transversal";2;0;0;0;0;0;0;0;0;0;5;0;0;0;0
"20/12/2014";"21:12:00";"142";"sem vítima";"342,6";"BR-153/SP";"Norte";"Colisão Traseira";1;0;1;0;0;0;0;0;0;0;5;0;0;0;0
"20/12/2014";"22:41:00";"153";"sem vítima";"122,3";"BR-153/SP";"Norte";"Colisão Traseira";2;0;0;0;0;0;0;0;0;0;6;0;0;0;0
"21/12/2014";"03:40:00";"16";"sem vítima";"61";"BR-153/SP";"Sul";"Saída de Pista";1;0;0;0;0;0;0;0;0;0;1;0;0;0;0
"21/12/2014";"05:33:00";"23";"com vítima";"155";"BR-153/SP";"Sul";"Colisão Transversal";0;0;1;0;0;0;0;0;0;1;1;4;0;0;1
"21/12/2014";"14:56:00";"84";"sem vítima";"98,5";"BR-153/SP";"Norte";"Colisão Traseira";2;0;0;0;0;0;0;0;0;0;5;0;0;0;0
"21/12/2014";"14:58:00";"85";"com vítima";"257";"BR-153/SP";"Norte";"Colisão Traseira";1;0;1;0;0;0;0;0;0;0;1;3;0;0;0
"21/12/2014";"15:41:00";"92";"sem vítima";"30";"BR-153/SP";"Norte";"Colisão Traseira";1;0;0;0;0;0;0;0;0;1;4;0;0;0;0
"21/12/2014";"17:14:00";"107";"com vítima";"27";"BR-153/SP";"Norte";"Colisão Transversal";2;0;0;0;0;0;0;0;0;0;2;1;0;0;0
"23/12/2014";"11:47:00";"61";"sem vítima";"67,7";"BR-153/SP";"Norte";"Colisão Lateral";1;0;1;0;0;0;0;0;0;0;2;0;0;0;0
"23/12/2014";"18:11:00";"102";"sem vítima";"205,5";"BR-153/SP";"Norte";"Tombamento";0;0;0;0;0;0;0;0;0;1;3;0;0;0;0
"24/12/2014";"12:50:00";"89";"sem vítima";"343";"BR-153/SP";"Sul";"Colisão Traseira";2;0;0;0;0;0;0;0;0;0;3;0;0;0;0
"25/12/2014";"15:39:00";"80";"sem vítima";"110,1";"BR-153/SP";"Sul";"Choque contra objeto na faixa de rolamento";1;0;0;0;0;0;0;0;0;0;2;0;0;0;0
"25/12/2014";"22:32:00";"124";"com vítima";"260";"BR-153/SP";"Norte";"Colisão Traseira";1;0;0;1;0;0;0;0;0;0;2;1;0;0;0
"26/12/2014";"07:25:00";"11";"sem vítima";"169,2";"BR-153/SP";"Sul";"Saída de Pista";1;0;0;0;0;0;0;0;0;0;4;0;0;0;0
"26/12/2014";"08:17:00";"20";"sem vítima";"342";"BR-153/SP";"Norte";"Colisão Traseira";1;0;0;0;0;0;0;0;0;1;5;0;0;0;0
"26/12/2014";"10:17:00";"30";"com vítima";"2";"BR-153/SP";"Norte";"Engavetamento";1;0;0;0;0;0;0;0;0;2;11;1;0;0;0
"26/12/2014";"18:28:00";"76";"com vítima";"260,8";"BR-153/SP";"Norte";"Colisão Traseira";0;0;1;1;0;0;0;0;0;0;1;1;0;0;0
"27/12/2014";"09:30:00";"44";"sem vítima";"343";"BR-153/SP";"Norte";"Engavetamento";3;0;0;0;0;0;0;0;0;0;9;0;0;0;0
"30/12/2014";"05:57:00";"7";"sem vítima";"39,1";"BR-153/SP";"Norte";"Colisão Lateral";1;0;0;0;0;0;0;0;0;1;6;0;0;0;0
"30/12/2014";"17:08:00";"69";"com vítima";"70";"BR-153/SP";"Sul";"Colisão Traseira";1;0;0;1;0;0;0;0;0;0;2;1;0;0;0
"31/12/2014";"00:57:00";"3";"sem vítima";"75";"BR-153/SP";"Sul";"Colisão Traseira";1;0;0;0;0;1;0;0;0;0;6;0;0;0;0
"01/01/2015";"15:27:00";"49";"com vítima";"73,7";"BR-153/SP";"Sul";"Tombamento de Moto";0;0;0;1;0;0;0;0;0;0;0;1;0;1;0
"01/01/2015";"16:46:00";"51";"com vítima";"136,7";"BR-153/SP";"Norte";"Colisão Traseira";0;0;0;2;0;0;0;0;0;0;2;2;0;0;0
"02/01/2015";"21:25:00";"96";"com vítima";"119";"BR-153/SP";"Sul";"Colisão Transversal";1;0;1;0;1;0;0;0;0;0;8;2;4;0;2
"03/01/2015";"02:59:00";"5";"com vítima";"62";"BR-153/SP";"Sul";"Colisão Traseira";0;0;2;0;0;0;0;0;0;0;1;1;0;0;0
"03/01/2015";"17:56:00";"81";"sem vítima";"185";"BR-153/SP";"Norte";"Engavetamento";1;0;2;0;0;0;0;0;0;0;5;0;0;0;0
"04/01/2015";"01:57:00";"6";"sem vítima";"83,2";"BR-153/SP";"Sul";"Atropelamento de Animal";1;0;0;0;0;0;0;0;0;0;4;0;0;0;0
"04/01/2015";"11:32:00";"58";"sem vítima";"341";"BR-153/SP";"Sul";"Engavetamento";5;0;0;0;0;0;0;0;0;0;20;0;0;0;0
"04/01/2015";"11:59:00";"60";"sem vítima";"280";"BR-153/SP";"Norte";"Colisão Traseira";2;0;0;0;0;0;0;0;0;0;7;0;0;0;0
"04/01/2015";"17:00:00";"82";"com vítima";"296,6";"BR-153/SP";"Sul";"Colisão Lateral";1;0;1;0;0;0;0;0;0;0;2;3;0;0;0
"04/01/2015";"20:48:00";"118";"sem vítima";"179";"BR-153/SP";"Norte";"Atropelamento de Animal";1;0;0;0;0;0;0;0;0;0;5;0;0;0;0
"05/01/2015";"11:07:00";"62";"com vítima";"70,05";"BR-153/SP";"Norte";"Colisão Transversal";1;1;0;0;0;0;0;0;0;0;1;1;0;0;0
"05/01/2015";"15:59:00";"101";"sem vítima";"95,8";"BR-153/SP";"Norte";"Colisão Frontal";1;0;1;0;0;0;0;0;0;0;2;0;0;0;0
"05/01/2015";"16:34:00";"106";"sem vítima";"0,5";"BR-153/SP";"Norte";"Saída de Pista";0;0;0;0;1;0;0;0;0;0;4;0;0;0;0
"07/01/2015";"12:03:00";"65";"sem vítima";"255";"BR-153/SP";"Norte";"Colisão Traseira";1;0;1;0;0;0;0;0;0;0;3;0;0;0;0
"07/01/2015";"21:56:00";"131";"com vítima";"56";"BR-153/SP";"Sul";"Tombamento de Moto";0;0;0;1;0;0;0;0;0;0;0;1;0;0;0
"08/01/2015";"08:07:00";"25";"sem vítima";"72";"BR-153/SP";"Norte";"Colisão Traseira";1;0;0;0;0;0;0;0;0;1;7;0;0;0;0
"08/01/2015";"11:15:00";"67";"sem vítima";"342";"BR-153/SP";"Sul";"Colisão Transversal";0;0;0;0;0;0;0;0;0;2;7;0;0;0;0
"09/01/2015";"12:30:00";"76";"com vítima";"27";"BR-153/SP";"Sul";"Tombamento de Moto";0;0;0;1;0;0;0;0;0;0;0;1;0;0;0
"10/01/2015";"07:48:00";"27";"sem vítima";"284,5";"BR-153/SP";"Sul";"Colisão Lateral";1;0;0;1;0;0;0;0;0;0;2;0;0;0;0
"10/01/2015";"11:36:00";"61";"sem vítima";"73";"BR-153/SP";"Norte";"Colisão Traseira";1;0;0;0;0;0;0;0;0;1;4;0;0;0;0
"10/01/2015";"20:13:00";"125";"com vítima";"136,5";"BR-153/SP";"Norte";"Outros";0;0;1;0;0;0;0;0;0;0;0;0;1;0;0
"11/01/2015";"15:24:00";"83";"sem vítima";"281";"BR-153/SP";"Norte";"Colisão Traseira";0;0;1;0;0;0;0;0;0;1;5;0;0;0;0
"11/01/2015";"18:47:00";"109";"sem vítima";"72";"BR-153/SP";"Norte";"Colisão Lateral";1;0;0;1;0;0;0;0;0;0;3;0;0;0;0
"11/01/2015";"20:33:00";"128";"com vítima";"228,4";"BR-153/SP";"Norte";"Colisão Frontal";1;0;0;1;0;0;0;0;0;0;4;1;0;0;1
"12/01/2015";"07:49:00";"29";"com vítima";"72";"BR-153/SP";"Sul";"Colisão Transversal";1;0;0;1;0;0;0;0;0;0;1;1;0;0;0
"12/01/2015";"08:04:00";"34";"com vítima";"155";"BR-153/SP";"Sul";"Capotamento";1;0;0;0;0;0;0;0;0;0;0;0;1;0;0
"12/01/2015";"16:20:00";"105";"sem vítima";"60,5";"BR-153/SP";"Norte";"Colisão Traseira";1;0;0;0;0;0;0;0;0;1;3;0;0;0;0
"12/01/2015";"17:24:00";"112";"com vítima";"174";"BR-153/SP";"Norte";"Colisão Traseira";1;0;0;1;0;0;0;0;0;0;3;1;1;0;0
"14/01/2015";"07:24:00";"21";"sem vítima";"324";"BR-153/SP";"Sul";"Incidente";0;0;0;0;0;0;0;0;0;2;5;0;0;0;0
"14/01/2015";"10:03:00";"55";"sem vítima";"63,2";"BR-153/SP";"Norte";"Colisão Traseira";0;0;2;0;0;0;0;0;0;0;2;0;0;0;0
"14/01/2015";"22:12:00";"144";"sem vítima";"74,6";"BR-153/SP";"Norte";"Colisão Traseira";2;0;0;0;0;0;0;0;0;0;4;0;0;0;0
"15/01/2015";"14:39:00";"68";"sem vítima";"47";"BR-153/SP";"Norte";"Colisão Traseira";0;0;0;0;0;0;0;0;0;2;3;0;0;0;0
"16/01/2015";"18:18:00";"122";"sem vítima";"56";"BR-153/SP";"Norte";"Colisão Traseira";0;0;0;0;0;1;0;0;0;1;2;0;0;0;0
"16/01/2015";"19:16:00";"137";"sem vítima";"17,4";"BR-153/SP";"Sul";"Colisão Traseira";1;0;1;0;0;0;0;0;0;0;3;0;0;0;0
"16/01/2015";"21:49:00";"165";"com vítima";"52";"BR-153/SP";"Norte";"Colisão Traseira";0;0;1;0;0;0;0;0;0;1;1;1;0;0;0
"18/01/2015";"03:18:00";"8";"com vítima";"62,15";"BR-153/SP";"Norte";"Colisão Traseira";1;0;0;0;0;0;0;0;0;1;2;1;0;0;0
"18/01/2015";"17:26:00";"97";"com vítima";"62";"BR-153/SP";"Sul";"Colisão Traseira";2;0;0;0;0;0;0;0;0;0;3;1;0;0;0
"18/01/2015";"19:11:00";"111";"sem vítima";"72";"BR-153/SP";"Norte";"Colisão Traseira";3;0;0;0;0;0;0;0;0;0;10;0;0;0;0
"18/01/2015";"23:51:00";"141";"com vítima";"111,05";"BR-153/SP";"Sul";"Colisão Frontal";0;0;0;1;0;0;0;0;0;1;0;0;0;0;2
"19/01/2015";"07:22:00";"20";"com vítima";"52";"BR-153/SP";"Sul";"Colisão Transversal";0;0;1;1;0;0;0;0;0;0;1;0;0;0;1
"19/01/2015";"12:14:00";"59";"com vítima";"255,9";"BR-153/SP";"Sul";"Tombamento de Moto";0;0;0;1;0;0;0;0;0;0;0;2;0;0;0
"19/01/2015";"18:35:00";"98";"sem vítima";"56";"BR-153/SP";"Norte";"Colisão Traseira";1;0;0;1;0;0;0;0;0;0;2;0;0;0;0
"20/01/2015";"03:19:00";"5";"com vítima";"7";"BR-153/SP";"Norte";"Atropelamento de Animal";1;0;0;0;0;0;0;0;0;0;2;2;0;0;0
"20/01/2015";"09:48:00";"45";"sem vítima";"229";"BR-153/SP";"Sul";"Colisão Lateral";0;0;0;0;0;1;0;0;0;1;2;0;0;0;0
"20/01/2015";"11:53:00";"61";"sem vítima";"59";"BR-153/SP";"Sul";"Colisão Transversal";2;0;0;0;0;0;0;0;0;0;9;0;0;0;0
"20/01/2015";"11:58:00";"62";"com vítima";"207,7";"BR-153/SP";"Norte";"Colisão Traseira";0;0;1;0;0;0;0;0;0;1;4;0;0;1;0
"21/01/2015";"11:30:00";"80";"com vítima";"15,1";"BR-153/SP";"Norte";"Saída de Pista";1;0;0;0;0;0;0;0;0;0;0;1;2;0;0
"21/01/2015";"11:53:00";"82";"com vítima";"185";"BR-153/SP";"Norte";"Engavetamento";2;0;0;0;0;0;0;0;0;1;2;1;0;0;0
"21/01/2015";"23:38:00";"144";"sem vítima";"82";"BR-153/SP";"Norte";"Colisão Transversal";2;0;0;0;0;0;0;0;0;0;4;0;0;0;0
"22/01/2015";"00:46:00";"3";"com vítima";"104";"BR-153/SP";"Norte";"Colisão Traseira";0;0;1;0;1;0;0;0;0;0;36;4;0;0;0
"23/01/2015";"04:12:00";"13";"com vítima";"105";"BR-153/SP";"Sul";"Colisão Traseira";1;0;0;0;0;1;0;0;0;0;1;1;0;0;0
"23/01/2015";"13:21:00";"70";"sem vítima";"62";"BR-153/SP";"Norte";"Colisão Traseira";2;0;0;0;0;0;0;0;0;0;2;0;0;0;0
"23/01/2015";"15:13:00";"82";"sem vítima";"35";"BR-153/SP";"Sul";"Colisão Traseira";0;0;1;0;0;0;0;0;0;1;4;0;0;0;0
"24/01/2015";"01:09:00";"6";"sem vítima";"62";"BR-153/SP";"Sul";"Colisão Traseira";1;0;1;0;0;0;0;0;0;0;3;0;0;0;0
"24/01/2015";"06:40:00";"16";"com vítima";"52";"BR-153/SP";"Norte";"Colisão Traseira";1;0;1;0;0;0;0;0;0;0;2;1;0;0;0
"24/01/2015";"10:30:00";"40";"sem vítima";"69,5";"BR-153/SP";"Sul";"Colisão Traseira";2;0;0;0;0;0;0;0;0;0;6;0;0;0;0
"25/01/2015";"10:08:00";"45";"com vítima";"59,2";"BR-153/SP";"Norte";"Tombamento de Moto";0;0;0;1;0;0;0;0;0;0;0;1;1;0;0
"25/01/2015";"17:57:00";"95";"sem vítima";"153,6";"BR-153/SP";"Norte";"Atropelamento de Animal";1;0;0;0;0;0;0;0;0;0;1;0;0;0;0
"26/01/2015";"13:49:00";"69";"com vítima";"103";"BR-153/SP";"Norte";"Tombamento de Moto";0;0;0;1;0;0;0;0;0;0;0;2;0;0;0
"26/01/2015";"15:25:00";"75";"com vítima";"34";"BR-153/SP";"Norte";"Colisão Traseira";1;0;1;0;0;0;0;0;0;0;3;1;0;0;0
"27/01/2015";"04:16:00";"2";"sem vítima";"31";"BR-153/SP";"Sul";"Saída de Pista";0;0;1;0;0;0;0;0;0;0;1;0;0;0;0
"27/01/2015";"04:44:00";"3";"sem vítima";"31";"BR-153/SP";"Sul";"Saída de Pista";0;0;1;0;0;0;0;0;0;0;2;0;0;0;0
"27/01/2015";"06:49:00";"6";"com vítima";"59,2";"BR-153/SP";"Norte";"Colisão Traseira";1;0;1;0;0;0;0;0;0;0;1;4;0;0;0
"27/01/2015";"08:22:00";"17";"sem vítima";"72,2";"BR-153/SP";"Norte";"Colisão Traseira";0;0;0;1;0;0;0;0;0;1;3;0;0;0;0
"27/01/2015";"13:02:00";"41";"sem vítima";"64";"BR-153/SP";"Norte";"Colisão Lateral";0;0;1;0;0;0;0;0;0;1;2;0;0;0;0
"27/01/2015";"19:15:00";"82";"sem vítima";"297,5";"BR-153/SP";"Norte";"Saída de Pista";1;0;0;0;0;0;0;0;0;0;1;0;0;0;0
"28/01/2015";"07:33:00";"15";"sem vítima";"71,5";"BR-153/SP";"Norte";"Colisão Traseira";2;0;0;0;0;0;0;0;0;0;2;0;0;0;0
"29/01/2015";"08:09:00";"23";"sem vítima";"35,8";"BR-153/SP";"Norte";"Colisão Traseira";2;0;0;0;0;0;0;0;0;0;2;0;0;0;0
"29/01/2015";"17:04:00";"105";"com vítima";"65";"BR-153/SP";"Norte";"Colisão Traseira";0;0;0;1;0;1;0;0;0;0;1;0;0;1;0
"29/01/2015";"18:07:00";"112";"com vítima";"61,8";"BR-153/SP";"Norte";"Tombamento de Moto";0;0;0;1;0;0;0;0;0;0;0;1;0;0;0
"30/01/2015";"06:27:00";"10";"sem vítima";"84";"BR-153/SP";"Norte";"Saída de Pista";1;0;0;0;0;0;0;0;0;0;1;0;0;0;0
"30/01/2015";"10:08:00";"45";"sem vítima";"98,5";"BR-153/SP";"Sul";"Colisão Traseira";0;0;1;0;0;0;0;0;0;1;2;0;0;0;0
"30/01/2015";"16:03:00";"87";"com vítima";"323,5";"BR-153/SP";"Sul";"Colisão Lateral";0;0;2;0;0;0;0;0;0;0;1;0;0;1;0
"31/01/2015";"15:00:00";"73";"com vítima";"136,3";"BR-153/SP";"Norte";"Colisão Frontal";1;0;1;0;0;0;0;0;0;0;1;0;0;0;2
"01/02/2015";"20:07:00";"93";"sem vítima";"63,006";"BR-153/SP";"Norte";"Choque contra Objeto Fixo";1;0;0;0;0;0;0;0;0;0;1;0;0;0;0
"02/02/2015";"07:45:00";"32";"sem vítima";"48,9";"BR-153/SP";"Sul";"Colisão Traseira";1;0;0;0;0;1;0;0;0;0;4;0;0;0;0
"02/02/2015";"08:06:00";"37";"com vítima";"195";"BR-153/SP";"Sul";"Saída de Pista";1;0;0;0;0;0;0;0;0;0;0;0;1;0;0
"02/02/2015";"20:56:00";"144";"com vítima";"63,4";"BR-153/SP";"Norte";"Colisão Traseira";0;0;0;1;0;1;0;0;0;0;2;1;0;0;0
"02/02/2015";"21:16:00";"146";"com vítima";"62,5";"BR-153/SP";"Norte";"Colisão Traseira";1;0;0;1;0;0;0;0;0;1;2;1;0;0;0
"03/02/2015";"14:46:00";"89";"sem vítima";"58";"BR-153/SP";"Sul";"Colisão Lateral";1;0;0;0;0;0;0;0;0;0;1;0;0;0;0
"04/02/2015";"07:31:00";"7";"com vítima";"62";"BR-153/SP";"Sul";"Colisão Traseira";1;0;0;1;0;0;0;0;0;0;1;0;1;0;0
"04/02/2015";"08:06:00";"13";"com vítima";"60";"BR-153/SP";"Norte";"Tombamento de Moto";0;0;0;1;0;0;0;0;0;0;0;0;1;0;0
"04/02/2015";"08:40:00";"29";"sem vítima";"61";"BR-153/SP";"Sul";"Engavetamento";2;0;1;0;0;0;0;0;0;0;3;0;0;0;0
"04/02/2015";"23:31:00";"107";"com vítima";"213";"BR-153/SP";"Sul";"Colisão Traseira";0;0;1;1;0;0;0;0;0;0;0;2;0;0;0
"05/02/2015";"06:48:00";"12";"com vítima";"31,8";"BR-153/SP";"Sul";"Atropelamento de Animal";0;0;0;1;0;0;0;0;0;0;0;1;0;0;0
"05/02/2015";"06:56:00";"13";"com vítima";"174";"BR-153/SP";"Norte";"Colisão Transversal";1;0;0;1;0;0;0;0;0;0;4;1;0;0;0
"06/02/2015";"06:42:00";"14";"com vítima";"99";"BR-153/SP";"Sul";"Atropelamento de Animal";0;0;0;1;0;0;0;0;0;0;0;1;1;0;0
"06/02/2015";"09:00:00";"44";"com vítima";"69,5";"BR-153/SP";"Sul";"Tombamento de Moto";0;0;0;1;0;0;0;0;0;0;0;1;0;0;0
"06/02/2015";"15:47:00";"112";"sem vítima";"91,9";"BR-153/SP";"Norte";"Colisão Traseira";0;0;2;0;0;0;0;0;0;0;2;0;0;0;0
"07/02/2015";"11:51:00";"52";"com vítima";"65,85";"BR-153/SP";"Sul";"Tombamento de Moto";0;0;0;1;0;0;0;0;0;0;0;2;0;0;0
"08/02/2015";"07:51:00";"23";"sem vítima";"195";"BR-153/SP";"Norte";"Colisão Lateral";1;0;0;0;0;1;0;0;0;0;5;0;0;0;0
"08/02/2015";"08:51:00";"38";"sem vítima";"195";"BR-153/SP";"Norte";"Saída de Pista";1;0;0;0;0;0;0;0;0;0;5;0;0;0;0
"08/02/2015";"14:14:00";"68";"com vítima";"111";"BR-153/SP";"Norte";"Colisão Traseira";0;0;1;1;0;0;0;0;0;0;2;1;0;0;0
"08/02/2015";"14:23:00";"72";"sem vítima";"342,6";"BR-153/SP";"Norte";"Colisão Traseira";2;0;0;0;0;0;0;0;0;0;7;0;0;0;0
"08/02/2015";"15:43:00";"84";"sem vítima";"129";"BR-153/SP";"Sul";"Saída de Pista";1;0;0;0;0;0;0;0;0;0;1;0;0;0;0
"09/02/2015";"07:02:00";"11";"sem vítima";"62";"BR-153/SP";"Norte";"Engavetamento";1;0;0;0;0;1;0;0;0;1;3;0;0;0;0
"09/02/2015";"17:16:00";"109";"com vítima";"222,8";"BR-153/SP";"Sul";"Capotamento";1;0;0;0;0;0;0;0;0;0;0;0;0;0;1
"10/02/2015";"06:43:00";"22";"com vítima";"212";"BR-153/SP";"Norte";"Saída de Pista";1;0;0;0;0;0;0;0;0;0;0;4;0;0;0
"10/02/2015";"11:58:00";"77";"sem vítima";"51,5";"BR-153/SP";"Sul";"Saída de Pista";0;0;1;0;0;0;0;0;0;0;1;0;0;0;0
"10/02/2015";"16:16:00";"110";"sem vítima";"71";"BR-153/SP";"Norte";"Colisão Traseira";0;0;1;0;0;0;0;0;0;1;4;0;0;0;0
"11/02/2015";"07:12:00";"8";"com vítima";"62";"BR-153/SP";"Sul";"Engavetamento";3;0;1;0;0;0;0;0;0;0;3;2;1;0;0
"11/02/2015";"07:26:00";"10";"sem vítima";"61,2";"BR-153/SP";"Norte";"Colisão Traseira";1;0;0;0;0;0;0;0;0;1;2;0;0;0;0
"11/02/2015";"08:01:00";"25";"com vítima";"55,2";"BR-153/SP";"Sul";"Tombamento de Moto";0;0;0;1;0;0;0;0;0;0;0;1;0;0;0
"11/02/2015";"20:21:00";"112";"com vítima";"65";"BR-153/SP";"Sul";"Saída de Pista";1;0;0;0;0;0;0;0;0;0;0;0;1;0;0
"12/02/2015";"02:19:00";"3";"com vítima";"109";"BR-153/SP";"Sul";"Colisão Frontal";1;0;1;0;0;0;0;0;0;0;2;0;0;0;1
"12/02/2015";"06:40:00";"11";"com vítima";"1";"BR-153/SP";"Sul";"Colisão Traseira";1;0;1;0;0;0;0;0;0;0;1;0;2;1;0