data;horario;n_da_ocorrencia;tipo_de_ocorrencia;km;trecho;sentido;tipo_de_acidente;automovel;bicicleta;caminhao;moto;onibus;outros;tracao_animal;transporte_de_cargas_especiais;trator_maquinas;utilitarios;ilesos;levemente_feridos;moderadamente_feridos;gravemente_feridos;mortos
"24/01/2016";"17:42:00";"93";"sem vítima";"278";"BR-153/SP";"Sul";"Saída de Pista";2;0;0;0;0;1;0;0;0;0;3;0;0;0;0
"25/01/2016";"07:29:00";"21";"com vítima";"59";"BR-153/SP";"Sul";"Engavetamento";3;0;0;2;0;0;0;0;0;0;7;2;0;0;0
"25/01/2016";"07:29:00";"20";"com vítima";"64";"BR-153/SP";"Sul";"Colisão Traseira";0;0;0;1;0;0;0;0;0;1;1;1;0;0;0
"25/01/2016";"07:34:00";"22";"com vítima";"64";"BR-153/SP";"Norte";"Tombamento de Moto";0;0;0;1;0;0;0;0;0;0;0;1;0;0;0
"25/01/2016";"07:55:00";"26";"com vítima";"61,8";"BR-153/SP";"Sul";"Colisão Traseira";1;0;0;1;0;0;0;0;0;0;2;1;0;0;0
"26/01/2016";"17:03:00";"71";"sem vítima";"62";"BR-153/SP";"Sul";"Tombamento de Moto";0;0;0;1;0;0;0;0;0;0;1;0;0;0;0
"26/01/2016";"19:36:00";"89";"com vítima";"332";"BR-153/SP";"Norte";"Atropelamento - Ciclista";1;1;0;0;0;0;0;0;0;0;2;1;0;0;0
"27/01/2016";"11:51:00";"56";"com vítima";"53,9";"BR-153/SP";"Norte";"Colisão Lateral";1;0;0;1;0;0;0;0;0;0;2;1;1;0;0
"28/01/2016";"06:09:00";"17";"com vítima";"66";"BR-153/SP";"Norte";"Atropelamento - Pedestre";1;0;0;0;0;0;0;0;0;0;1;0;0;0;1
"29/01/2016";"00:29:00";"2";"com vítima";"62,1";"BR-153/SP";"Norte";"Choque contra Objeto Fixo";1;0;0;0;0;0;0;0;0;0;0;1;0;0;0
"29/01/2016";"15:06:00";"64";"sem vítima";"55";"BR-153/SP";"Sul";"Colisão Lateral";1;0;1;0;0;0;0;0;0;0;4;0;0;0;0
"29/01/2016";"16:30:00";"74";"com vítima";"47";"BR-153/SP";"Sul";"Colisão Traseira";2;0;0;0;0;0;0;0;0;0;3;1;0;0;0
"29/01/2016";"17:00:00";"81";"sem vítima";"62";"BR-153/SP";"Norte";"Colisão Traseira";2;0;0;0;0;0;0;0;0;0;3;0;0;0;0
"29/01/2016";"18:33:00";"98";"sem vítima";"61";"BR-153/SP";"Sul";"Colisão Traseira";1;0;0;0;0;0;0;0;0;1;5;0;0;0;0
"29/01/2016";"19:10:00";"111";"com vítima";"49";"BR-153/SP";"Norte";"Colisão Lateral";0;0;0;0;0;0;0;0;0;2;3;1;0;0;0
"30/01/2016";"14:05:00";"56";"sem vítima";"129";"BR-153/SP";"Norte";"Colisão Lateral";1;0;1;0;0;0;0;0;0;0;6;0;0;0;0
"30/01/2016";"21:12:00";"94";"com vítima";"73";"BR-153/SP";"Sul";"Colisão Traseira";2;0;0;0;0;0;0;0;0;0;0;2;0;0;0
"31/01/2016";"02:44:00";"5";"com vítima";"52";"BR-153/SP";"Norte";"Capotamento";0;0;0;0;0;0;0;0;0;1;0;1;0;0;0
"31/01/2016";"21:43:00";"121";"sem vítima";"197";"BR-153/SP";"Norte";"Colisão Traseira";1;0;0;0;0;1;0;0;0;0;3;0;0;0;0
"31/01/2016";"22:28:00";"123";"com vítima";"80";"BR-153/SP";"Sul";"Saída de Pista";0;0;0;0;0;0;0;0;0;1;0;1;0;0;0
"01/02/2016";"01:00:00";"3";"sem vítima";"15";"BR-153/SP";"Norte";"Choque contra Objeto Fixo";1;0;0;0;0;0;0;0;0;0;2;0;0;0;0
"01/02/2016";"20:11:00";"128";"sem vítima";"74";"BR-153/SP";"Sul";"Colisão Lateral";1;0;1;0;0;0;0;0;0;0;4;0;0;0;0
"02/02/2016";"18:16:00";"121";"sem vítima";"62";"BR-153/SP";"Sul";"Colisão Traseira";2;0;0;0;0;0;0;0;0;0;3;0;0;0;0
"03/02/2016";"10:08:00";"47";"com vítima";"256";"BR-153/SP";"Norte";"Tombamento";0;0;0;2;0;0;0;0;0;0;0;2;0;0;0
"04/02/2016";"07:32:00";"14";"sem vítima";"58";"BR-153/SP";"Norte";"Choque contra Objeto Fixo";1;0;0;0;0;0;0;0;0;0;2;0;0;0;0
"04/02/2016";"07:42:00";"16";"com vítima";"58";"BR-153/SP";"Sul";"Atropelamento - Pedestre";0;0;0;1;0;0;0;0;0;0;1;1;1;0;0
"04/02/2016";"17:55:00";"101";"sem vítima";"58";"BR-153/SP";"Sul";"Colisão Lateral";1;0;1;0;0;0;0;0;0;0;4;0;0;0;0
"05/02/2016";"11:18:00";"76";"com vítima";"28";"BR-153/SP";"Norte";"Colisão Transversal";2;0;0;0;0;0;0;0;0;0;1;2;0;0;0
"05/02/2016";"22:47:00";"146";"sem vítima";"93,8";"BR-153/SP";"Norte";"Saída de Pista";1;0;0;0;0;0;0;0;0;0;2;0;0;0;0
"06/02/2016";"00:15:00";"1";"com vítima";"66,5";"BR-153/SP";"Sul";"Colisão Frontal";0;0;1;0;0;0;0;0;0;2;5;0;0;0;1
"06/02/2016";"17:27:00";"78";"sem vítima";"63";"BR-153/SP";"Norte";"Saída de Pista";1;0;0;0;0;0;0;0;0;0;1;0;0;0;0
"06/02/2016";"18:34:00";"85";"com vítima";"61";"BR-153/SP";"Norte";"Colisão Transversal";1;0;0;1;0;0;0;0;0;0;1;1;0;0;0
"06/02/2016";"20:15:00";"95";"com vítima";"120";"BR-153/SP";"Sul";"Choque contra Objeto Fixo";0;0;0;1;0;0;0;0;0;0;0;0;1;1;0
"07/02/2016";"15:14:00";"76";"sem vítima";"30";"BR-153/SP";"Norte";"Colisão Lateral";1;0;1;0;0;0;0;0;0;0;3;0;0;0;0
"09/02/2016";"10:22:00";"35";"sem vítima";"75";"BR-153/SP";"Norte";"Choque contra Objeto Fixo";1;0;0;0;0;0;0;0;0;0;1;0;0;0;0
"09/02/2016";"16:48:00";"65";"sem vítima";"62";"BR-153/SP";"Sul";"Choque contra Objeto Fixo";0;0;1;0;0;0;0;0;0;1;6;0;0;0;0
"09/02/2016";"20:59:00";"88";"sem vítima";"195";"BR-153/SP";"Sul";"Colisão Traseira";1;0;0;0;0;1;0;0;0;0;4;0;0;0;0
"10/02/2016";"15:08:00";"79";"com vítima";"59";"BR-153/SP";"Norte";"Colisão Transversal";0;0;0;2;0;0;0;0;0;0;0;0;2;0;0
"10/02/2016";"22:05:00";"113";"com vítima";"59";"BR-153/SP";"Norte";"Colisão Transversal";1;0;0;1;0;0;0;0;0;0;1;1;0;0;0
"11/02/2016";"18:45:00";"95";"sem vítima";"52";"BR-153/SP";"Sul";"Choque contra Objeto Fixo";1;0;0;0;0;0;0;0;0;0;4;0;0;0;0
"12/02/2016";"13:57:00";"81";"com vítima";"62,3";"BR-153/SP";"Sul";"Colisão Traseira";1;0;1;1;0;0;0;0;0;0;2;1;0;0;0
"12/02/2016";"17:41:00";"115";"sem vítima";"186";"BR-153/SP";"Sul";"Colisão Lateral";0;0;1;0;0;1;0;0;0;0;2;0;0;0;0
"13/02/2016";"18:30:00";"115";"com vítima";"175";"BR-153/SP";"Sul";"Saída de Pista";1;0;0;0;0;0;0;0;0;0;0;1;0;0;0
"14/02/2016";"18:18:00";"82";"sem vítima";"35,8";"BR-153/SP";"Sul";"Colisão Traseira";1;0;0;0;0;0;0;0;0;1;6;0;0;0;0
"15/02/2016";"11:05:00";"59";"com vítima";"5";"BR-153/SP";"Norte";"Colisão Transversal";1;0;1;0;0;0;0;0;0;0;1;4;1;0;0
"15/02/2016";"19:25:00";"109";"sem vítima";"60";"BR-153/SP";"Sul";"Colisão Traseira";1;0;0;0;0;0;0;0;0;1;2;0;0;0;0
"16/02/2016";"07:10:00";"9";"sem vítima";"62";"BR-153/SP";"Sul";"Engavetamento";3;0;0;0;0;0;0;0;0;0;5;0;0;0;0
"16/02/2016";"12:45:00";"57";"com vítima";"63,8";"BR-153/SP";"Norte";"Capotamento";1;0;0;0;0;0;0;0;0;0;1;1;1;0;0
"16/02/2016";"12:51:00";"58";"sem vítima";"62";"BR-153/SP";"Sul";"Colisão Traseira";1;0;0;0;0;0;0;0;0;1;3;0;0;0;0
"17/02/2016";"07:45:00";"18";"com vítima";"61,95";"BR-153/SP";"Sul";"Colisão Lateral";1;0;0;1;0;0;0;0;0;0;1;1;0;0;0
"17/02/2016";"09:56:00";"42";"sem vítima";"94,5";"BR-153/SP";"Sul";"Choque contra Objeto Fixo";1;0;0;0;0;0;0;0;0;0;1;0;0;0;0
"17/02/2016";"16:37:00";"95";"sem vítima";"55";"BR-153/SP";"Sul";"Engavetamento";1;0;1;0;0;0;0;0;0;1;5;0;0;0;0
"17/02/2016";"19:25:00";"119";"sem vítima";"71";"BR-153/SP";"Sul";"Colisão Traseira";1;0;0;0;0;0;0;0;0;1;4;0;0;0;0
"17/02/2016";"20:47:00";"127";"com vítima";"87";"BR-153/SP";"Norte";"Colisão Traseira";0;0;1;0;0;0;0;0;0;1;1;1;0;0;0
"19/02/2016";"10:11:00";"47";"sem vítima";"290";"BR-153/SP";"Sul";"Colisão Traseira";1;0;0;0;0;0;0;0;0;1;4;0;0;0;0
"19/02/2016";"10:51:00";"51";"sem vítima";"63";"BR-153/SP";"Sul";"Colisão Traseira";1;0;0;0;0;0;0;0;0;1;2;0;0;0;0
"19/02/2016";"11:50:00";"61";"sem vítima";"344";"BR-153/SP";"Sul";"Colisão Traseira";2;0;0;0;0;0;0;0;0;0;7;0;0;0;0
"19/02/2016";"16:30:00";"90";"com vítima";"69";"BR-153/SP";"Norte";"Colisão Traseira";1;0;0;1;0;0;0;0;0;0;1;1;0;0;0
"20/02/2016";"18:47:00";"115";"com vítima";"333,9";"BR-153/SP";"Sul";"Capotamento";1;0;0;0;0;0;0;0;0;0;0;1;0;0;0
"20/02/2016";"21:17:00";"133";"sem vítima";"56";"BR-153/SP";"Norte";"Colisão Traseira";1;0;1;0;0;0;0;0;0;1;3;0;0;0;0
"20/02/2016";"23:45:00";"151";"com vítima";"94,3";"BR-153/SP";"Sul";"Colisão Traseira";2;0;0;0;0;0;0;0;0;0;2;1;0;0;0
"21/02/2016";"04:29:00";"12";"sem vítima";"65";"BR-153/SP";"Sul";"Saída de Pista";0;0;0;0;0;0;0;0;0;1;1;0;0;0;0
"21/02/2016";"16:24:00";"92";"com vítima";"14,4";"BR-153/SP";"Sul";"Tombamento de Moto";0;0;0;1;0;0;0;0;0;0;0;2;0;0;0
"22/02/2016";"09:05:00";"26";"sem vítima";"97,8";"BR-153/SP";"Norte";"Colisão Traseira";1;0;0;0;0;0;0;0;0;1;2;0;0;0;0
"22/02/2016";"19:33:00";"98";"sem vítima";"53";"BR-153/SP";"Sul";"Saída de Pista";0;0;0;0;0;0;0;0;0;1;1;0;0;0;0
"22/02/2016";"20:12:00";"102";"sem vítima";"53";"BR-153/SP";"Sul";"Tombamento de Moto";0;0;0;1;0;0;0;0;0;0;1;0;0;0;0
"22/02/2016";"20:26:00";"104";"sem vítima";"53";"BR-153/SP";"Sul";"Tombamento de Moto";0;0;0;1;0;0;0;0;0;0;1;0;0;0;0
"25/02/2016";"02:58:00";"5";"sem vítima";"1";"BR-153/SP";"Norte";"Atropelamento - Animal";0;0;1;0;0;0;0;0;0;0;1;0;0;0;0
"25/02/2016";"10:39:00";"69";"com vítima";"266,1";"BR-153/SP";"Norte";"Colisão Frontal";1;0;2;0;0;0;0;0;0;0;2;1;1;0;0
"25/02/2016";"17:04:00";"126";"sem vítima";"268";"BR-153/SP";"Norte";"Colisão Traseira";1;0;1;0;0;0;0;0;0;0;2;0;0;0;0
"26/02/2016";"08:14:00";"25";"com vítima";"62";"BR-153/SP";"Norte";"Engavetamento";4;0;0;0;0;0;0;0;0;0;3;1;0;0;0
"26/02/2016";"08:27:00";"28";"sem vítima";"61,9";"BR-153/SP";"Norte";"Colisão Traseira";2;0;0;0;0;0;0;0;0;0;5;0;0;0;0
"26/02/2016";"13:48:00";"94";"com vítima";"62";"BR-153/SP";"Sul";"Colisão Traseira";2;0;1;0;0;0;0;0;0;0;6;1;0;0;0
"26/02/2016";"19:36:00";"134";"sem vítima";"55";"BR-153/SP";"Sul";"Engavetamento";2;0;0;0;0;0;0;0;0;1;9;0;0;0;0
"27/02/2016";"05:28:00";"8";"sem vítima";"61,5";"BR-153/SP";"Norte";"Colisão Traseira";2;0;0;0;0;0;0;0;0;0;3;0;0;0;0
"27/02/2016";"15:37:00";"79";"com vítima";"39,6";"BR-153/SP";"Sul";"Colisão Transversal";2;0;0;0;0;0;0;0;0;0;3;2;0;0;0
"27/02/2016";"23:53:00";"122";"com vítima";"290";"BR-153/SP";"Sul";"Colisão Traseira";1;0;1;0;0;0;0;0;0;0;2;1;0;0;0
"28/02/2016";"13:44:00";"61";"sem vítima";"64,5";"BR-153/SP";"Sul";"Engavetamento";1;0;1;0;0;0;0;0;0;1;5;0;0;0;0
"28/02/2016";"18:20:00";"92";"sem vítima";"132,8";"BR-153/SP";"Norte";"Colisão Traseira";2;0;0;0;0;0;0;0;0;0;5;0;0;0;0
"02/03/2016";"09:58:00";"51";"sem vítima";"63";"BR-153/SP";"Sul";"Engavetamento";1;0;1;0;0;1;0;0;0;1;4;0;0;0;0
"02/03/2016";"14:51:00";"92";"com vítima";"67";"BR-153/SP";"Sul";"Tombamento de Moto";0;0;0;1;0;0;0;0;0;0;0;1;0;0;0
"02/03/2016";"21:54:00";"141";"com vítima";"52";"BR-153/SP";"Norte";"Colisão Transversal";1;0;0;0;0;0;0;0;0;1;1;2;1;0;0
"03/03/2016";"10:18:00";"60";"com vítima";"44,2";"BR-153/SP";"Norte";"Colisão Transversal";1;0;1;0;0;0;0;0;0;0;1;0;0;0;1
"03/03/2016";"16:35:00";"112";"sem vítima";"56";"BR-153/SP";"Sul";"Colisão Traseira";2;0;0;0;0;0;0;0;0;0;2;0;0;0;0
"03/03/2016";"20:32:00";"137";"sem vítima";"124";"BR-153/SP";"Norte";"Choque contra Objeto Fixo";1;0;0;0;0;0;0;0;0;0;2;0;0;0;0
"04/03/2016";"04:02:00";"8";"com vítima";"52,5";"BR-153/SP";"Sul";"Colisão Lateral";1;0;1;0;0;0;0;0;0;0;1;0;0;0;1
"04/03/2016";"07:08:00";"17";"com vítima";"346,3";"BR-153/SP";"Norte";"Saída de Pista";1;0;0;0;0;0;0;0;0;0;0;1;1;0;0
"04/03/2016";"18:54:00";"158";"sem vítima";"59";"BR-153/SP";"Norte";"Colisão Transversal";2;0;0;0;0;0;0;0;0;0;2;0;0;0;0
"05/03/2016";"14:46:00";"76";"sem vítima";"260";"BR-153/SP";"Sul";"Atropelamento - Animal";0;0;1;0;0;0;0;0;0;0;1;0;0;0;0
"05/03/2016";"23:09:00";"132";"com vítima";"73";"BR-153/SP";"Sul";"Colisão Traseira";0;0;0;2;0;0;0;0;0;0;1;2;0;0;0
"06/03/2016";"07:19:00";"19";"sem vítima";"25";"BR-153/SP";"Sul";"Saída de Pista";1;0;0;0;0;0;0;0;0;0;2;0;0;0;0
"06/03/2016";"22:52:00";"105";"sem vítima";"278,3";"BR-153/SP";"Sul";"Atropelamento - Animal";0;0;0;0;1;0;0;0;0;0;22;0;0;0;0
"07/03/2016";"10:57:00";"51";"sem vítima";"82";"BR-153/SP";"Norte";"Colisão Transversal";1;0;1;0;0;0;0;0;0;0;2;0;0;0;0
"07/03/2016";"13:54:00";"73";"sem vítima";"31";"BR-153/SP";"Norte";"Colisão Traseira";2;0;0;0;0;0;0;0;0;0;4;0;0;0;0
"07/03/2016";"17:21:00";"101";"sem vítima";"58";"BR-153/SP";"Sul";"Colisão Transversal";1;0;0;0;0;0;0;0;0;1;2;0;0;0;0
"08/03/2016";"18:32:00";"120";"sem vítima";"323,5";"BR-153/SP";"Norte";"Colisão Transversal";1;0;0;0;0;0;0;0;0;1;3;0;0;0;0
"09/03/2016";"14:48:00";"92";"sem vítima";"14,8";"BR-153/SP";"Sul";"Choque contra Objeto Fixo";0;0;0;0;0;0;0;0;0;1;1;0;0;0;0
"09/03/2016";"15:17:00";"95";"sem vítima";"60";"BR-153/SP";"Sul";"Saída de Pista";1;0;0;0;0;0;0;0;0;0;1;0;0;0;0
"09/03/2016";"18:29:00";"121";"com vítima";"61,9";"BR-153/SP";"Sul";"Tombamento de Moto";0;0;0;1;0;0;0;0;0;0;0;1;0;0;0
"11/03/2016";"06:25:00";"9";"sem vítima";"61,9";"BR-153/SP";"Norte";"Saída de Pista";0;0;1;0;0;0;0;0;0;0;1;0;0;0;0
"11/03/2016";"07:41:00";"17";"sem vítima";"108";"BR-153/SP";"Norte";"Colisão Transversal";1;0;0;1;0;0;0;0;0;0;2;0;0;0;0
"11/03/2016";"15:00:00";"95";"sem vítima";"272,7";"BR-153/SP";"Norte";"Choque contra objeto na faixa de rolamento";1;0;1;0;0;0;0;0;0;0;2;0;0;0;0
"12/03/2016";"19:47:00";"108";"com vítima";"45";"BR-153/SP";"Norte";"Colisão Transversal";0;0;1;1;0;0;0;0;0;0;1;0;1;0;0
"13/03/2016";"06:01:00";"6";"sem vítima";"71";"BR-153/SP";"Sul";"Saída de Pista";1;0;0;0;0;0;0;0;0;0;2;0;0;0;0
"13/03/2016";"23:05:00";"125";"com vítima";"321";"BR-153/SP";"Sul";"Tombamento de Moto";0;0;0;1;0;0;0;0;0;0;0;0;1;0;0
"14/03/2016";"09:05:00";"41";"sem vítima";"76";"BR-153/SP";"Norte";"Colisão Frontal";1;0;1;0;0;1;0;0;0;0;3;0;0;0;0
"14/03/2016";"10:48:00";"62";"sem vítima";"290,3";"BR-153/SP";"Norte";"Capotamento";1;0;0;0;0;0;0;0;0;0;1;0;0;0;0
"14/03/2016";"13:39:00";"83";"sem vítima";"62";"BR-153/SP";"Sul";"Colisão Traseira";1;0;0;0;0;0;0;0;0;1;2;0;0;0;0
"14/03/2016";"13:45:00";"85";"com vítima";"61";"BR-153/SP";"Sul";"Colisão Traseira";0;0;0;1;1;0;0;0;0;0;1;1;0;0;0
"14/03/2016";"17:51:00";"122";"com vítima";"344";"BR-153/SP";"Norte";"Choque contra Objeto Fixo";1;0;0;0;0;0;0;0;0;0;3;1;0;0;0
"14/03/2016";"19:31:00";"133";"sem vítima";"58";"BR-153/SP";"Norte";"Colisão Transversal";1;0;1;0;0;0;0;0;0;0;3;0;0;0;0
"15/03/2016";"09:15:00";"44";"sem vítima";"58";"BR-153/SP";"Norte";"Colisão Transversal";0;0;0;1;0;0;0;0;0;1;2;0;0;0;0
"15/03/2016";"12:12:00";"77";"com vítima";"79";"BR-153/SP";"Sul";"Tombamento de Moto";0;0;0;1;0;0;0;0;0;0;0;1;0;0;0
"15/03/2016";"12:28:00";"81";"com vítima";"281,1";"BR-153/SP";"Sul";"Tombamento";0;0;0;1;0;0;0;0;0;0;0;2;0;0;0
"15/03/2016";"19:22:00";"122";"com vítima";"58";"BR-153/SP";"Norte";"Colisão Transversal";1;0;0;0;0;0;0;0;0;1;1;0;1;0;0
"16/03/2016";"18:24:00";"126";"sem vítima";"62";"BR-153/SP";"Sul";"Engavetamento";3;0;0;0;0;0;0;0;0;0;4;0;0;0;0
"16/03/2016";"20:05:00";"135";"sem vítima";"63,1";"BR-153/SP";"Norte";"Engavetamento";1;0;0;0;0;1;0;0;0;1;3;0;0;0;0
"17/03/2016";"06:46:00";"10";"sem vítima";"70";"BR-153/SP";"Norte";"Colisão Traseira";2;0;0;0;0;0;0;0;0;0;2;0;0;0;0
"17/03/2016";"11:23:00";"69";"com vítima";"310,8";"BR-153/SP";"Sul";"Engavetamento";1;0;3;0;0;0;0;0;0;0;2;1;2;0;0
"18/03/2016";"08:38:00";"41";"sem vítima";"152,3";"BR-153/SP";"Sul";"Saída de Pista";1;0;0;0;0;0;0;0;0;0;1;0;0;0;0
"18/03/2016";"12:55:00";"82";"com vítima";"56";"BR-153/SP";"Sul";"Colisão Traseira";1;0;0;1;0;0;0;0;0;0;1;1;0;0;0
"18/03/2016";"18:55:00";"133";"sem vítima";"61,9";"BR-153/SP";"Sul";"Colisão Traseira";1;0;0;1;0;0;0;0;0;0;2;0;0;0;0
"19/03/2016";"01:34:00";"5";"com vítima";"62,5";"BR-153/SP";"Sul";"Colisão Traseira";1;0;1;0;0;0;0;0;0;0;1;1;0;0;0
"19/03/2016";"01:54:00";"7";"com vítima";"132";"BR-153/SP";"Sul";"Atropelamento - Animal";1;0;0;0;0;0;0;0;0;0;0;1;0;0;0
"19/03/2016";"09:43:00";"41";"com vítima";"289";"BR-153/SP";"Sul";"Colisão Traseira";1;0;1;0;0;0;0;0;0;0;3;1;0;0;0
"19/03/2016";"19:13:00";"108";"sem vítima";"58";"BR-153/SP";"Sul";"Colisão Transversal";2;0;0;0;0;0;0;0;0;0;5;0;0;0;0
"20/03/2016";"03:31:00";"3";"com vítima";"65";"BR-153/SP";"Norte";"Colisão Lateral";3;0;0;0;0;0;0;0;0;0;3;1;1;0;0
"20/03/2016";"06:30:00";"14";"com vítima";"104,05";"BR-153/SP";"Sul";"Colisão Traseira";1;0;2;0;0;0;0;0;0;0;2;0;1;0;0
"20/03/2016";"08:07:00";"24";"com vítima";"64";"BR-153/SP";"Sul";"Tombamento de Moto";0;0;0;1;0;0;0;0;0;0;0;2;0;0;0
"20/03/2016";"10:05:00";"40";"com vítima";"341,2";"BR-153/SP";"Sul";"Tombamento de Moto";0;0;0;1;0;0;0;0;0;0;0;1;0;0;0
"20/03/2016";"11:36:00";"50";"com vítima";"68";"BR-153/SP";"Sul";"Tombamento de Moto";0;0;0;1;0;0;0;0;0;0;0;1;1;0;0
"21/03/2016";"17:10:00";"132";"com vítima";"63";"BR-153/SP";"Norte";"Tombamento de Moto";0;0;0;1;0;0;0;0;0;0;1;1;0;0;0
"22/03/2016";"12:16:00";"71";"sem vítima";"60";"BR-153/SP";"Norte";"Colisão Lateral";1;0;1;0;0;0;0;0;0;0;3;0;0;0;0
"22/03/2016";"14:48:00";"90";"sem vítima";"49";"BR-153/SP";"Norte";"Colisão Transversal";2;0;0;0;0;0;0;0;0;0;2;0;0;0;0
"22/03/2016";"16:36:00";"106";"com vítima";"117";"BR-153/SP";"Sul";"Atropelamento - Animal";0;0;0;1;0;0;0;0;0;0;1;1;0;0;0
"22/03/2016";"20:54:00";"140";"com vítima";"75";"BR-153/SP";"Sul";"Capotamento";0;0;0;0;0;0;0;0;0;1;0;1;0;0;0
"23/03/2016";"16:51:00";"109";"com vítima";"52";"BR-153/SP";"Norte";"Tombamento de Moto";0;0;0;1;0;0;0;0;0;0;0;1;0;0;0
"23/03/2016";"19:19:00";"124";"com vítima";"341";"BR-153/SP";"Sul";"Atropelamento - Pedestre";0;0;1;0;0;0;0;0;0;0;1;0;1;0;0
"24/03/2016";"00:04:00";"1";"sem vítima";"161";"BR-153/SP";"Norte";"Colisão Lateral";0;0;0;0;1;1;0;0;0;0;2;0;0;0;0
"24/03/2016";"17:51:00";"120";"com vítima";"53";"BR-153/SP";"Sul";"Saída de Pista";0;0;0;0;0;0;0;0;0;1;4;1;0;0;0
"24/03/2016";"18:55:00";"124";"com vítima";"172,8";"BR-153/SP";"Sul";"Choque contra Objeto Fixo";0;0;1;0;0;0;0;0;0;0;0;2;0;0;0
"24/03/2016";"21:08:00";"137";"com vítima";"43";"BR-153/SP";"Norte";"Tombamento de Moto";0;0;0;1;0;0;0;0;0;0;1;1;0;0;0
"25/03/2016";"14:55:00";"54";"sem vítima";"293,3";"BR-153/SP";"Sul";"Tombamento";0;0;1;0;0;0;0;0;0;0;1;0;0;0;0
"26/03/2016";"08:57:00";"32";"com vítima";"14,4";"BR-153/SP";"Norte";"Colisão Lateral";1;0;0;0;1;0;0;0;0;0;22;2;1;0;0
"26/03/2016";"20:16:00";"91";"com vítima";"53";"BR-153/SP";"Sul";"Colisão Transversal";1;0;0;1;0;0;0;0;0;0;2;1;0;0;0
"29/03/2016";"16:06:00";"119";"sem vítima";"63,4";"BR-153/SP";"Norte";"Colisão Traseira";0;0;0;0;0;0;0;0;0;2;3;0;0;0;0
"30/03/2016";"16:33:00";"106";"com vítima";"75";"BR-153/SP";"Norte";"Tombamento";0;0;0;1;0;0;0;0;0;0;0;2;0;0;0
"30/03/2016";"20:16:00";"127";"sem vítima";"106";"BR-153/SP";"Norte";"Atropelamento - Animal";1;0;0;0;0;0;0;0;0;0;2;0;0;0;0
"31/03/2016";"14:56:00";"98";"com vítima";"195,3";"BR-153/SP";"Sul";"Colisão Transversal";0;0;0;2;0;0;0;0;0;0;1;0;1;0;0
"01/04/2016";"17:24:00";"131";"sem vítima";"287,1";"BR-153/SP";"Norte";"Colisão Transversal";1;0;0;0;0;0;0;0;0;1;3;0;0;0;0
"01/04/2016";"21:07:00";"148";"sem vítima";"229,6";"BR-153/SP";"Sul";"Saída de Pista";0;0;0;1;0;0;0;0;0;0;1;0;0;0;0
"02/04/2016";"12:20:00";"66";"sem vítima";"61";"BR-153/SP";"Sul";"Colisão Traseira";0;0;0;0;0;0;0;0;0;2;2;0;0;0;0
"02/04/2016";"13:19:00";"72";"sem vítima";"51";"BR-153/SP";"Sul";"Saída de Pista";1;0;0;0;0;0;0;0;0;0;1;0;0;0;0
"03/04/2016";"01:34:00";"4";"sem vítima";"28";"BR-153/SP";"Sul";"Saída de Pista";1;0;0;0;0;0;0;0;0;0;1;0;0;0;0
"03/04/2016";"15:48:00";"66";"sem vítima";"10";"BR-153/SP";"Norte";"Choque contra objeto na faixa de rolamento";1;0;1;0;0;0;0;0;0;0;6;0;0;0;0
"03/04/2016";"18:11:00";"84";"sem vítima";"17,8";"BR-153/SP";"Norte";"Saída de Pista";1;0;0;0;0;0;0;0;0;0;2;0;0;0;0
"04/04/2016";"00:31:00";"2";"com vítima";"72,7";"BR-153/SP";"Norte";"Colisão Frontal";1;0;0;0;0;0;0;0;0;1;0;0;1;0;1
"04/04/2016";"08:11:00";"25";"sem vítima";"61,6";"BR-153/SP";"Sul";"Colisão Lateral";0;0;0;2;0;0;0;0;0;0;2;0;0;0;0
"04/04/2016";"08:56:00";"36";"sem vítima";"62";"BR-153/SP";"Sul";"Colisão Traseira";2;0;0;0;0;0;0;0;0;0;5;0;0;0;0
"05/04/2016";"06:29:00";"10";"com vítima";"189";"BR-153/SP";"Norte";"Colisão Lateral";1;0;0;0;0;0;0;0;0;1;1;2;0;0;0
"05/04/2016";"17:39:00";"145";"sem vítima";"223";"BR-153/SP";"Sul";"Colisão Traseira";0;0;2;0;0;0;0;0;0;0;2;0;0;0;0
"07/04/2016";"03:55:00";"8";"com vítima";"66";"BR-153/SP";"Norte";"Colisão Frontal";0;0;2;0;0;0;0;0;0;0;0;2;3;0;0
"07/04/2016";"06:49:00";"14";"com vítima";"74,9";"BR-153/SP";"Norte";"Colisão Transversal";1;0;0;1;0;0;0;0;0;0;1;0;2;0;0
"07/04/2016";"08:39:00";"36";"com vítima";"66";"BR-153/SP";"Sul";"Atropelamento - Pedestre";0;0;1;0;0;0;0;0;0;0;1;0;0;0;1
"07/04/2016";"16:00:00";"117";"sem vítima";"344";"BR-153/SP";"Sul";"Colisão Lateral";0;0;0;0;0;0;0;0;0;1;1;0;0;0;0
"07/04/2016";"16:07:00";"119";"com vítima";"34";"BR-153/SP";"Norte";"Colisão Frontal";2;0;0;0;0;0;0;0;0;0;0;5;0;0;0
"08/04/2016";"02:18:00";"5";"com vítima";"105";"BR-153/SP";"Sul";"Choque contra Objeto Fixo";1;0;0;0;0;0;0;0;0;0;0;1;0;0;0