data;horario;n_da_ocorrencia;tipo_de_ocorrencia;km;trecho;sentido;tipo_de_acidente;automovel;bicicleta;caminhao;moto;onibus;outros;tracao_animal;transporte_de_cargas_especiais;trator_maquinas;utilitarios;ilesos;levemente_feridos;moderadamente_feridos;gravemente_feridos;mortos
"08/04/2016";"10:32:00";"53";"sem vítima";"83";"BR-153/SP";"Norte";"Colisão Traseira";1;0;1;0;0;0;0;0;0;0;2;0;0;0;0
"08/04/2016";"21:31:00";"138";"sem vítima";"274";"BR-153/SP";"Norte";"Capotamento";1;0;0;0;0;0;0;0;0;0;3;0;0;0;0
"09/04/2016";"05:52:00";"19";"com vítima";"75";"BR-153/SP";"Norte";"Colisão Traseira";1;0;0;1;0;0;0;0;0;0;1;2;0;0;0
"09/04/2016";"14:24:00";"104";"com vítima";"63";"BR-153/SP";"Sul";"Colisão Traseira";2;0;0;0;0;0;0;0;0;0;3;1;0;0;0
"10/04/2016";"13:21:00";"59";"com vítima";"59,2";"BR-153/SP";"Norte";"Saída de Pista";1;0;0;0;0;0;0;0;0;0;3;1;0;0;0
"10/04/2016";"15:49:00";"78";"com vítima";"119,5";"BR-153/SP";"Norte";"Colisão Transversal";1;0;0;0;0;0;0;0;0;1;3;2;0;0;0
"10/04/2016";"16:15:00";"82";"sem vítima";"341";"BR-153/SP";"Sul";"Saída de Pista";1;0;0;0;0;0;0;0;0;0;1;0;0;0;0
"12/04/2016";"06:34:00";"8";"sem vítima";"52";"BR-153/SP";"Norte";"Tombamento de Moto";0;0;0;1;0;0;0;0;0;0;1;0;0;0;0
"12/04/2016";"08:07:00";"25";"com vítima";"74,9";"BR-153/SP";"Norte";"Colisão Transversal";1;0;0;1;0;0;0;0;0;0;1;0;1;0;0
"12/04/2016";"16:31:00";"97";"sem vítima";"52";"BR-153/SP";"Norte";"Tombamento de Moto";0;0;0;1;0;0;0;0;0;0;1;0;0;0;0
"12/04/2016";"19:22:00";"119";"com vítima";"75";"BR-153/SP";"Norte";"Atropelamento - Animal";1;0;0;0;0;0;0;0;0;0;1;1;0;0;0
"13/04/2016";"21:47:00";"140";"com vítima";"146";"BR-153/SP";"Norte";"Tombamento de Moto";0;0;0;1;0;0;0;0;0;0;0;1;0;0;0
"14/04/2016";"20:35:00";"121";"sem vítima";"289";"BR-153/SP";"Norte";"Colisão Traseira";0;0;0;0;0;0;0;0;0;2;4;0;0;0;0
"15/04/2016";"01:54:00";"4";"com vítima";"184";"BR-153/SP";"Norte";"Colisão Lateral";0;0;1;0;0;0;0;0;0;1;1;0;1;0;0
"15/04/2016";"15:54:00";"101";"sem vítima";"62";"BR-153/SP";"Norte";"Colisão Traseira";1;0;0;0;0;0;0;0;0;1;2;0;0;0;0
"15/04/2016";"16:00:00";"102";"sem vítima";"62";"BR-153/SP";"Norte";"Engavetamento";3;0;1;0;0;0;0;0;0;1;5;0;0;0;0
"15/04/2016";"18:24:00";"119";"sem vítima";"35";"BR-153/SP";"Sul";"Colisão Traseira";2;0;0;0;0;0;0;0;0;0;2;0;0;0;0
"15/04/2016";"18:28:00";"121";"com vítima";"66";"BR-153/SP";"Norte";"Tombamento de Moto";0;0;0;1;0;0;0;0;0;0;0;1;0;0;0
"15/04/2016";"19:09:00";"127";"com vítima";"74,8";"BR-153/SP";"Norte";"Colisão Transversal";1;0;0;1;0;0;0;0;0;0;1;1;0;0;0
"16/04/2016";"09:50:00";"49";"com vítima";"97,3";"BR-153/SP";"Norte";"Tombamento de Moto";0;0;0;1;0;0;0;0;0;0;0;0;1;0;0
"16/04/2016";"13:55:00";"74";"sem vítima";"13,9";"BR-153/SP";"Norte";"Colisão Traseira";1;0;0;0;1;0;0;0;0;0;5;0;0;0;0
"16/04/2016";"20:54:00";"116";"com vítima";"60";"BR-153/SP";"Norte";"Tombamento de Moto";0;0;0;1;0;0;0;0;0;0;0;1;0;0;0
"17/04/2016";"22:40:00";"137";"com vítima";"63";"BR-153/SP";"Sul";"Colisão Frontal";1;0;0;1;0;0;0;0;0;0;0;0;1;0;1
"18/04/2016";"02:09:00";"8";"sem vítima";"144";"BR-153/SP";"Norte";"Atropelamento - Animal";1;0;0;0;0;0;0;0;0;0;1;0;0;0;0
"18/04/2016";"07:56:00";"28";"sem vítima";"58";"BR-153/SP";"Sul";"Engavetamento";3;0;0;0;0;0;0;0;0;0;7;0;0;0;0
"18/04/2016";"07:58:00";"30";"sem vítima";"62";"BR-153/SP";"Sul";"Engavetamento";2;0;0;0;0;2;0;0;0;1;7;0;0;0;0
"18/04/2016";"08:51:00";"42";"sem vítima";"176,6";"BR-153/SP";"Norte";"Saída de Pista";1;0;0;0;0;0;0;0;0;0;2;0;0;0;0
"18/04/2016";"20:10:00";"127";"sem vítima";"183";"BR-153/SP";"Norte";"Colisão Lateral";1;0;0;0;0;1;0;0;0;0;2;0;0;0;0
"19/04/2016";"23:35:00";"136";"sem vítima";"45";"BR-153/SP";"Norte";"Colisão Transversal";1;0;1;0;0;0;0;0;0;0;4;0;0;0;0
"20/04/2016";"16:36:00";"108";"sem vítima";"62";"BR-153/SP";"Sul";"Colisão Traseira";1;0;0;0;0;1;0;0;0;1;3;0;0;0;0
"20/04/2016";"18:23:00";"123";"sem vítima";"75";"BR-153/SP";"Norte";"Colisão Traseira";1;0;1;0;0;0;0;0;0;1;6;0;0;0;0
"20/04/2016";"19:13:00";"132";"com vítima";"61";"BR-153/SP";"Sul";"Colisão Traseira";1;0;0;1;0;0;0;0;0;0;1;0;0;1;0
"21/04/2016";"07:05:00";"24";"com vítima";"71";"BR-153/SP";"Norte";"Atropelamento - Ciclista";0;1;0;0;0;0;0;0;0;0;0;1;0;0;0
"21/04/2016";"18:57:00";"135";"com vítima";"223";"BR-153/SP";"Norte";"Colisão Frontal";1;0;0;0;0;0;0;0;0;3;6;0;1;0;0
"22/04/2016";"17:57:00";"99";"sem vítima";"72,2";"BR-153/SP";"Sul";"Saída de Pista";0;0;0;1;0;0;0;0;0;0;2;0;0;0;0
"22/04/2016";"18:09:00";"101";"com vítima";"113";"BR-153/SP";"Norte";"Colisão Transversal";1;0;0;1;0;0;0;0;0;0;5;2;0;0;0
"23/04/2016";"00:18:00";"2";"sem vítima";"227";"BR-153/SP";"Norte";"Saída de Pista";1;0;0;0;0;0;0;0;0;0;4;0;0;0;0
"24/04/2016";"05:55:00";"9";"com vítima";"99";"BR-153/SP";"Norte";"Tombamento de Moto";0;0;0;1;0;0;0;0;0;0;0;1;0;0;0
"24/04/2016";"10:31:00";"33";"sem vítima";"55";"BR-153/SP";"Sul";"Colisão Transversal";2;0;0;0;0;0;0;0;0;0;4;0;0;0;0
"24/04/2016";"16:03:00";"72";"sem vítima";"78";"BR-153/SP";"Norte";"Colisão Traseira";2;0;0;0;0;0;0;0;0;0;3;0;0;0;0
"25/04/2016";"12:04:00";"69";"com vítima";"57";"BR-153/SP";"Sul";"Colisão Traseira";0;0;0;1;0;1;0;0;0;0;1;1;0;0;0
"25/04/2016";"14:28:00";"92";"sem vítima";"203,7";"BR-153/SP";"Norte";"Colisão Traseira";1;0;1;0;0;0;0;0;0;0;2;0;0;0;0
"25/04/2016";"17:47:00";"113";"com vítima";"256,4";"BR-153/SP";"Norte";"Atropelamento - Animal";0;0;0;1;0;0;0;0;0;0;0;2;0;0;0
"25/04/2016";"18:37:00";"119";"sem vítima";"80";"BR-153/SP";"Sul";"Choque contra objeto na faixa de rolamento";1;0;0;0;0;0;0;0;0;0;2;0;0;0;0
"26/04/2016";"05:57:00";"11";"com vítima";"120";"BR-153/SP";"Norte";"Colisão Frontal";0;0;0;2;0;0;0;0;0;0;1;1;0;0;0
"26/04/2016";"10:48:00";"46";"sem vítima";"55";"BR-153/SP";"Norte";"Colisão Traseira";1;0;0;0;0;0;0;0;0;1;2;0;0;0;0
"26/04/2016";"11:32:00";"52";"com vítima";"23";"BR-153/SP";"Sul";"Engavetamento";1;0;2;0;0;0;0;0;0;0;2;1;0;0;0
"26/04/2016";"13:43:00";"57";"sem vítima";"62,3";"BR-153/SP";"Sul";"Engavetamento";5;0;0;0;0;0;0;0;0;2;11;0;0;0;0
"26/04/2016";"13:59:00";"60";"sem vítima";"61";"BR-153/SP";"Sul";"Engavetamento";3;0;0;0;0;0;0;0;0;0;3;0;0;0;0
"26/04/2016";"14:21:00";"62";"sem vítima";"62,1";"BR-153/SP";"Sul";"Colisão Traseira";2;0;0;0;0;0;0;0;0;0;2;0;0;0;0
"26/04/2016";"16:12:00";"70";"sem vítima";"265";"BR-153/SP";"Sul";"Saída de Pista";1;0;0;0;0;0;0;0;0;0;2;0;0;0;0
"26/04/2016";"16:21:00";"72";"com vítima";"60";"BR-153/SP";"Norte";"Colisão Lateral";0;0;0;1;0;1;0;0;0;0;1;1;0;0;0
"26/04/2016";"18:35:00";"81";"sem vítima";"63";"BR-153/SP";"Sul";"Engavetamento";3;0;0;0;0;0;0;0;0;0;3;0;0;0;0
"26/04/2016";"18:50:00";"83";"sem vítima";"289";"BR-153/SP";"Sul";"Colisão Traseira";1;0;0;0;0;0;0;0;0;1;4;0;0;0;0
"26/04/2016";"18:59:00";"84";"com vítima";"64";"BR-153/SP";"Norte";"Colisão Traseira";0;0;0;1;0;0;0;0;0;1;2;0;1;0;0
"28/04/2016";"04:37:00";"12";"sem vítima";"80,7";"BR-153/SP";"Norte";"Atropelamento - Animal";0;0;1;0;0;0;0;0;0;0;2;0;0;0;0
"28/04/2016";"07:42:00";"32";"sem vítima";"62";"BR-153/SP";"Sul";"Engavetamento";0;0;1;0;0;1;0;0;0;1;3;0;0;0;0
"28/04/2016";"07:58:00";"36";"sem vítima";"79,9";"BR-153/SP";"Norte";"Saída de Pista";1;0;0;0;0;0;0;0;0;0;3;0;0;0;0
"28/04/2016";"08:43:00";"54";"com vítima";"205,8";"BR-153/SP";"Norte";"Colisão Traseira";0;0;0;1;0;0;0;0;0;1;1;0;1;0;0
"28/04/2016";"18:44:00";"123";"sem vítima";"72";"BR-153/SP";"Sul";"Colisão Lateral";1;0;0;1;0;0;0;0;0;0;3;0;0;0;0
"29/04/2016";"12:13:00";"87";"com vítima";"258,9";"BR-153/SP";"Norte";"Tombamento de Moto";0;0;0;1;0;0;0;0;0;0;0;1;0;0;0
"29/04/2016";"14:15:00";"93";"sem vítima";"222";"BR-153/SP";"Norte";"Saída de Pista";1;0;0;0;0;0;0;0;0;0;1;0;0;0;0
"29/04/2016";"15:55:00";"106";"com vítima";"162,7";"BR-153/SP";"Norte";"Colisão Traseira";1;0;0;1;0;0;0;0;0;0;1;1;0;0;0
"29/04/2016";"16:17:00";"110";"sem vítima";"107,2";"BR-153/SP";"Norte";"Tombamento";0;0;1;0;0;0;0;0;0;0;1;0;0;0;0
"30/04/2016";"08:47:00";"27";"com vítima";"188,4";"BR-153/SP";"Norte";"Colisão Lateral";0;0;0;1;0;0;0;0;0;1;1;0;1;0;0
"30/04/2016";"11:46:00";"46";"sem vítima";"70";"BR-153/SP";"Norte";"Colisão Traseira";1;0;0;0;0;0;0;0;0;1;2;0;0;0;0
"30/04/2016";"19:46:00";"97";"sem vítima";"56";"BR-153/SP";"Norte";"Engavetamento";2;0;0;0;0;1;0;0;0;0;3;0;0;0;0
"01/05/2016";"03:33:00";"5";"com vítima";"174";"BR-153/SP";"Norte";"Tombamento de Moto";0;0;0;1;0;0;0;0;0;0;0;2;0;0;0
"02/05/2016";"15:53:00";"102";"sem vítima";"84,2";"BR-153/SP";"Norte";"Colisão Lateral";1;0;0;0;0;0;0;0;0;1;6;0;0;0;0
"02/05/2016";"16:33:00";"109";"sem vítima";"82";"BR-153/SP";"Sul";"Colisão Transversal";0;0;0;0;0;0;0;0;0;2;2;0;0;0;0
"02/05/2016";"18:27:00";"128";"sem vítima";"325";"BR-153/SP";"Norte";"Colisão Traseira";1;0;0;0;0;1;0;0;0;0;4;0;0;0;0
"03/05/2016";"08:33:00";"49";"com vítima";"56,8";"BR-153/SP";"Norte";"Colisão Frontal";2;0;0;1;0;0;0;0;0;0;5;0;0;0;1
"04/05/2016";"20:00:00";"107";"sem vítima";"268,1";"BR-153/SP";"Norte";"Choque na Praça - Cabine";0;0;1;0;0;0;0;0;0;0;1;0;0;0;0
"06/05/2016";"08:35:00";"25";"sem vítima";"53";"BR-153/SP";"Norte";"Colisão Transversal";1;0;1;0;0;0;0;0;0;0;2;0;0;0;0
"06/05/2016";"17:07:00";"89";"sem vítima";"59";"BR-153/SP";"Sul";"Tombamento de Moto";0;0;0;1;0;0;0;0;0;0;2;0;0;0;0
"06/05/2016";"19:25:00";"114";"sem vítima";"65";"BR-153/SP";"Norte";"Colisão Traseira";1;0;0;0;0;0;0;0;0;1;4;0;0;0;0
"07/05/2016";"04:24:00";"10";"com vítima";"54,6";"BR-153/SP";"Sul";"Colisão Frontal";3;0;0;0;0;0;0;0;0;0;3;2;0;0;0
"07/05/2016";"04:33:00";"12";"sem vítima";"72";"BR-153/SP";"Norte";"Saída de Pista";0;0;0;0;0;0;0;0;0;1;1;0;0;0;0
"07/05/2016";"08:57:00";"32";"sem vítima";"48,9";"BR-153/SP";"Norte";"Colisão Traseira";1;0;1;0;1;0;0;0;0;0;30;0;0;0;0
"08/05/2016";"06:31:00";"9";"sem vítima";"63";"BR-153/SP";"Norte";"Saída de Pista";1;0;0;0;0;0;0;0;0;0;1;0;0;0;0
"08/05/2016";"12:04:00";"38";"com vítima";"226";"BR-153/SP";"Norte";"Colisão Frontal";1;0;1;0;0;0;0;0;0;0;1;0;0;0;1
"08/05/2016";"15:09:00";"57";"com vítima";"60";"BR-153/SP";"Norte";"Tombamento de Moto";0;0;0;1;0;0;0;0;0;0;0;1;0;0;0
"09/05/2016";"04:38:00";"15";"sem vítima";"170,4";"BR-153/SP";"Sul";"Colisão Lateral";1;0;1;0;0;0;0;0;0;0;2;0;0;0;0
"10/05/2016";"04:50:00";"6";"sem vítima";"31";"BR-153/SP";"Sul";"Colisão Transversal";1;0;0;0;0;0;0;0;0;1;5;0;0;0;0
"10/05/2016";"07:37:00";"16";"sem vítima";"56";"BR-153/SP";"Norte";"Colisão Traseira";1;0;1;0;0;0;0;0;0;0;4;0;0;0;0
"10/05/2016";"08:52:00";"29";"sem vítima";"338";"BR-153/SP";"Sul";"Saída de Pista";1;0;0;0;0;0;0;0;0;0;1;0;0;0;0
"10/05/2016";"10:51:00";"48";"sem vítima";"120";"BR-153/SP";"Norte";"Colisão Traseira";1;0;1;0;0;0;0;0;0;0;2;0;0;0;0
"11/05/2016";"08:06:00";"21";"sem vítima";"64";"BR-153/SP";"Sul";"Colisão Traseira";2;0;0;0;0;0;0;0;0;0;3;0;0;0;0
"11/05/2016";"09:12:00";"34";"com vítima";"39";"BR-153/SP";"Sul";"Colisão Traseira";1;0;0;1;0;0;0;0;0;0;2;1;1;0;0
"12/05/2016";"07:58:00";"26";"com vítima";"73";"BR-153/SP";"Norte";"Engavetamento";3;0;0;0;0;0;0;0;0;0;5;1;0;0;0
"12/05/2016";"18:42:00";"99";"sem vítima";"63";"BR-153/SP";"Norte";"Engavetamento";3;0;0;0;0;0;0;0;0;0;5;0;0;0;0
"12/05/2016";"19:23:00";"102";"com vítima";"57,9";"BR-153/SP";"Norte";"Choque contra objeto na faixa de rolamento";0;0;0;1;0;0;0;0;0;0;0;1;0;0;0
"13/05/2016";"08:24:00";"24";"sem vítima";"71";"BR-153/SP";"Sul";"Colisão Traseira";0;0;1;0;0;1;0;0;0;0;4;0;0;0;0
"13/05/2016";"16:18:00";"75";"sem vítima";"63,7";"BR-153/SP";"Norte";"Colisão Traseira";1;0;0;0;0;0;0;0;0;1;2;0;0;0;0
"14/05/2016";"08:00:00";"17";"sem vítima";"8,3";"BR-153/SP";"Norte";"Saída de Pista";1;0;0;0;0;0;0;0;0;0;1;0;0;0;0
"15/05/2016";"02:26:00";"5";"com vítima";"330";"BR-153/SP";"Sul";"Colisão Traseira";1;0;0;0;0;0;0;0;0;1;1;1;1;0;0
"16/05/2016";"07:03:00";"16";"sem vítima";"63";"BR-153/SP";"Norte";"Colisão Traseira";2;0;0;0;0;0;0;0;0;0;2;0;0;0;0
"16/05/2016";"10:41:00";"54";"com vítima";"74,6";"BR-153/SP";"Sul";"Colisão Lateral";1;0;0;1;0;0;0;0;0;0;1;1;0;0;0
"17/05/2016";"00:20:00";"2";"sem vítima";"55";"BR-153/SP";"Norte";"Choque contra objeto na faixa de rolamento";1;0;0;0;0;1;0;0;0;1;4;0;0;0;0
"17/05/2016";"07:35:00";"14";"com vítima";"162";"BR-153/SP";"Norte";"Colisão Transversal";2;0;0;0;0;0;0;0;0;0;1;2;0;0;0
"17/05/2016";"19:08:00";"114";"sem vítima";"32";"BR-153/SP";"Sul";"Colisão Traseira";1;0;0;0;0;0;0;0;0;1;7;0;0;0;0
"19/05/2016";"03:20:00";"9";"com vítima";"70";"BR-153/SP";"Sul";"Capotamento";0;0;0;0;0;1;0;0;0;1;1;1;0;0;0
"19/05/2016";"08:33:00";"43";"sem vítima";"338";"BR-153/SP";"Norte";"Saída de Pista";1;0;0;0;0;0;0;0;0;0;1;0;0;0;0
"19/05/2016";"09:55:00";"61";"sem vítima";"58,75";"BR-153/SP";"Norte";"Colisão Transversal";2;0;0;0;0;0;0;0;0;0;2;0;0;0;0
"19/05/2016";"18:20:00";"136";"com vítima";"333,6";"BR-153/SP";"Sul";"Colisão Frontal";2;0;1;0;0;0;0;0;0;0;2;0;1;0;1
"19/05/2016";"18:47:00";"139";"com vítima";"71";"BR-153/SP";"Sul";"Engavetamento";2;0;0;0;0;0;0;0;0;1;5;1;0;0;0
"19/05/2016";"21:42:00";"156";"com vítima";"58";"BR-153/SP";"Norte";"Colisão Transversal";1;0;0;1;0;0;0;0;0;0;3;1;1;0;0
"19/05/2016";"23:59:00";"165";"com vítima";"117";"BR-153/SP";"Norte";"Atropelamento - Animal";0;0;0;0;0;0;0;0;0;1;0;0;1;1;0
"20/05/2016";"05:44:00";"13";"sem vítima";"82";"BR-153/SP";"Norte";"Colisão Traseira";0;0;0;0;0;1;0;0;0;1;2;0;0;0;0
"20/05/2016";"07:28:00";"18";"sem vítima";"51";"BR-153/SP";"Norte";"Colisão Lateral";2;0;0;0;1;0;0;0;0;0;3;0;0;0;0
"20/05/2016";"07:47:00";"22";"com vítima";"58,3";"BR-153/SP";"Norte";"Tombamento de Moto";0;0;1;1;0;0;0;0;0;0;1;2;0;0;0
"20/05/2016";"14:00:00";"100";"sem vítima";"87";"BR-153/SP";"Sul";"Saída de Pista";0;0;1;0;0;0;0;0;0;0;2;0;0;0;0
"20/05/2016";"17:34:00";"143";"com vítima";"113,3";"BR-153/SP";"Sul";"Choque contra objeto na faixa de rolamento";1;0;0;0;0;0;0;0;0;0;1;1;0;0;0
"20/05/2016";"19:17:00";"153";"sem vítima";"103,5";"BR-153/SP";"Sul";"Colisão Traseira";2;0;0;0;0;0;0;0;0;0;3;0;0;0;0
"21/05/2016";"02:35:00";"6";"com vítima";"323";"BR-153/SP";"Norte";"Saída de Pista";1;0;0;0;0;0;0;0;0;0;0;1;0;0;0
"21/05/2016";"03:38:00";"7";"sem vítima";"64";"BR-153/SP";"Sul";"Saída de Pista";1;0;0;0;0;0;0;0;0;0;1;0;0;0;0
"21/05/2016";"23:49:00";"107";"com vítima";"74";"BR-153/SP";"Sul";"Colisão Frontal";2;0;0;0;0;0;0;0;0;0;1;2;0;0;0
"23/05/2016";"12:38:00";"68";"com vítima";"57";"BR-153/SP";"Norte";"Tombamento de Moto";0;0;0;1;0;0;0;0;0;0;1;1;0;0;0
"23/05/2016";"16:14:00";"95";"sem vítima";"70,3";"BR-153/SP";"Norte";"Colisão Traseira";1;0;0;0;0;0;0;0;0;1;3;0;0;0;0
"23/05/2016";"18:34:00";"116";"sem vítima";"59,2";"BR-153/SP";"Norte";"Colisão Traseira";2;0;0;0;0;0;0;0;0;0;2;0;0;0;0
"24/05/2016";"10:53:00";"46";"sem vítima";"195,1";"BR-153/SP";"Sul";"Colisão Lateral";0;0;0;0;1;0;0;0;0;1;6;0;0;0;0
"24/05/2016";"14:05:00";"64";"com vítima";"36";"BR-153/SP";"Norte";"Saída de Pista";0;0;0;1;0;0;0;0;0;0;1;1;0;0;0
"25/05/2016";"06:40:00";"12";"com vítima";"58";"BR-153/SP";"Norte";"Colisão Transversal";0;0;0;1;0;0;0;0;0;1;1;1;0;0;0
"25/05/2016";"07:31:00";"17";"com vítima";"62";"BR-153/SP";"Sul";"Engavetamento";4;0;0;0;0;0;0;0;0;0;2;3;0;0;0
"25/05/2016";"16:58:00";"107";"sem vítima";"62";"BR-153/SP";"Norte";"Colisão Traseira";1;0;0;0;0;0;0;0;0;1;2;0;0;0;0
"25/05/2016";"17:53:00";"120";"com vítima";"114";"BR-153/SP";"Norte";"Colisão Frontal";1;0;1;0;0;0;0;0;0;0;1;0;0;1;0
"25/05/2016";"18:15:00";"121";"sem vítima";"62";"BR-153/SP";"Norte";"Colisão Traseira";1;0;0;0;0;0;0;0;0;1;2;0;0;0;0
"26/05/2016";"21:37:00";"92";"com vítima";"184";"BR-153/SP";"Sul";"Colisão Traseira";1;0;0;0;0;1;0;0;0;0;1;1;1;0;0
"27/05/2016";"04:32:00";"11";"com vítima";"14,8";"BR-153/SP";"Sul";"Saída de Pista";1;0;0;0;0;0;0;0;0;0;0;0;0;0;1
"28/05/2016";"02:06:00";"3";"sem vítima";"71";"BR-153/SP";"Norte";"Saída de Pista";1;0;0;0;0;0;0;0;0;0;2;0;0;0;0
"28/05/2016";"03:58:00";"5";"com vítima";"2,5";"BR-153/SP";"Sul";"Saída de Pista";0;0;0;0;0;0;0;0;0;1;0;1;0;0;0
"28/05/2016";"10:47:00";"41";"sem vítima";"46";"BR-153/SP";"Sul";"Saída de Pista";1;0;0;0;0;0;0;0;0;0;1;0;0;0;0
"28/05/2016";"22:35:00";"88";"com vítima";"97";"BR-153/SP";"Norte";"Saída de Pista";1;0;0;0;0;0;0;0;0;0;1;1;0;0;0
"29/05/2016";"09:38:00";"14";"sem vítima";"67,8";"BR-153/SP";"Norte";"Colisão Traseira";1;0;1;0;0;1;0;0;0;0;3;0;0;0;0
"29/05/2016";"18:12:00";"63";"sem vítima";"71";"BR-153/SP";"Norte";"Engavetamento";3;0;0;0;0;0;0;0;0;1;11;0;0;0;0
"29/05/2016";"20:02:00";"71";"sem vítima";"56";"BR-153/SP";"Sul";"Choque contra Objeto Fixo";1;0;0;0;0;0;0;0;0;0;1;0;0;0;0
"30/05/2016";"15:48:00";"82";"com vítima";"321";"BR-153/SP";"Norte";"Colisão Transversal";0;0;0;0;0;0;0;0;0;2;4;1;0;0;0
"30/05/2016";"17:53:00";"99";"sem vítima";"169";"BR-153/SP";"Sul";"Atropelamento - Animal";0;0;0;0;0;0;0;0;0;1;1;0;0;0;0
"30/05/2016";"20:55:00";"116";"sem vítima";"102,4";"BR-153/SP";"Norte";"Colisão Transversal";2;0;0;0;0;0;0;0;0;0;5;0;0;0;0
"31/05/2016";"08:28:00";"29";"com vítima";"62";"BR-153/SP";"Sul";"Engavetamento";4;0;0;0;0;0;0;0;0;1;5;1;0;0;0
"31/05/2016";"09:56:00";"47";"com vítima";"77,1";"BR-153/SP";"Sul";"Choque contra veículo no acostamento";2;0;0;0;0;0;0;0;0;0;0;2;1;0;0
"31/05/2016";"22:16:00";"124";"com vítima";"57,6";"BR-153/SP";"Norte";"Tombamento";0;0;1;0;0;0;0;0;0;0;0;0;1;0;0
"01/06/2016";"03:23:00";"7";"sem vítima";"72";"BR-153/SP";"Norte";"Saída de Pista";0;0;0;0;0;0;0;0;0;1;1;0;0;0;0
"01/06/2016";"07:30:00";"20";"sem vítima";"55";"BR-153/SP";"Norte";"Engavetamento";2;0;0;0;0;1;0;0;0;0;3;0;0;0;0
"01/06/2016";"11:57:00";"97";"sem vítima";"48";"BR-153/SP";"Sul";"Colisão Traseira";1;0;0;0;0;1;0;0;0;0;3;0;0;0;0
"01/06/2016";"22:39:00";"173";"sem vítima";"75";"BR-153/SP";"Norte";"Saída de Pista";1;0;0;0;0;0;0;0;0;0;1;0;0;0;0
"01/06/2016";"23:23:00";"176";"com vítima";"15";"BR-153/SP";"Sul";"Saída de Pista";0;0;1;0;0;0;0;0;0;0;0;1;0;0;0
"02/06/2016";"07:32:00";"10";"sem vítima";"64";"BR-153/SP";"Sul";"Colisão Traseira";2;0;1;0;0;0;0;0;0;0;3;0;0;0;0
"02/06/2016";"17:50:00";"85";"sem vítima";"62";"BR-153/SP";"Norte";"Engavetamento";2;0;0;0;0;0;0;0;0;2;4;0;0;0;0
"03/06/2016";"07:35:00";"9";"com vítima";"195";"BR-153/SP";"Norte";"Colisão Transversal";2;0;0;0;0;0;0;0;0;0;1;1;0;0;0
"03/06/2016";"08:54:00";"25";"sem vítima";"30";"BR-153/SP";"Sul";"Colisão Lateral";1;0;0;1;0;0;0;0;0;0;3;0;0;0;0
"03/06/2016";"12:53:00";"64";"sem vítima";"62";"BR-153/SP";"Sul";"Colisão Traseira";1;0;0;0;0;0;0;0;0;1;2;0;0;0;0
"04/06/2016";"11:55:00";"50";"com vítima";"56";"BR-153/SP";"Norte";"Colisão Traseira";0;0;0;1;0;0;0;0;0;1;2;1;0;0;0
"04/06/2016";"18:21:00";"101";"sem vítima";"61";"BR-153/SP";"Norte";"Colisão Traseira";1;0;0;0;0;0;0;0;0;1;5;0;0;0;0
"06/06/2016";"19:43:00";"117";"sem vítima";"72";"BR-153/SP";"Sul";"Colisão Transversal";1;0;1;0;0;0;0;0;0;0;3;0;0;0;0
"07/06/2016";"07:20:00";"18";"sem vítima";"62";"BR-153/SP";"Sul";"Colisão Traseira";1;0;0;0;0;0;0;0;0;1;5;0;0;0;0
"07/06/2016";"12:27:00";"63";"sem vítima";"60";"BR-153/SP";"Sul";"Colisão Lateral";1;0;0;0;0;1;0;0;0;0;2;0;0;0;0
"08/06/2016";"18:31:00";"124";"sem vítima";"61";"BR-153/SP";"Norte";"Colisão Lateral";1;0;1;0;0;0;0;0;0;0;2;0;0;0;0
"09/06/2016";"09:12:00";"40";"sem vítima";"182";"BR-153/SP";"Sul";"Colisão Transversal";0;0;0;1;0;1;0;0;0;0;2;0;0;0;0
"09/06/2016";"11:42:00";"66";"com vítima";"39,5";"BR-153/SP";"Sul";"Colisão Transversal";1;0;0;0;0;0;0;0;0;1;3;0;1;0;0
"09/06/2016";"18:26:00";"120";"com vítima";"63";"BR-153/SP";"Norte";"Colisão Traseira";0;0;0;1;0;0;0;0;0;1;1;0;1;0;0
"09/06/2016";"18:42:00";"122";"sem vítima";"63";"BR-153/SP";"Sul";"Engavetamento";2;0;0;0;0;0;0;0;0;1;3;0;0;0;0
"10/06/2016";"13:47:00";"82";"com vítima";"62";"BR-153/SP";"Sul";"Engavetamento";2;0;1;0;0;0;0;0;0;1;3;2;0;0;0
"10/06/2016";"16:53:00";"104";"sem vítima";"132,5";"BR-153/SP";"Sul";"Saída de Pista";1;0;0;0;0;0;0;0;0;1;2;0;0;0;0
"10/06/2016";"18:29:00";"113";"sem vítima";"62";"BR-153/SP";"Sul";"Engavetamento";3;0;0;0;0;0;0;0;0;2;7;0;0;0;0
"10/06/2016";"18:44:00";"119";"sem vítima";"21";"BR-153/SP";"Norte";"Colisão Traseira";2;0;0;0;0;0;0;0;0;0;9;0;0;0;0
"10/06/2016";"18:50:00";"121";"sem vítima";"64";"BR-153/SP";"Norte";"Engavetamento";2;0;0;0;0;0;0;0;0;1;4;0;0;0;0
"11/06/2016";"05:20:00";"20";"sem vítima";"110";"BR-153/SP";"Sul";"Colisão Lateral";1;0;0;0;0;1;0;0;0;0;3;0;0;0;0