data;horario;n_da_ocorrencia;tipo_de_ocorrencia;km;trecho;sentido;tipo_de_acidente;automovel;bicicleta;caminhao;moto;onibus;outros;tracao_animal;transporte_de_cargas_especiais;trator_maquinas;utilitarios;ilesos;levemente_feridos;moderadamente_feridos;gravemente_feridos;mortos
"11/06/2016";"10:41:00";"70";"com vítima";"73";"BR-153/SP";"Sul";"Colisão Traseira";0;0;1;1;0;0;0;0;0;0;1;1;0;0;0
"11/06/2016";"12:23:00";"80";"com vítima";"59";"BR-153/SP";"Sul";"Colisão Transversal";1;0;0;1;0;0;0;0;0;0;2;1;0;0;0
"11/06/2016";"22:34:00";"138";"sem vítima";"149";"BR-153/SP";"Norte";"Saída de Pista";1;0;0;0;0;0;0;0;0;0;1;0;0;0;0
"12/06/2016";"06:31:00";"20";"sem vítima";"294,9";"BR-153/SP";"Sul";"Tombamento";0;0;1;0;0;0;0;0;0;0;1;0;0;0;0
"12/06/2016";"19:07:00";"120";"com vítima";"61,9";"BR-153/SP";"Sul";"Tombamento de Moto";0;0;0;1;0;0;0;0;0;0;0;1;1;0;0
"12/06/2016";"19:41:00";"122";"com vítima";"286";"BR-153/SP";"Norte";"Colisão Lateral";2;0;0;0;0;0;0;0;0;0;5;1;0;1;0
"12/06/2016";"21:29:00";"126";"sem vítima";"35,8";"BR-153/SP";"Sul";"Tombamento de Moto";0;0;0;1;0;0;0;0;0;0;1;0;0;0;0
"14/06/2016";"08:18:00";"33";"com vítima";"52";"BR-153/SP";"Norte";"Tombamento de Moto";0;0;0;1;0;0;0;0;0;0;0;1;0;0;0
"15/06/2016";"07:13:00";"29";"com vítima";"62";"BR-153/SP";"Sul";"Engavetamento";3;0;0;0;0;1;0;0;0;0;4;1;0;0;0
"15/06/2016";"07:27:00";"31";"com vítima";"87,5";"BR-153/SP";"Norte";"Colisão Traseira";0;0;1;1;0;0;0;0;0;0;1;0;0;0;1
"16/06/2016";"01:16:00";"7";"com vítima";"63,8";"BR-153/SP";"Sul";"Colisão Traseira";1;0;1;0;0;0;0;0;0;0;1;0;1;0;0
"17/06/2016";"11:28:00";"60";"sem vítima";"121";"BR-153/SP";"Sul";"Colisão Traseira";0;0;1;0;0;1;0;0;0;0;2;0;0;0;0
"17/06/2016";"12:31:00";"72";"com vítima";"121,5";"BR-153/SP";"Sul";"Colisão Traseira";1;0;1;0;0;0;0;0;0;0;1;2;0;0;0
"17/06/2016";"18:14:00";"113";"com vítima";"308,4";"BR-153/SP";"Sul";"Saída de Pista";0;0;1;0;0;0;0;0;0;0;0;0;1;0;0
"18/06/2016";"07:25:00";"20";"sem vítima";"325,7";"BR-153/SP";"Norte";"Saída de Pista";0;0;0;0;0;0;0;0;0;1;1;0;0;0;0
"18/06/2016";"08:32:00";"33";"sem vítima";"176";"BR-153/SP";"Sul";"Colisão Traseira";0;0;1;0;0;1;0;0;0;0;2;0;0;0;0
"18/06/2016";"22:39:00";"142";"sem vítima";"64";"BR-153/SP";"Sul";"Saída de Pista";1;0;0;0;0;0;0;0;0;0;2;0;0;0;0
"19/06/2016";"03:46:00";"8";"com vítima";"117,5";"BR-153/SP";"Norte";"Colisão Traseira";1;0;0;0;0;0;0;0;0;1;1;0;1;0;4
"19/06/2016";"07:37:00";"20";"sem vítima";"159";"BR-153/SP";"Norte";"Saída de Pista";0;0;0;0;0;0;0;0;0;1;2;0;0;0;0
"19/06/2016";"19:10:00";"102";"sem vítima";"27";"BR-153/SP";"Sul";"Colisão Traseira";1;0;0;0;0;1;0;0;0;0;5;0;0;0;0
"20/06/2016";"06:31:00";"4";"com vítima";"8";"BR-153/SP";"Sul";"Saída de Pista";1;0;0;0;0;0;0;0;0;0;3;0;2;0;0
"20/06/2016";"07:09:00";"7";"sem vítima";"261";"BR-153/SP";"Norte";"Colisão Traseira";1;0;0;0;0;0;0;0;0;1;3;0;0;0;0
"21/06/2016";"09:18:00";"39";"sem vítima";"62";"BR-153/SP";"Sul";"Colisão Traseira";2;0;0;0;0;0;0;0;0;0;3;0;0;0;0
"21/06/2016";"13:23:00";"75";"sem vítima";"61,5";"BR-153/SP";"Sul";"Colisão Traseira";1;0;0;1;0;0;0;0;0;0;2;0;0;0;0
"22/06/2016";"03:59:00";"5";"com vítima";"29,3";"BR-153/SP";"Sul";"Saída de Pista";0;0;1;0;0;0;0;0;0;0;0;0;0;0;1
"22/06/2016";"08:58:00";"29";"com vítima";"58";"BR-153/SP";"Sul";"Colisão Transversal";1;0;1;0;0;0;0;0;0;0;1;1;0;0;0
"22/06/2016";"11:10:00";"52";"sem vítima";"201,4";"BR-153/SP";"Norte";"Colisão Traseira";0;0;2;0;0;0;0;0;0;0;2;0;0;0;0
"22/06/2016";"16:44:00";"84";"sem vítima";"183";"BR-153/SP";"Sul";"Colisão Traseira";2;0;0;0;0;0;0;0;0;0;8;0;0;0;0
"22/06/2016";"17:07:00";"87";"com vítima";"61,5";"BR-153/SP";"Norte";"Colisão Traseira";0;0;1;1;0;0;0;0;0;0;2;1;0;0;0
"22/06/2016";"17:18:00";"88";"com vítima";"62,8";"BR-153/SP";"Norte";"Engavetamento";2;0;0;1;0;0;0;0;0;2;4;0;1;0;0
"22/06/2016";"17:29:00";"91";"com vítima";"64,5";"BR-153/SP";"Norte";"Engavetamento";1;0;0;1;0;1;0;0;0;0;2;1;0;0;0
"22/06/2016";"17:31:00";"92";"sem vítima";"62,5";"BR-153/SP";"Sul";"Engavetamento";3;0;0;0;0;0;0;0;0;0;3;0;0;0;0
"22/06/2016";"22:01:00";"122";"com vítima";"39";"BR-153/SP";"Norte";"Colisão Transversal";0;0;0;1;0;0;0;0;0;1;1;1;0;1;0
"23/06/2016";"02:18:00";"7";"sem vítima";"308,5";"BR-153/SP";"Sul";"Atropelamento - Animal";0;0;1;0;0;0;0;0;0;0;1;0;0;0;0
"23/06/2016";"07:43:00";"18";"sem vítima";"75,9";"BR-153/SP";"Norte";"Colisão Traseira";1;0;0;0;0;0;0;0;0;1;2;0;0;0;0
"23/06/2016";"15:55:00";"70";"com vítima";"52";"BR-153/SP";"Sul";"Tombamento de Moto";0;0;0;1;0;0;0;0;0;0;0;1;0;0;0
"23/06/2016";"16:30:00";"73";"com vítima";"38,9";"BR-153/SP";"Sul";"Tombamento de Moto";0;0;0;1;0;0;0;0;0;0;1;1;0;0;0
"24/06/2016";"18:37:00";"106";"sem vítima";"55";"BR-153/SP";"Norte";"Colisão Lateral";0;0;1;1;0;0;0;0;0;0;3;0;0;0;0
"24/06/2016";"18:58:00";"107";"com vítima";"48,2";"BR-153/SP";"Sul";"Tombamento de Moto";0;0;0;1;0;0;0;0;0;0;1;1;0;0;0
"24/06/2016";"22:54:00";"121";"com vítima";"64,5";"BR-153/SP";"Norte";"Atropelamento - Pedestre";1;0;0;0;0;0;0;0;0;0;1;0;0;1;0
"25/06/2016";"00:19:00";"1";"com vítima";"47";"BR-153/SP";"Sul";"Colisão Transversal";0;0;0;0;1;0;0;0;0;1;3;7;2;0;0
"25/06/2016";"03:13:00";"3";"com vítima";"38,8";"BR-153/SP";"Norte";"Capotamento";1;0;0;0;0;0;0;0;0;0;2;2;0;0;0
"26/06/2016";"05:03:00";"10";"sem vítima";"217,5";"BR-153/SP";"Sul";"Colisão Lateral";0;0;1;0;0;1;0;0;0;0;2;0;0;0;0
"26/06/2016";"13:49:00";"56";"com vítima";"62";"BR-153/SP";"Norte";"Colisão Traseira";2;0;0;0;0;0;0;0;0;0;1;1;0;0;0
"26/06/2016";"14:02:00";"59";"sem vítima";"64";"BR-153/SP";"Norte";"Colisão Lateral";0;0;2;0;0;0;0;0;0;0;2;0;0;0;0
"26/06/2016";"15:40:00";"69";"sem vítima";"32,9";"BR-153/SP";"Norte";"Saída de Pista";2;0;0;0;0;1;0;0;0;0;3;0;0;0;0
"26/06/2016";"18:22:00";"82";"sem vítima";"35";"BR-153/SP";"Sul";"Colisão Traseira";1;0;0;0;0;0;0;0;0;1;6;0;0;0;0
"27/06/2016";"06:24:00";"4";"com vítima";"60,2";"BR-153/SP";"Norte";"Colisão Traseira";0;0;1;0;0;0;0;0;0;1;1;1;0;0;0
"27/06/2016";"08:01:00";"11";"sem vítima";"83";"BR-153/SP";"Norte";"Tombamento";0;0;1;0;0;0;0;0;0;0;1;0;0;0;0
"28/06/2016";"08:10:00";"14";"sem vítima";"62,8";"BR-153/SP";"Sul";"Colisão Traseira";1;0;0;0;0;1;0;0;0;0;2;0;0;0;0
"28/06/2016";"08:25:00";"16";"com vítima";"61,98";"BR-153/SP";"Sul";"Engavetamento";1;0;1;0;0;0;0;0;0;1;3;1;0;0;0
"28/06/2016";"08:57:00";"27";"sem vítima";"61,8";"BR-153/SP";"Norte";"Colisão Traseira";1;0;0;1;0;0;0;0;0;0;2;0;0;0;0
"28/06/2016";"09:23:00";"36";"sem vítima";"61,9";"BR-153/SP";"Norte";"Colisão Traseira";1;0;0;1;0;0;0;0;0;0;2;0;0;0;0
"29/06/2016";"13:58:00";"63";"sem vítima";"26,2";"BR-153/SP";"Norte";"Saída de Pista";1;0;0;0;0;0;0;0;0;0;1;0;0;0;0
"30/06/2016";"09:29:00";"36";"com vítima";"338,5";"BR-153/SP";"Norte";"Colisão Traseira";1;0;1;0;0;0;0;0;0;0;1;0;1;0;0
"30/06/2016";"20:05:00";"112";"com vítima";"64";"BR-153/SP";"Norte";"Colisão Lateral";1;0;0;1;0;0;0;0;0;0;2;2;0;0;0
"01/07/2016";"05:13:00";"8";"com vítima";"63";"BR-153/SP";"Sul";"Colisão Lateral";1;0;0;0;0;1;0;0;0;0;3;1;0;0;0
"01/07/2016";"11:18:00";"49";"sem vítima";"108";"BR-153/SP";"Sul";"Colisão Lateral";1;0;0;0;0;1;0;0;0;0;2;0;0;0;0
"01/07/2016";"11:21:00";"50";"sem vítima";"108";"BR-153/SP";"Norte";"Colisão Traseira";0;0;1;1;0;0;0;0;0;0;2;0;0;0;0
"01/07/2016";"19:37:00";"99";"com vítima";"217";"BR-153/SP";"Sul";"Colisão Traseira";0;0;1;0;0;0;0;0;0;1;1;1;0;0;0
"01/07/2016";"20:16:00";"104";"com vítima";"45";"BR-153/SP";"Norte";"Colisão Transversal";0;0;0;1;0;1;0;0;0;0;1;1;0;0;0
"02/07/2016";"00:10:00";"1";"sem vítima";"61";"BR-153/SP";"Norte";"Capotamento";1;0;0;0;0;0;0;0;0;0;2;0;0;0;0
"02/07/2016";"06:10:00";"7";"sem vítima";"63";"BR-153/SP";"Norte";"Saída de Pista";1;0;0;0;0;0;0;0;0;0;1;0;0;0;0
"02/07/2016";"15:02:00";"80";"com vítima";"164,5";"BR-153/SP";"Norte";"Colisão Lateral";2;0;0;0;0;0;0;0;0;0;3;1;0;0;0
"02/07/2016";"22:37:00";"111";"com vítima";"217,5";"BR-153/SP";"Sul";"Colisão Transversal";1;0;0;1;0;0;0;0;0;0;1;1;0;0;0
"02/07/2016";"23:43:00";"117";"com vítima";"76,1";"BR-153/SP";"Sul";"Tombamento de Moto";0;0;0;1;0;0;0;0;0;0;0;0;0;0;1
"03/07/2016";"03:49:00";"6";"sem vítima";"61";"BR-153/SP";"Norte";"Saída de Pista";1;0;0;0;0;0;0;0;0;0;1;0;0;0;0
"03/07/2016";"05:20:00";"7";"sem vítima";"51";"BR-153/SP";"Norte";"Saída de Pista";0;0;1;0;0;0;0;0;0;0;2;0;0;0;0
"03/07/2016";"06:32:00";"11";"sem vítima";"103,7";"BR-153/SP";"Norte";"Saída de Pista";1;0;0;0;0;0;0;0;0;0;2;0;0;0;0
"04/07/2016";"11:02:00";"53";"com vítima";"58";"BR-153/SP";"Norte";"Colisão Transversal";1;0;0;1;0;0;0;0;0;0;2;1;0;0;0
"04/07/2016";"13:17:00";"66";"sem vítima";"330";"BR-153/SP";"Sul";"Colisão Traseira";0;0;0;1;0;1;0;0;0;0;2;0;0;0;0
"05/07/2016";"16:54:00";"87";"sem vítima";"66";"BR-153/SP";"Norte";"Colisão Lateral";1;0;1;0;0;0;0;0;0;0;2;0;0;0;0
"06/07/2016";"13:38:00";"86";"sem vítima";"63,2";"BR-153/SP";"Sul";"Colisão Traseira";1;0;1;0;0;0;0;0;0;0;5;0;0;0;0
"06/07/2016";"21:27:00";"139";"sem vítima";"339";"BR-153/SP";"Sul";"Colisão Traseira";0;0;2;0;0;0;0;0;0;0;2;0;0;0;0
"07/07/2016";"11:51:00";"61";"com vítima";"256,9";"BR-153/SP";"Norte";"Atropelamento - Pedestre";0;0;0;1;0;0;0;0;0;0;1;2;0;0;0
"07/07/2016";"22:52:00";"116";"com vítima";"61";"BR-153/SP";"Norte";"Tombamento de Moto";0;0;0;1;0;0;0;0;0;0;0;1;0;0;0
"08/07/2016";"13:29:00";"75";"sem vítima";"216,8";"BR-153/SP";"Norte";"Colisão Traseira";1;0;0;0;0;0;0;0;0;1;3;0;0;0;0
"08/07/2016";"17:51:00";"106";"sem vítima";"62";"BR-153/SP";"Sul";"Engavetamento";2;0;0;0;0;0;0;0;0;1;5;0;0;0;0
"08/07/2016";"19:17:00";"115";"sem vítima";"159";"BR-153/SP";"Sul";"Atropelamento - Animal";1;0;0;0;0;0;0;0;0;0;1;0;0;0;0
"08/07/2016";"19:41:00";"120";"sem vítima";"73";"BR-153/SP";"Sul";"Engavetamento";3;0;0;0;0;0;0;0;0;0;6;0;0;0;0
"08/07/2016";"20:28:00";"126";"sem vítima";"72";"BR-153/SP";"Sul";"Colisão Traseira";1;0;0;0;0;1;0;0;0;0;3;0;0;0;0
"09/07/2016";"10:39:00";"42";"sem vítima";"131";"BR-153/SP";"Norte";"Colisão Traseira";1;0;0;0;0;0;0;0;0;1;4;0;0;0;0
"09/07/2016";"12:47:00";"55";"sem vítima";"55";"BR-153/SP";"Norte";"Colisão Traseira";2;0;0;0;0;0;0;0;0;0;3;0;0;0;0
"09/07/2016";"19:17:00";"98";"sem vítima";"56,1";"BR-153/SP";"Sul";"Colisão Lateral";0;0;0;1;0;1;0;0;0;0;2;0;0;0;0
"10/07/2016";"15:28:00";"69";"sem vítima";"62";"BR-153/SP";"Sul";"Colisão Traseira";3;0;0;0;0;0;0;0;0;0;6;0;0;0;0
"10/07/2016";"16:02:00";"77";"sem vítima";"26,5";"BR-153/SP";"Sul";"Colisão Traseira";1;0;0;0;0;0;0;0;0;1;3;0;0;0;0
"11/07/2016";"14:28:00";"82";"sem vítima";"213";"BR-153/SP";"Norte";"Colisão Traseira";1;0;0;0;0;0;0;0;0;1;5;0;0;0;0
"11/07/2016";"17:39:00";"118";"sem vítima";"60";"BR-153/SP";"Sul";"Colisão Traseira";0;0;0;1;0;1;0;0;0;0;3;0;0;0;0
"11/07/2016";"18:11:00";"121";"com vítima";"177";"BR-153/SP";"Norte";"Colisão Transversal";1;0;0;1;0;0;0;0;0;0;2;1;0;0;0
"11/07/2016";"19:01:00";"129";"sem vítima";"18";"BR-153/SP";"Sul";"Colisão Transversal";1;0;1;0;0;0;0;0;0;0;2;0;0;0;0
"12/07/2016";"07:58:00";"27";"com vítima";"63";"BR-153/SP";"Sul";"Colisão Traseira";1;0;0;1;0;0;0;0;0;0;1;1;0;0;0
"12/07/2016";"12:49:00";"73";"sem vítima";"64";"BR-153/SP";"Norte";"Colisão Lateral";1;0;1;0;0;0;0;0;0;0;2;0;0;0;0
"12/07/2016";"15:37:00";"100";"com vítima";"65,4";"BR-153/SP";"Norte";"Colisão Lateral";1;0;2;0;0;0;0;0;0;1;3;1;0;0;0
"12/07/2016";"15:58:00";"101";"com vítima";"58";"BR-153/SP";"Norte";"Colisão Transversal";0;0;1;1;0;0;0;0;0;0;1;1;0;0;0
"13/07/2016";"09:37:00";"29";"com vítima";"65,7";"BR-153/SP";"Sul";"Colisão Lateral";0;0;2;0;0;0;0;0;0;0;3;1;0;0;0
"13/07/2016";"10:21:00";"35";"sem vítima";"256,8";"BR-153/SP";"Norte";"Colisão Lateral";0;0;1;0;0;0;0;0;0;1;2;0;0;0;0
"13/07/2016";"10:59:00";"40";"com vítima";"58";"BR-153/SP";"Norte";"Colisão Transversal";2;0;0;0;0;0;0;0;0;0;3;1;0;0;0
"13/07/2016";"11:05:00";"41";"com vítima";"200";"BR-153/SP";"Sul";"Colisão Lateral";1;0;1;0;0;0;0;0;0;0;1;0;2;0;0
"13/07/2016";"14:04:00";"60";"sem vítima";"59,2";"BR-153/SP";"Sul";"Colisão Traseira";2;0;0;0;0;0;0;0;0;0;4;0;0;0;0
"13/07/2016";"18:02:00";"86";"com vítima";"39";"BR-153/SP";"Norte";"Colisão Transversal";1;0;1;0;0;0;0;0;0;0;3;1;0;0;0
"14/07/2016";"12:05:00";"66";"com vítima";"37,7";"BR-153/SP";"Sul";"Saída de Pista";0;0;0;1;0;0;0;0;0;0;0;1;0;0;0
"14/07/2016";"18:48:00";"111";"com vítima";"90,2";"BR-153/SP";"Sul";"Colisão Lateral";1;0;1;0;0;0;0;0;0;1;3;0;1;0;1
"15/07/2016";"04:29:00";"5";"com vítima";"166,5";"BR-153/SP";"Norte";"Colisão Frontal";0;0;1;0;0;0;0;0;0;1;0;1;0;0;1
"15/07/2016";"04:53:00";"7";"com vítima";"64";"BR-153/SP";"Norte";"Colisão Lateral";1;0;1;0;0;0;0;0;0;0;2;1;0;0;0
"15/07/2016";"07:56:00";"18";"com vítima";"71";"BR-153/SP";"Norte";"Tombamento de Moto";1;0;0;1;0;0;0;0;0;0;1;0;1;0;0
"15/07/2016";"12:19:00";"73";"sem vítima";"30";"BR-153/SP";"Norte";"Saída de Pista";1;0;0;0;0;0;0;0;0;0;1;0;0;0;0
"15/07/2016";"15:26:00";"92";"sem vítima";"111,3";"BR-153/SP";"Sul";"Colisão Lateral";1;0;1;0;0;0;0;0;0;0;2;0;0;0;0
"15/07/2016";"16:10:00";"99";"com vítima";"63";"BR-153/SP";"Sul";"Colisão Lateral";0;0;1;1;0;0;0;0;0;0;1;1;0;0;0
"15/07/2016";"16:16:00";"100";"sem vítima";"63";"BR-153/SP";"Sul";"Colisão Traseira";1;0;0;1;0;0;0;0;0;0;2;0;0;0;0
"15/07/2016";"18:47:00";"125";"com vítima";"49";"BR-153/SP";"Norte";"Colisão Transversal";1;0;1;0;0;0;0;0;0;0;1;0;1;0;0
"16/07/2016";"00:39:00";"1";"com vítima";"61";"BR-153/SP";"Sul";"Choque contra Objeto Fixo";1;0;0;0;0;0;0;0;0;0;0;1;0;0;0
"16/07/2016";"15:41:00";"55";"com vítima";"55";"BR-153/SP";"Sul";"Tombamento";0;0;0;0;0;0;0;0;0;1;0;1;0;0;0
"16/07/2016";"17:07:00";"62";"sem vítima";"256";"BR-153/SP";"Norte";"Colisão Traseira";1;0;0;0;0;0;0;0;0;1;2;0;0;0;0
"17/07/2016";"21:19:00";"100";"com vítima";"7,5";"BR-153/SP";"Sul";"Capotamento";1;0;0;0;0;0;0;0;0;0;0;1;0;0;0
"18/07/2016";"13:43:00";"65";"sem vítima";"63,5";"BR-153/SP";"Norte";"Colisão Traseira";2;0;0;0;0;0;0;0;0;0;2;0;0;0;0
"18/07/2016";"20:20:00";"105";"sem vítima";"64";"BR-153/SP";"Sul";"Tombamento de Moto";0;0;0;1;0;0;0;0;0;0;1;0;0;0;0
"19/07/2016";"07:03:00";"9";"sem vítima";"10,3";"BR-153/SP";"Norte";"Saída de Pista";1;0;0;0;0;0;0;0;0;0;1;0;0;0;0
"19/07/2016";"07:42:00";"14";"com vítima";"62";"BR-153/SP";"Sul";"Colisão Traseira";0;0;0;1;0;1;0;0;0;0;2;1;0;0;0
"19/07/2016";"17:37:00";"92";"sem vítima";"71";"BR-153/SP";"Norte";"Colisão Transversal";1;0;1;0;0;0;0;0;0;0;2;0;0;0;0
"19/07/2016";"18:41:00";"94";"sem vítima";"56,05";"BR-153/SP";"Norte";"Colisão Traseira";1;0;0;0;0;0;0;0;0;1;5;0;0;0;0
"20/07/2016";"10:27:00";"50";"com vítima";"58";"BR-153/SP";"Norte";"Colisão Transversal";1;0;1;0;0;0;0;0;0;0;1;0;1;0;0
"20/07/2016";"17:22:00";"103";"sem vítima";"71";"BR-153/SP";"Sul";"Colisão Lateral";1;0;1;0;0;0;0;0;0;0;2;0;0;0;0
"20/07/2016";"19:53:00";"118";"com vítima";"276,1";"BR-153/SP";"Norte";"Colisão Frontal";2;0;0;0;0;0;0;0;0;0;0;0;3;0;0
"21/07/2016";"03:36:00";"7";"sem vítima";"87,05";"BR-153/SP";"Norte";"Tombamento";0;0;1;0;0;0;0;0;0;0;1;0;0;0;0
"21/07/2016";"09:19:00";"41";"com vítima";"52,5";"BR-153/SP";"Norte";"Tombamento de Moto";0;0;0;1;0;0;0;0;0;0;0;1;0;0;0
"21/07/2016";"11:26:00";"64";"sem vítima";"62";"BR-153/SP";"Norte";"Engavetamento";2;0;0;0;0;0;0;0;0;2;9;0;0;0;0
"21/07/2016";"17:17:00";"106";"sem vítima";"58";"BR-153/SP";"Sul";"Tombamento de Moto";0;0;0;1;0;0;0;0;0;0;1;0;0;0;0
"21/07/2016";"18:17:00";"111";"com vítima";"257";"BR-153/SP";"Norte";"Tombamento de Moto";0;0;0;1;0;0;0;0;0;0;0;1;0;0;0
"22/07/2016";"07:27:00";"20";"sem vítima";"71";"BR-153/SP";"Sul";"Colisão Traseira";0;0;2;0;0;0;0;0;0;0;2;0;0;0;0
"22/07/2016";"07:44:00";"23";"com vítima";"153,9";"BR-153/SP";"Sul";"Choque contra objeto na faixa de rolamento";1;0;0;1;0;0;0;0;0;0;1;1;0;0;0
"22/07/2016";"07:45:00";"24";"sem vítima";"72";"BR-153/SP";"Norte";"Colisão Traseira";1;0;0;0;0;0;0;0;0;1;2;0;0;0;0
"22/07/2016";"09:53:00";"56";"sem vítima";"60";"BR-153/SP";"Sul";"Colisão Traseira";2;0;0;0;0;0;0;0;0;0;2;0;0;0;0
"22/07/2016";"12:03:00";"76";"sem vítima";"61,1";"BR-153/SP";"Sul";"Colisão Traseira";2;0;0;0;0;0;0;0;0;0;2;0;0;0;0
"25/07/2016";"18:13:00";"86";"com vítima";"58";"BR-153/SP";"Norte";"Colisão Transversal";1;0;0;1;0;0;0;0;0;0;1;1;0;0;0
"26/07/2016";"07:45:00";"11";"sem vítima";"58";"BR-153/SP";"Sul";"Colisão Traseira";2;0;0;0;0;0;0;0;0;0;4;0;0;0;0
"26/07/2016";"16:27:00";"96";"sem vítima";"78,2";"BR-153/SP";"Sul";"Colisão Traseira";2;0;0;0;0;0;0;0;0;0;6;0;0;0;0
"26/07/2016";"20:45:00";"116";"com vítima";"107,9";"BR-153/SP";"Sul";"Colisão Transversal";1;0;1;0;0;0;0;0;0;0;2;1;0;1;0
"27/07/2016";"13:00:00";"72";"sem vítima";"61,9";"BR-153/SP";"Sul";"Colisão Lateral";1;0;0;0;0;1;0;0;0;0;2;0;0;0;0
"27/07/2016";"13:00:00";"66";"com vítima";"61,9";"BR-153/SP";"Sul";"Tombamento de Moto";0;0;0;1;0;0;0;0;0;0;0;1;0;0;0
"27/07/2016";"13:11:00";"69";"com vítima";"62,8";"BR-153/SP";"Sul";"Tombamento de Moto";0;0;0;1;0;0;0;0;0;0;0;1;0;0;0
"28/07/2016";"06:13:00";"14";"com vítima";"302";"BR-153/SP";"Sul";"Colisão Frontal";0;0;1;1;0;0;0;0;0;0;1;1;0;0;0
"28/07/2016";"18:42:00";"111";"sem vítima";"55";"BR-153/SP";"Sul";"Colisão Traseira";2;0;0;0;0;0;0;0;0;0;5;0;0;0;0
"29/07/2016";"22:36:00";"141";"sem vítima";"61,4";"BR-153/SP";"Norte";"Colisão Traseira";1;0;0;0;0;0;0;0;0;1;3;0;0;0;0
"30/07/2016";"10:41:00";"40";"sem vítima";"183,8";"BR-153/SP";"Norte";"Colisão Traseira";1;0;0;0;0;0;0;0;0;1;2;0;0;0;0
"30/07/2016";"19:06:00";"116";"com vítima";"69";"BR-153/SP";"Norte";"Colisão Frontal";2;0;0;0;0;0;0;0;0;0;1;1;1;0;0
"31/07/2016";"02:50:00";"3";"sem vítima";"46";"BR-153/SP";"Sul";"Atropelamento - Animal";0;0;0;0;0;0;0;0;0;1;1;0;0;0;0
"01/08/2016";"08:42:00";"23";"sem vítima";"35,7";"BR-153/SP";"Sul";"Colisão Traseira";0;0;1;0;0;0;0;0;0;1;2;0;0;0;0
"01/08/2016";"19:05:00";"84";"com vítima";"54";"BR-153/SP";"Norte";"Colisão Traseira";1;0;0;1;0;0;0;0;0;0;1;1;0;0;0
"03/08/2016";"07:37:00";"18";"com vítima";"58,9";"BR-153/SP";"Sul";"Colisão Lateral";1;0;0;1;0;0;0;0;0;0;1;1;0;0;0
"03/08/2016";"18:29:00";"100";"sem vítima";"63";"BR-153/SP";"Sul";"Engavetamento";4;0;0;0;0;0;0;0;0;0;6;0;0;0;0
"03/08/2016";"18:40:00";"104";"com vítima";"64,1";"BR-153/SP";"Norte";"Colisão Lateral";0;0;0;1;0;1;0;0;0;0;1;1;0;0;0
"03/08/2016";"19:04:00";"105";"com vítima";"119";"BR-153/SP";"Norte";"Atropelamento  de Pedestre";1;0;0;0;0;0;0;0;0;0;2;0;0;1;0
"03/08/2016";"19:04:00";"106";"sem vítima";"64,1";"BR-153/SP";"Norte";"Colisão Lateral";1;0;1;0;0;0;0;0;0;0;2;0;0;0;0
"03/08/2016";"21:34:00";"127";"sem vítima";"79,5";"BR-153/SP";"Norte";"Saída de Pista";1;0;0;0;0;0;0;0;0;0;1;0;0;0;0
"04/08/2016";"07:48:00";"27";"com vítima";"63";"BR-153/SP";"Sul";"Colisão Traseira";1;0;0;1;0;0;0;0;0;0;1;1;0;0;0
"04/08/2016";"17:54:00";"110";"sem vítima";"273";"BR-153/SP";"Norte";"Tombamento";0;0;0;0;0;0;0;0;0;1;4;0;0;0;0
"05/08/2016";"06:01:00";"7";"com vítima";"69";"BR-153/SP";"Sul";"Tombamento de Moto";0;0;0;1;0;0;0;0;0;0;0;2;0;0;0
"05/08/2016";"09:40:00";"40";"com vítima";"63";"BR-153/SP";"Sul";"Colisão Traseira";1;0;0;1;0;0;0;0;0;0;1;1;0;0;0
"05/08/2016";"10:00:00";"67";"sem vítima";"62,8";"BR-153/SP";"Sul";"Colisão Lateral";0;0;0;1;0;0;0;0;0;1;2;0;0;0;0
"05/08/2016";"21:30:00";"134";"sem vítima";"12";"BR-153/SP";"Norte";"Colisão Lateral";1;0;1;0;0;0;0;0;0;0;2;0;0;0;0
"06/08/2016";"06:01:00";"14";"com vítima";"123,9";"BR-153/SP";"Norte";"Tombamento";0;0;2;0;0;0;0;0;0;0;1;1;0;0;0
"06/08/2016";"16:17:00";"89";"sem vítima";"70,9";"BR-153/SP";"Sul";"Colisão Lateral";2;0;0;0;0;0;0;0;0;0;5;0;0;0;0
"07/08/2016";"12:58:00";"47";"sem vítima";"66";"BR-153/SP";"Norte";"Tombamento de Moto";0;0;0;1;0;0;0;0;0;0;2;0;0;0;0
"08/08/2016";"15:40:00";"73";"sem vítima";"70,2";"BR-153/SP";"Sul";"Colisão Traseira";2;0;0;0;0;0;0;0;0;0;3;0;0;0;0
"08/08/2016";"19:20:00";"93";"sem vítima";"321";"BR-153/SP";"Norte";"Colisão Transversal";1;0;0;0;0;0;0;0;0;1;3;0;0;0;0
"08/08/2016";"19:42:00";"94";"com vítima";"56";"BR-153/SP";"Norte";"Tombamento de Moto";0;0;0;1;0;1;0;0;0;0;1;1;0;0;0
"08/08/2016";"19:52:00";"95";"sem vítima";"58,2";"BR-153/SP";"Sul";"Colisão Transversal";2;0;0;0;0;0;0;0;0;0;6;0;0;0;0
"09/08/2016";"18:34:00";"83";"com vítima";"62";"BR-153/SP";"Sul";"Colisão Traseira";0;0;0;0;1;0;0;0;0;1;9;0;1;0;0
"10/08/2016";"12:51:00";"60";"com vítima";"61,9";"BR-153/SP";"Norte";"Tombamento de Moto";0;0;0;1;0;0;0;0;0;0;0;1;0;0;0