data;horario;n_da_ocorrencia;tipo_de_ocorrencia;km;trecho;sentido;tipo_de_acidente;automovel;bicicleta;caminhao;moto;onibus;outros;tracao_animal;transporte_de_cargas_especiais;trator_maquinas;utilitarios;ilesos;levemente_feridos;moderadamente_feridos;gravemente_feridos;mortos
"20/03/2017";"17:04:00";"102";"sem vítima";"39,7";"BR-153/SP";"Sul";"Saída de Pista";0;0;1;0;0;0;0;0;0;0;1;0;0;0;0
"21/03/2017";"05:22:00";"11";"sem vítima";"105,5";"BR-153/SP";"Sul";"Choque contra objeto na faixa de rolamento";1;0;1;0;0;0;0;0;0;0;3;0;0;0;0
"21/03/2017";"07:50:00";"21";"sem vítima";"72,8";"BR-153/SP";"Norte";"Colisão Traseira";2;0;0;0;0;0;0;0;0;0;4;0;0;0;0
"21/03/2017";"08:17:00";"29";"com vítima";"71,3";"BR-153/SP";"Sul";"Colisão Traseira";2;0;0;0;0;0;0;0;0;0;3;1;0;0;0
"22/03/2017";"11:29:00";"55";"sem vítima";"58";"BR-153/SP";"Norte";"Colisão Lateral";1;0;1;0;0;0;0;0;0;0;2;0;0;0;0
"22/03/2017";"15:45:00";"84";"sem vítima";"291,7";"BR-153/SP";"Norte";"Tombamento";0;0;1;0;0;0;0;0;0;0;1;0;0;0;0
"22/03/2017";"18:41:00";"105";"sem vítima";"63";"BR-153/SP";"Norte";"Colisão Traseira";1;0;0;0;0;0;0;0;0;1;2;0;0;0;0
"22/03/2017";"18:41:00";"100";"sem vítima";"63";"BR-153/SP";"Norte";"Colisão Traseira";1;0;0;0;0;0;0;0;0;1;3;0;0;0;0
"23/03/2017";"07:31:00";"13";"sem vítima";"44";"BR-153/SP";"Norte";"Saída de Pista";1;0;0;0;0;0;0;0;0;0;3;0;0;0;0
"23/03/2017";"22:26:00";"106";"sem vítima";"121,4";"BR-153/SP";"Sul";"Atropelamento de Animal";1;0;0;0;0;0;0;0;0;0;3;0;0;0;0
"24/03/2017";"05:49:00";"3";"com vítima";"71";"BR-153/SP";"Norte";"Tombamento de Moto";0;0;0;1;0;1;0;0;0;0;1;1;0;0;0
"24/03/2017";"10:49:00";"47";"com vítima";"62";"BR-153/SP";"Norte";"Tombamento de Moto";0;0;0;1;0;0;0;0;0;0;0;1;0;0;0
"24/03/2017";"14:01:00";"70";"com vítima";"69,2";"BR-153/SP";"Norte";"Colisão Transversal";0;0;1;1;0;0;0;0;0;0;4;0;1;0;0
"25/03/2017";"10:26:00";"45";"sem vítima";"71";"BR-153/SP";"Norte";"Tombamento de Moto";0;0;0;1;0;0;0;0;0;0;1;0;0;0;0
"26/03/2017";"00:18:00";"3";"com vítima";"190";"BR-153/SP";"Sul";"Tombamento de Moto";0;0;0;1;0;0;0;0;0;0;0;1;0;0;0
"26/03/2017";"11:46:00";"48";"com vítima";"72,8";"BR-153/SP";"Sul";"Colisão Transversal";0;0;0;1;0;0;0;0;0;1;2;0;1;0;0
"26/03/2017";"19:01:00";"86";"com vítima";"333,9";"BR-153/SP";"Sul";"Colisão Lateral";0;0;0;1;0;1;0;0;0;0;1;0;1;0;0
"27/03/2017";"03:41:00";"6";"sem vítima";"131";"BR-153/SP";"Sul";"Atropelamento de Animal";0;0;0;1;0;0;0;0;0;0;1;0;0;0;0
"27/03/2017";"08:05:00";"21";"sem vítima";"73";"BR-153/SP";"Norte";"Colisão Traseira";1;0;0;0;0;0;0;0;0;1;2;0;0;0;0
"27/03/2017";"08:19:00";"22";"sem vítima";"73";"BR-153/SP";"Norte";"Colisão Traseira";1;0;0;0;0;1;0;0;0;0;3;0;0;0;0
"27/03/2017";"16:13:00";"80";"sem vítima";"58,7";"BR-153/SP";"Norte";"Colisão Transversal";2;0;0;0;0;0;0;0;0;0;6;0;0;0;0
"28/03/2017";"10:29:00";"59";"com vítima";"71";"BR-153/SP";"Norte";"Colisão Traseira";2;0;0;0;0;0;0;0;0;0;2;1;0;0;0
"29/03/2017";"13:28:00";"82";"com vítima";"71,9";"BR-153/SP";"Sul";"Colisão Transversal";0;0;2;0;0;0;0;0;0;0;1;1;0;0;0
"29/03/2017";"17:39:00";"109";"sem vítima";"62";"BR-153/SP";"Sul";"Engavetamento";0;0;0;0;0;4;0;0;0;1;6;0;0;0;0
"29/03/2017";"18:36:00";"115";"sem vítima";"62";"BR-153/SP";"Norte";"Colisão Traseira";2;0;0;0;0;0;0;0;0;0;5;0;0;0;0
"29/03/2017";"20:06:00";"122";"com vítima";"44,5";"BR-153/SP";"Norte";"Colisão Frontal";0;0;0;1;0;0;0;0;0;1;1;0;0;0;1
"30/03/2017";"07:01:00";"14";"sem vítima";"256,2";"BR-153/SP";"Norte";"Colisão Traseira";1;0;0;0;0;1;0;0;0;0;2;0;0;0;0
"30/03/2017";"09:01:00";"31";"sem vítima";"62";"BR-153/SP";"Sul";"Colisão Traseira";2;0;0;0;0;0;0;0;0;0;4;0;0;0;0
"30/03/2017";"19:16:00";"96";"com vítima";"100";"BR-153/SP";"Norte";"Colisão Lateral";1;0;1;0;0;0;0;0;0;0;1;1;0;0;0
"01/04/2017";"01:18:00";"2";"sem vítima";"14,5";"BR-153/SP";"Sul";"Choque contra Objeto Fixo";0;0;0;0;0;0;0;0;0;1;1;0;0;0;0
"01/04/2017";"07:40:00";"17";"com vítima";"95";"BR-153/SP";"Norte";"Colisão Traseira";0;0;1;0;0;0;0;0;0;1;2;1;1;0;0
"01/04/2017";"09:25:00";"33";"sem vítima";"77,8";"BR-153/SP";"Norte";"Colisão Lateral";2;0;0;0;0;0;0;0;0;0;3;0;0;0;0
"01/04/2017";"14:04:00";"55";"sem vítima";"39,5";"BR-153/SP";"Sul";"Colisão Transversal";2;0;0;0;0;0;0;0;0;0;2;0;0;0;0
"01/04/2017";"22:05:00";"101";"sem vítima";"195";"BR-153/SP";"Norte";"Saída de Pista";1;0;0;0;0;0;0;0;0;0;2;0;0;0;0
"02/04/2017";"13:50:00";"43";"sem vítima";"256";"BR-153/SP";"Norte";"Colisão Lateral";1;0;1;0;0;0;0;0;0;0;4;0;0;0;0
"02/04/2017";"16:36:00";"58";"com vítima";"37,7";"BR-153/SP";"Norte";"Colisão Transversal";1;0;0;0;0;0;0;0;0;1;2;1;0;0;0
"03/04/2017";"18:22:00";"97";"com vítima";"213,5";"BR-153/SP";"Norte";"Tombamento de Moto";0;0;0;1;0;0;0;0;0;0;0;0;1;0;0
"03/04/2017";"23:49:00";"116";"com vítima";"341,2";"BR-153/SP";"Sul";"Saída de Pista";1;0;0;0;0;0;0;0;0;0;0;1;0;0;0
"04/04/2017";"08:07:00";"15";"com vítima";"61,4";"BR-153/SP";"Sul";"Colisão Traseira";1;0;0;1;0;0;0;0;0;0;1;1;0;0;0
"05/04/2017";"07:09:00";"21";"com vítima";"62";"BR-153/SP";"Sul";"Engavetamento";2;0;0;1;0;0;0;0;0;0;2;0;1;0;0
"05/04/2017";"16:27:00";"92";"sem vítima";"262,97";"BR-153/SP";"Sul";"Saída de Pista";1;0;0;0;0;0;0;0;0;0;1;0;0;0;0
"05/04/2017";"17:19:00";"95";"sem vítima";"195";"BR-153/SP";"Sul";"Saída de Pista";1;0;0;0;0;0;0;0;0;0;2;0;0;0;0
"06/04/2017";"05:38:00";"9";"com vítima";"80,1";"BR-153/SP";"Norte";"Colisão Traseira";0;0;0;2;0;0;0;0;0;0;1;1;0;0;0
"07/04/2017";"00:00:00";"1";"com vítima";"161";"BR-153/SP";"Sul";"Colisão Lateral";0;0;0;0;1;0;0;0;0;1;2;1;0;0;0
"07/04/2017";"07:18:00";"25";"sem vítima";"62";"BR-153/SP";"Sul";"Colisão Traseira";1;0;0;0;0;0;0;0;0;1;5;0;0;0;0
"07/04/2017";"07:57:00";"27";"com vítima";"58,7";"BR-153/SP";"Sul";"Tombamento de Moto";0;0;0;1;0;0;0;0;0;0;0;1;0;0;0
"07/04/2017";"17:06:00";"105";"sem vítima";"53,7";"BR-153/SP";"Sul";"Saída de Pista";1;0;0;0;0;0;0;0;0;0;1;0;0;0;0
"07/04/2017";"19:01:00";"116";"com vítima";"45";"BR-153/SP";"Norte";"Colisão Transversal";1;0;1;0;0;0;0;0;0;0;1;1;0;0;0
"08/04/2017";"05:18:00";"10";"com vítima";"43,5";"BR-153/SP";"Sul";"Atropelamento  de Pedestre";1;0;0;0;0;0;0;0;0;1;2;0;1;0;0
"08/04/2017";"06:14:00";"11";"sem vítima";"289,95";"BR-153/SP";"Norte";"Saída de Pista";0;0;0;0;0;0;0;0;0;1;1;0;0;0;0
"08/04/2017";"06:50:00";"15";"sem vítima";"18";"BR-153/SP";"Norte";"Saída de Pista";0;0;1;0;0;0;0;0;0;0;1;0;0;0;0
"08/04/2017";"15:26:00";"66";"sem vítima";"35,7";"BR-153/SP";"Sul";"Colisão Traseira";1;0;0;0;0;0;0;0;0;1;4;0;0;0;0
"08/04/2017";"22:13:00";"91";"com vítima";"114,95";"BR-153/SP";"Sul";"Colisão Traseira";0;0;0;1;0;1;0;0;0;0;2;1;0;0;0
"09/04/2017";"22:24:00";"110";"sem vítima";"71,5";"BR-153/SP";"Norte";"Colisão Transversal";0;0;2;0;0;0;0;0;0;0;2;0;0;0;0
"10/04/2017";"05:14:00";"10";"sem vítima";"115,8";"BR-153/SP";"Sul";"Colisão Lateral";0;0;1;0;0;0;0;0;0;1;3;0;0;0;0
"10/04/2017";"07:37:00";"24";"sem vítima";"75";"BR-153/SP";"Norte";"Engavetamento";2;0;0;0;0;1;0;0;0;0;4;0;0;0;0
"10/04/2017";"20:20:00";"128";"sem vítima";"277,5";"BR-153/SP";"Sul";"Engavetamento";2;0;0;0;0;1;0;0;0;0;3;0;0;0;0
"11/04/2017";"07:12:00";"18";"com vítima";"72,9";"BR-153/SP";"Norte";"Choque contra veículo no acostamento";1;0;0;1;0;0;0;0;0;0;2;1;0;0;0
"11/04/2017";"07:18:00";"19";"com vítima";"52,95";"BR-153/SP";"Norte";"Tombamento de Moto";0;0;0;1;0;0;0;0;0;0;0;2;0;0;0
"11/04/2017";"07:25:00";"20";"sem vítima";"73,7";"BR-153/SP";"Norte";"Engavetamento";3;0;0;0;0;0;0;0;0;1;6;0;0;0;0
"11/04/2017";"09:35:00";"50";"sem vítima";"47,9";"BR-153/SP";"Sul";"Atropelamento de Animal";1;0;0;0;0;0;0;0;0;0;1;0;0;0;0
"11/04/2017";"10:31:00";"59";"sem vítima";"256";"BR-153/SP";"Norte";"Tombamento";0;0;1;0;0;0;0;0;0;0;1;0;0;0;0
"11/04/2017";"12:50:00";"72";"sem vítima";"62,5";"BR-153/SP";"Sul";"Engavetamento";2;0;0;0;0;1;0;0;0;0;5;0;0;0;0
"12/04/2017";"00:16:00";"1";"sem vítima";"87,7";"BR-153/SP";"Sul";"Atropelamento de Animal";1;0;0;0;0;0;0;0;0;0;2;0;0;0;0
"12/04/2017";"17:46:00";"83";"sem vítima";"318";"BR-153/SP";"Norte";"Saída de Pista";0;0;1;0;0;0;0;0;0;0;1;0;0;0;0
"13/04/2017";"07:57:00";"18";"sem vítima";"61,2";"BR-153/SP";"Sul";"Colisão Traseira";1;0;0;0;0;0;0;0;0;1;2;0;0;0;0
"13/04/2017";"09:41:00";"40";"sem vítima";"62";"BR-153/SP";"Norte";"Colisão Traseira";2;0;0;0;0;0;0;0;0;0;2;0;0;0;0
"13/04/2017";"14:19:00";"71";"sem vítima";"47";"BR-153/SP";"Norte";"Saída de Pista";1;0;0;0;0;0;0;0;0;0;1;0;0;0;0
"13/04/2017";"16:49:00";"87";"sem vítima";"62";"BR-153/SP";"Sul";"Colisão Traseira";2;0;0;0;0;0;0;0;0;0;2;0;0;0;0
"13/04/2017";"17:09:00";"91";"sem vítima";"61";"BR-153/SP";"Norte";"Colisão Lateral";0;0;0;1;0;1;0;0;0;0;2;0;0;0;0
"13/04/2017";"19:05:00";"103";"sem vítima";"56";"BR-153/SP";"Norte";"Engavetamento";1;0;1;0;0;0;0;0;0;1;6;0;0;0;0
"13/04/2017";"20:24:00";"112";"sem vítima";"80";"BR-153/SP";"Norte";"Saída de Pista";1;0;0;0;0;0;0;0;0;0;1;0;0;0;0
"14/04/2017";"01:08:00";"5";"com vítima";"153,3";"BR-153/SP";"Norte";"Colisão Frontal";0;0;0;1;0;1;0;0;0;0;1;1;0;0;0
"14/04/2017";"02:13:00";"9";"com vítima";"80,2";"BR-153/SP";"Norte";"Colisão Frontal";2;0;0;0;0;0;0;0;0;0;1;0;2;0;0
"14/04/2017";"07:39:00";"24";"com vítima";"64,6";"BR-153/SP";"Sul";"Tombamento de Moto";0;0;0;1;0;0;0;0;0;0;0;1;0;0;0
"15/04/2017";"04:32:00";"12";"com vítima";"227";"BR-153/SP";"Norte";"Tombamento de Moto";0;0;0;1;0;0;0;0;0;0;0;2;0;0;0
"15/04/2017";"12:06:00";"57";"sem vítima";"84";"BR-153/SP";"Sul";"Saída de Pista";1;0;0;0;0;0;0;0;0;0;5;0;0;0;0
"15/04/2017";"13:43:00";"64";"sem vítima";"211,5";"BR-153/SP";"Norte";"Colisão Traseira";1;0;1;0;0;0;0;0;0;0;2;0;0;0;0
"15/04/2017";"19:33:00";"87";"sem vítima";"112";"BR-153/SP";"Norte";"Saída de Pista";1;0;0;0;0;0;0;0;0;0;1;0;0;0;0
"15/04/2017";"19:53:00";"91";"com vítima";"171";"BR-153/SP";"Sul";"Engavetamento";2;0;0;0;0;1;0;0;0;0;8;1;0;0;0
"15/04/2017";"20:44:00";"92";"sem vítima";"23,7";"BR-153/SP";"Norte";"Atropelamento de Animal";1;0;0;0;0;0;0;0;0;0;5;0;0;0;0
"16/04/2017";"17:42:00";"67";"com vítima";"108";"BR-153/SP";"Norte";"Colisão Transversal";2;0;0;0;0;0;0;0;0;0;1;3;0;0;0
"17/04/2017";"09:19:00";"30";"sem vítima";"35,7";"BR-153/SP";"Norte";"Colisão Traseira";2;0;0;0;0;0;0;0;0;0;2;0;0;0;0
"17/04/2017";"10:14:00";"36";"com vítima";"52";"BR-153/SP";"Sul";"Tombamento de Moto";0;0;0;1;0;0;0;0;0;0;0;1;0;0;0
"17/04/2017";"19:38:00";"90";"sem vítima";"287";"BR-153/SP";"Sul";"Colisão Transversal";1;0;0;1;0;0;0;0;0;0;4;0;0;0;0
"18/04/2017";"19:51:00";"127";"sem vítima";"85";"BR-153/SP";"Norte";"Colisão Transversal";0;0;1;0;0;0;0;0;0;1;4;0;0;0;0
"19/04/2017";"07:06:00";"15";"sem vítima";"81";"BR-153/SP";"Norte";"Tombamento de Moto";0;0;0;1;0;0;0;0;0;0;2;0;0;0;0
"19/04/2017";"08:20:00";"28";"sem vítima";"62,1";"BR-153/SP";"Sul";"Colisão Traseira";0;0;0;1;0;1;0;0;0;0;2;0;0;0;0
"20/04/2017";"11:32:00";"61";"com vítima";"57,4";"BR-153/SP";"Norte";"Tombamento de Moto";0;0;0;1;0;0;0;0;0;0;0;1;0;0;0
"20/04/2017";"18:39:00";"95";"sem vítima";"63";"BR-153/SP";"Sul";"Colisão Traseira";1;0;0;0;0;1;0;0;0;0;2;0;0;0;0
"20/04/2017";"18:53:00";"98";"com vítima";"64";"BR-153/SP";"Norte";"Colisão Traseira";1;0;0;1;0;0;0;0;0;0;1;1;0;0;0
"21/04/2017";"11:43:00";"25";"com vítima";"208,85";"BR-153/SP";"Norte";"Colisão Transversal";1;0;0;0;0;0;0;0;0;1;1;2;1;0;0
"22/04/2017";"00:17:00";"1";"com vítima";"25,7";"BR-153/SP";"Sul";"Saída de Pista";1;0;0;0;0;0;0;0;0;0;0;1;0;0;0
"22/04/2017";"00:23:00";"2";"sem vítima";"55,2";"BR-153/SP";"Sul";"Colisão Traseira";1;0;0;0;0;0;0;0;0;1;3;0;0;0;0
"22/04/2017";"13:37:00";"57";"com vítima";"272";"BR-153/SP";"Norte";"Tombamento de Moto";0;0;0;1;0;0;0;0;0;0;0;1;0;0;0
"22/04/2017";"16:07:00";"78";"sem vítima";"268,1";"BR-153/SP";"Sul";"Tombamento";1;0;0;0;0;0;0;0;0;0;1;0;0;0;0
"22/04/2017";"20:32:00";"97";"sem vítima";"60,9";"BR-153/SP";"Sul";"Colisão Traseira";2;0;0;0;0;0;0;0;0;0;8;0;0;0;0
"24/04/2017";"07:14:00";"12";"com vítima";"74,9";"BR-153/SP";"Norte";"Colisão Traseira";0;0;0;0;1;0;0;0;0;1;7;1;0;0;0
"24/04/2017";"21:45:00";"102";"com vítima";"2,2";"BR-153/SP";"Sul";"Colisão Frontal";1;0;0;0;0;0;0;0;0;1;1;2;0;1;0
"25/04/2017";"06:54:00";"12";"com vítima";"116";"BR-153/SP";"Norte";"Colisão Transversal";1;0;0;1;0;0;0;0;0;0;1;1;0;0;0
"25/04/2017";"11:46:00";"58";"com vítima";"147,5";"BR-153/SP";"Sul";"Capotamento";1;0;0;0;0;0;0;0;0;0;0;0;1;0;0
"25/04/2017";"13:25:00";"67";"com vítima";"184";"BR-153/SP";"Norte";"Tombamento de Moto";0;0;0;1;0;0;0;0;0;0;0;1;0;0;0
"25/04/2017";"14:25:00";"75";"sem vítima";"62,9";"BR-153/SP";"Sul";"Colisão Traseira";1;0;0;0;0;0;0;0;0;1;2;0;0;0;0
"25/04/2017";"14:47:00";"77";"com vítima";"61,9";"BR-153/SP";"Sul";"Colisão Lateral";0;1;0;1;0;0;0;0;0;0;0;2;0;0;0
"25/04/2017";"17:01:00";"82";"sem vítima";"69";"BR-153/SP";"Norte";"Colisão Transversal";1;0;1;0;0;0;0;0;0;0;2;0;0;0;0
"26/04/2017";"11:23:00";"56";"com vítima";"62";"BR-153/SP";"Sul";"Colisão Frontal";1;0;1;0;0;0;0;0;0;0;1;0;1;0;0
"26/04/2017";"11:33:00";"59";"com vítima";"61,7";"BR-153/SP";"Sul";"Engavetamento";3;0;0;0;0;0;0;0;0;0;3;1;0;0;0
"27/04/2017";"13:42:00";"66";"com vítima";"65,02";"BR-153/SP";"Norte";"Colisão Traseira";1;0;0;1;0;0;0;0;0;0;0;2;0;0;0
"28/04/2017";"01:11:00";"4";"sem vítima";"262,3";"BR-153/SP";"Norte";"Colisão Transversal";1;0;1;0;0;0;0;0;0;0;2;0;0;0;0
"28/04/2017";"23:46:00";"114";"com vítima";"58";"BR-153/SP";"Sul";"Saída de Pista";1;0;0;0;0;0;0;0;0;0;0;1;0;0;0
"29/04/2017";"01:45:00";"7";"com vítima";"70,5";"BR-153/SP";"Sul";"Tombamento de Moto";0;0;0;1;0;0;0;0;0;0;0;1;0;0;0
"29/04/2017";"16:56:00";"70";"com vítima";"325";"BR-153/SP";"Sul";"Saída de Pista";1;0;0;0;0;0;0;0;0;0;2;2;0;0;0
"29/04/2017";"22:13:00";"93";"sem vítima";"73";"BR-153/SP";"Sul";"Saída de Pista";1;0;0;0;0;0;0;0;0;0;1;0;0;0;0
"30/04/2017";"09:53:00";"40";"com vítima";"307";"BR-153/SP";"Sul";"Capotamento";1;0;0;0;0;0;0;0;0;0;0;0;0;0;1
"30/04/2017";"17:56:00";"78";"com vítima";"337";"BR-153/SP";"Sul";"Tombamento de Moto";0;0;0;1;0;0;0;0;0;0;0;1;0;0;0
"30/04/2017";"19:35:00";"87";"com vítima";"70,5";"BR-153/SP";"Norte";"Colisão Transversal";1;0;0;0;0;0;0;0;0;1;5;3;0;0;0
"30/04/2017";"21:01:00";"91";"com vítima";"29";"BR-153/SP";"Sul";"Atropelamento de Animal";1;0;0;0;0;0;0;0;0;0;1;0;0;1;0
"01/05/2017";"19:42:00";"81";"com vítima";"51,5";"BR-153/SP";"Norte";"Colisão Transversal";2;0;0;0;0;0;0;0;0;0;2;2;0;0;0
"01/05/2017";"19:45:00";"82";"sem vítima";"111";"BR-153/SP";"Norte";"Colisão Lateral";2;0;0;0;0;0;0;0;0;0;8;0;0;0;0
"02/05/2017";"15:04:00";"68";"com vítima";"256,5";"BR-153/SP";"Norte";"Tombamento";0;0;1;0;0;0;0;0;0;0;0;1;0;0;0
"03/05/2017";"10:00:00";"41";"sem vítima";"103,7";"BR-153/SP";"Norte";"Atropelamento de Animal";1;0;0;0;0;0;0;0;0;0;1;0;0;0;0
"03/05/2017";"11:06:00";"55";"com vítima";"62,1";"BR-153/SP";"Norte";"Engavetamento";1;0;1;0;0;0;0;0;0;1;4;1;1;0;0
"03/05/2017";"14:20:00";"70";"sem vítima";"62";"BR-153/SP";"Sul";"Colisão Traseira";1;0;0;0;0;1;0;0;0;0;2;0;0;0;0
"03/05/2017";"14:29:00";"74";"com vítima";"62,6";"BR-153/SP";"Sul";"Tombamento de Moto";0;0;0;1;0;0;0;0;0;0;0;1;0;0;0
"04/05/2017";"07:53:00";"17";"sem vítima";"63,6";"BR-153/SP";"Sul";"Colisão Traseira";2;0;0;0;0;0;0;0;0;0;3;0;0;0;0
"04/05/2017";"08:02:00";"20";"sem vítima";"62,9";"BR-153/SP";"Sul";"Colisão Traseira";1;0;0;0;0;0;0;0;0;1;2;0;0;0;0
"04/05/2017";"08:36:00";"27";"sem vítima";"58";"BR-153/SP";"Norte";"Colisão Transversal";1;0;1;0;0;0;0;0;0;0;3;0;0;0;0
"04/05/2017";"10:12:00";"51";"sem vítima";"114,9";"BR-153/SP";"Norte";"Saída de Pista";0;0;1;0;0;0;0;0;0;0;1;0;0;0;0
"04/05/2017";"11:38:00";"64";"sem vítima";"183,8";"BR-153/SP";"Norte";"Colisão Traseira";1;0;0;0;0;0;0;0;0;1;2;0;0;0;0
"04/05/2017";"14:11:00";"75";"sem vítima";"23";"BR-153/SP";"Sul";"Colisão Traseira";0;0;2;0;0;0;0;0;0;0;3;0;0;0;0
"04/05/2017";"18:36:00";"98";"sem vítima";"82";"BR-153/SP";"Norte";"Colisão Traseira";2;0;0;1;0;0;0;0;0;0;3;0;0;0;0
"05/05/2017";"06:44:00";"11";"com vítima";"75";"BR-153/SP";"Norte";"Tombamento de Moto";0;0;0;1;0;0;0;0;0;0;0;1;0;0;0
"05/05/2017";"07:24:00";"13";"com vítima";"61,2";"BR-153/SP";"Sul";"Tombamento de Moto";0;0;0;1;0;0;0;0;0;0;0;1;0;0;0
"05/05/2017";"17:54:00";"109";"sem vítima";"61";"BR-153/SP";"Norte";"Colisão Traseira";2;0;0;0;0;0;0;0;0;0;4;0;0;0;0
"05/05/2017";"18:06:00";"110";"com vítima";"63";"BR-153/SP";"Norte";"Colisão Traseira";0;0;1;1;0;0;0;0;0;0;1;1;0;0;0
"06/05/2017";"17:36:00";"83";"com vítima";"61";"BR-153/SP";"Sul";"Colisão Lateral";2;0;0;0;0;0;0;0;0;0;3;1;0;0;0
"06/05/2017";"22:01:00";"109";"com vítima";"32";"BR-153/SP";"Norte";"Saída de Pista";1;0;0;0;0;1;0;0;0;0;1;1;0;0;0
"07/05/2017";"06:51:00";"14";"com vítima";"205,1";"BR-153/SP";"Norte";"Saída de Pista";1;0;0;0;0;0;0;0;0;0;0;2;0;0;0
"07/05/2017";"22:17:00";"88";"com vítima";"184";"BR-153/SP";"Norte";"Colisão Traseira";0;0;1;0;0;0;0;0;0;1;1;0;2;0;0
"08/05/2017";"07:44:00";"27";"sem vítima";"63,8";"BR-153/SP";"Sul";"Colisão Traseira";2;0;0;0;0;1;0;0;0;0;4;0;0;0;0
"08/05/2017";"07:48:00";"28";"com vítima";"62,5";"BR-153/SP";"Sul";"Colisão Traseira";1;0;0;2;0;0;0;0;0;0;1;1;0;0;1
"08/05/2017";"09:28:00";"51";"sem vítima";"60,3";"BR-153/SP";"Sul";"Colisão Traseira";0;0;0;0;0;1;0;0;0;1;2;0;0;0;0
"08/05/2017";"10:27:00";"55";"sem vítima";"67,4";"BR-153/SP";"Norte";"Colisão Lateral";1;0;1;0;0;0;0;0;0;0;2;0;0;0;0
"09/05/2017";"00:09:00";"1";"sem vítima";"183";"BR-153/SP";"Sul";"Tombamento";0;0;1;0;0;0;0;0;0;0;1;0;0;0;0
"09/05/2017";"06:30:00";"13";"com vítima";"63";"BR-153/SP";"Sul";"Colisão Traseira";1;0;0;1;0;0;0;0;0;0;2;1;0;0;0
"09/05/2017";"08:20:00";"26";"sem vítima";"62";"BR-153/SP";"Sul";"Colisão Traseira";1;0;0;0;0;0;0;0;0;1;3;0;0;0;0
"10/05/2017";"07:51:00";"15";"sem vítima";"62";"BR-153/SP";"Sul";"Colisão Traseira";1;0;0;1;0;0;0;0;0;0;2;0;0;0;0
"10/05/2017";"18:57:00";"105";"sem vítima";"161,1";"BR-153/SP";"Norte";"Colisão Traseira";0;0;2;0;0;0;0;0;0;0;2;0;0;0;0
"11/05/2017";"06:37:00";"6";"com vítima";"87,5";"BR-153/SP";"Norte";"Saída de Pista";0;0;0;0;0;0;0;0;0;1;0;1;0;0;0
"11/05/2017";"08:54:00";"30";"sem vítima";"62";"BR-153/SP";"Sul";"Engavetamento";2;0;0;0;0;0;0;0;0;2;4;0;0;0;0
"11/05/2017";"09:19:00";"34";"sem vítima";"86,6";"BR-153/SP";"Norte";"Colisão Traseira";1;0;0;0;0;0;0;0;0;1;2;0;0;0;0
"12/05/2017";"06:57:00";"13";"com vítima";"56";"BR-153/SP";"Sul";"Colisão Lateral";1;0;0;1;0;0;0;0;0;0;1;1;0;0;0
"12/05/2017";"07:25:00";"18";"com vítima";"71,5";"BR-153/SP";"Norte";"Colisão Lateral";0;0;0;1;0;0;0;0;0;1;1;1;0;0;0
"12/05/2017";"07:35:00";"19";"sem vítima";"183,8";"BR-153/SP";"Sul";"Colisão Traseira";0;0;0;0;0;0;0;0;0;2;8;0;0;0;0
"12/05/2017";"09:42:00";"36";"sem vítima";"63";"BR-153/SP";"Sul";"Colisão Traseira";2;0;0;0;0;0;0;0;0;0;2;0;0;0;0
"12/05/2017";"14:10:00";"67";"sem vítima";"268,1";"BR-153/SP";"Norte";"Colisão Traseira";2;0;0;0;0;0;0;0;0;0;4;0;0;0;0
"12/05/2017";"18:41:00";"91";"sem vítima";"54";"BR-153/SP";"Norte";"Choque contra objeto na faixa de rolamento";1;0;2;0;0;0;0;0;0;0;5;0;0;0;0
"12/05/2017";"19:04:00";"95";"com vítima";"58";"BR-153/SP";"Norte";"Colisão Transversal";1;1;0;0;0;0;0;0;0;0;1;0;0;1;0
"12/05/2017";"19:35:00";"96";"com vítima";"58";"BR-153/SP";"Sul";"Colisão Lateral";1;0;0;1;0;0;0;0;0;0;1;1;0;0;0
"12/05/2017";"23:53:00";"114";"sem vítima";"70";"BR-153/SP";"Sul";"Colisão Traseira";2;0;0;0;0;0;0;0;0;0;3;0;0;0;0
"13/05/2017";"00:59:00";"4";"sem vítima";"175";"BR-153/SP";"Sul";"Colisão Traseira";1;0;1;0;0;0;0;0;0;0;2;0;0;0;0
"13/05/2017";"09:44:00";"35";"sem vítima";"63";"BR-153/SP";"Sul";"Colisão Traseira";1;0;0;0;0;0;0;0;0;1;2;0;0;0;0
"13/05/2017";"11:42:00";"52";"sem vítima";"64,1";"BR-153/SP";"Norte";"Saída de Pista";1;0;0;0;0;0;0;0;0;0;1;0;0;0;0
"13/05/2017";"14:47:00";"73";"com vítima";"72,5";"BR-153/SP";"Norte";"Colisão Transversal";2;0;0;0;0;0;0;0;0;0;3;1;0;0;0
"13/05/2017";"15:42:00";"79";"com vítima";"58";"BR-153/SP";"Sul";"Colisão Transversal";2;0;0;0;0;0;0;0;0;0;6;1;0;0;0
"14/05/2017";"09:04:00";"28";"sem vítima";"97";"BR-153/SP";"Norte";"Saída de Pista";1;0;0;0;0;0;0;0;0;0;2;0;0;0;0
"14/05/2017";"18:44:00";"77";"com vítima";"228,8";"BR-153/SP";"Norte";"Engavetamento";1;0;1;0;0;0;0;0;0;1;6;0;1;0;0