data;horario;n_da_ocorrencia;tipo_de_ocorrencia;km;trecho;sentido;tipo_de_acidente;automovel;bicicleta;caminhao;moto;onibus;outros;tracao_animal;transporte_de_cargas_especiais;trator_maquinas;utilitarios;ilesos;levemente_feridos;moderadamente_feridos;gravemente_feridos;mortos
"14/05/2017";"23:53:00";"95";"sem vítima";"55,7";"BR-153/SP";"Norte";"Saída de Pista";1;0;0;0;0;0;0;0;0;0;3;0;0;0;0
"15/05/2017";"07:07:00";"11";"com vítima";"32,7";"BR-153/SP";"Sul";"Saída de Pista";0;0;0;1;0;0;0;0;0;0;0;0;1;0;0
"15/05/2017";"08:41:00";"24";"sem vítima";"62";"BR-153/SP";"Sul";"Colisão Traseira";1;0;0;0;0;0;0;0;0;1;2;0;0;0;0
"15/05/2017";"09:24:00";"31";"sem vítima";"61";"BR-153/SP";"Sul";"Engavetamento";2;0;0;0;0;0;0;0;0;1;3;0;0;0;0
"15/05/2017";"13:38:00";"54";"com vítima";"62";"BR-153/SP";"Sul";"Outros";0;0;0;1;0;0;0;0;0;0;0;1;0;0;0
"15/05/2017";"21:47:00";"107";"com vítima";"27,2";"BR-153/SP";"Norte";"Colisão Lateral";1;0;0;0;0;1;0;0;0;0;2;1;0;0;0
"16/05/2017";"11:44:00";"64";"sem vítima";"257,8";"BR-153/SP";"Norte";"Colisão Traseira";0;0;2;0;0;0;0;0;0;0;2;0;0;0;0
"17/05/2017";"07:13:00";"17";"com vítima";"71,5";"BR-153/SP";"Norte";"Tombamento de Moto";0;0;0;1;0;0;0;0;0;0;0;1;0;0;0
"17/05/2017";"07:46:00";"22";"sem vítima";"64";"BR-153/SP";"Norte";"Colisão Traseira";1;0;0;0;0;0;0;0;0;1;2;0;0;0;0
"19/05/2017";"03:09:00";"4";"sem vítima";"175,5";"BR-153/SP";"Norte";"Atropelamento de Animal";1;0;0;0;0;0;0;0;0;0;2;0;0;0;0
"19/05/2017";"11:23:00";"54";"sem vítima";"98,5";"BR-153/SP";"Norte";"Colisão Traseira";1;0;1;0;0;0;0;0;0;0;2;0;0;0;0
"19/05/2017";"16:42:00";"92";"sem vítima";"73";"BR-153/SP";"Norte";"Colisão Lateral";0;0;1;0;0;1;0;0;0;0;2;0;0;0;0
"19/05/2017";"18:22:00";"106";"com vítima";"60";"BR-153/SP";"Sul";"Engavetamento";2;0;0;0;1;0;0;0;0;0;3;0;1;0;0
"19/05/2017";"18:45:00";"108";"com vítima";"31";"BR-153/SP";"Sul";"Saída de Pista";1;0;0;0;0;0;0;0;0;0;3;1;0;0;0
"19/05/2017";"19:59:00";"116";"com vítima";"95,4";"BR-153/SP";"Sul";"Saída de Pista";1;0;0;0;0;0;0;0;0;0;0;1;0;0;0
"19/05/2017";"21:33:00";"126";"sem vítima";"55";"BR-153/SP";"Sul";"Colisão Transversal";2;0;0;0;0;0;0;0;0;0;5;0;0;0;0
"20/05/2017";"05:00:00";"14";"sem vítima";"42,2";"BR-153/SP";"Norte";"Atropelamento de Animal";0;0;1;0;0;0;0;0;0;0;1;0;0;0;0
"20/05/2017";"10:18:00";"48";"sem vítima";"276";"BR-153/SP";"Norte";"Saída de Pista";0;0;0;0;0;0;0;0;0;1;1;0;0;0;0
"20/05/2017";"14:40:00";"66";"sem vítima";"74,8";"BR-153/SP";"Sul";"Engavetamento";2;0;0;0;0;1;0;0;0;0;5;0;0;0;0
"20/05/2017";"18:25:00";"89";"sem vítima";"55,2";"BR-153/SP";"Sul";"Saída de Pista";1;0;0;0;0;0;0;0;0;0;1;0;0;0;0
"20/05/2017";"20:59:00";"97";"com vítima";"58,7";"BR-153/SP";"Norte";"Colisão Transversal";0;0;0;1;0;0;0;0;0;1;1;2;0;0;0
"21/05/2017";"19:47:00";"72";"sem vítima";"53,2";"BR-153/SP";"Norte";"Choque contra Objeto Fixo";1;0;0;0;0;0;0;0;0;0;1;0;0;0;0
"21/05/2017";"20:44:00";"77";"sem vítima";"57";"BR-153/SP";"Norte";"Saída de Pista";1;0;0;0;0;0;0;0;0;0;4;0;0;0;0
"21/05/2017";"22:05:00";"83";"sem vítima";"142,5";"BR-153/SP";"Norte";"Colisão Lateral";0;0;2;0;0;0;0;0;0;0;3;0;0;0;0
"22/05/2017";"14:16:00";"73";"sem vítima";"72,5";"BR-153/SP";"Norte";"Colisão Transversal";0;0;1;0;0;0;0;0;0;1;2;0;0;0;0
"22/05/2017";"20:49:00";"108";"com vítima";"75";"BR-153/SP";"Norte";"Saída de Pista";0;0;1;0;0;0;0;0;0;0;0;1;0;0;0
"23/05/2017";"08:21:00";"26";"com vítima";"60,7";"BR-153/SP";"Norte";"Tombamento de Moto";0;0;0;1;0;0;0;0;0;0;0;1;0;0;0
"23/05/2017";"17:14:00";"94";"com vítima";"62";"BR-153/SP";"Sul";"Choque contra Objeto Fixo";2;0;0;0;0;0;0;0;0;1;2;1;0;0;0
"24/05/2017";"01:02:00";"3";"sem vítima";"96,8";"BR-153/SP";"Norte";"Saída de Pista";0;0;0;0;0;0;0;0;0;1;1;0;0;0;0
"24/05/2017";"06:28:00";"24";"com vítima";"45";"BR-153/SP";"Sul";"Colisão Transversal";1;0;0;1;0;0;0;0;0;0;2;0;0;1;0
"25/05/2017";"10:37:00";"42";"sem vítima";"56";"BR-153/SP";"Norte";"Colisão Transversal";2;0;0;0;0;0;0;0;0;0;2;0;0;0;0
"26/05/2017";"10:46:00";"48";"com vítima";"273,9";"BR-153/SP";"Norte";"Saída de Pista";0;0;1;0;0;0;0;0;0;0;0;0;0;0;1
"26/05/2017";"15:34:00";"76";"com vítima";"63,6";"BR-153/SP";"Sul";"Colisão Traseira";1;0;0;0;0;0;0;0;0;1;1;1;0;0;0
"26/05/2017";"15:56:00";"80";"com vítima";"122";"BR-153/SP";"Norte";"Saída de Pista";0;0;0;0;0;0;0;0;0;1;0;0;1;0;0
"26/05/2017";"23:13:00";"119";"com vítima";"95,9";"BR-153/SP";"Sul";"Colisão Transversal";0;0;1;0;0;0;0;0;0;1;1;0;1;0;0
"27/05/2017";"01:08:00";"4";"sem vítima";"74";"BR-153/SP";"Sul";"Colisão Transversal";1;0;1;0;0;0;0;0;0;0;2;0;0;0;0
"27/05/2017";"03:56:00";"7";"sem vítima";"56";"BR-153/SP";"Norte";"Capotamento";0;0;0;0;0;0;0;0;0;1;1;0;0;0;0
"27/05/2017";"09:11:00";"29";"com vítima";"161";"BR-153/SP";"Sul";"Tombamento de Moto";0;0;0;1;0;0;0;0;0;0;0;1;0;1;0
"27/05/2017";"23:41:00";"110";"sem vítima";"31";"BR-153/SP";"Sul";"Colisão Traseira";2;0;0;0;0;0;0;0;0;0;2;0;0;0;0
"28/05/2017";"02:32:00";"13";"com vítima";"230";"BR-153/SP";"Norte";"Saída de Pista";0;0;0;0;0;0;0;0;0;1;1;2;0;0;0
"28/05/2017";"06:33:00";"21";"sem vítima";"56";"BR-153/SP";"Sul";"Saída de Pista";1;0;0;0;0;0;0;0;0;0;1;0;0;0;0
"30/05/2017";"04:45:00";"1";"sem vítima";"224,9";"BR-153/SP";"Norte";"Capotamento";0;0;0;0;0;0;0;0;0;1;3;0;0;0;0
"30/05/2017";"05:21:00";"2";"com vítima";"183,9";"BR-153/SP";"Norte";"Tombamento de Moto";0;0;0;1;0;0;0;0;0;0;0;1;0;0;0
"30/05/2017";"11:15:00";"50";"sem vítima";"148,5";"BR-153/SP";"Sul";"Engavetamento";1;0;1;0;0;0;0;0;0;1;3;0;0;0;0
"31/05/2017";"08:47:00";"22";"sem vítima";"62,8";"BR-153/SP";"Sul";"Engavetamento";1;0;1;0;0;0;0;0;0;1;3;0;0;0;0
"31/05/2017";"18:23:00";"90";"com vítima";"61,95";"BR-153/SP";"Sul";"Colisão Traseira";0;0;0;1;0;1;0;0;0;0;1;1;0;0;0
"31/05/2017";"18:48:00";"92";"sem vítima";"61,5";"BR-153/SP";"Sul";"Engavetamento";3;0;0;0;0;0;0;0;0;0;6;0;0;0;0
"31/05/2017";"19:54:00";"98";"sem vítima";"71,8";"BR-153/SP";"Sul";"Colisão Traseira";2;0;0;0;0;0;0;0;0;0;2;0;0;0;0
"31/05/2017";"21:46:00";"109";"sem vítima";"61";"BR-153/SP";"Sul";"Colisão Traseira";2;0;0;0;0;0;0;0;0;0;2;0;0;0;0
"01/06/2017";"09:43:00";"48";"com vítima";"337";"BR-153/SP";"Norte";"Saída de Pista";0;0;0;0;0;0;0;0;0;1;0;1;0;0;0
"01/06/2017";"18:32:00";"90";"sem vítima";"74,8";"BR-153/SP";"Sul";"Engavetamento";3;0;0;0;0;0;0;0;0;0;4;0;0;0;0
"03/06/2017";"05:19:00";"8";"sem vítima";"70";"BR-153/SP";"Norte";"Saída de Pista";0;0;0;0;0;0;0;0;0;1;1;0;0;0;0
"03/06/2017";"08:21:00";"27";"com vítima";"256,5";"BR-153/SP";"Norte";"Tombamento";0;0;1;0;0;0;0;0;0;0;0;1;0;0;0
"03/06/2017";"12:46:00";"54";"sem vítima";"62,5";"BR-153/SP";"Sul";"Engavetamento";2;0;0;0;0;0;0;0;0;2;5;0;0;0;0
"03/06/2017";"13:03:00";"56";"sem vítima";"62,9";"BR-153/SP";"Norte";"Colisão Traseira";2;0;0;0;0;0;0;0;0;0;2;0;0;0;0
"03/06/2017";"13:44:00";"61";"com vítima";"51,7";"BR-153/SP";"Norte";"Colisão Traseira";1;0;0;1;0;0;0;0;0;0;1;2;0;0;0
"03/06/2017";"19:58:00";"80";"sem vítima";"70,6";"BR-153/SP";"Norte";"Saída de Pista";1;0;0;0;0;0;0;0;0;0;5;0;0;0;0
"03/06/2017";"22:04:00";"91";"sem vítima";"68";"BR-153/SP";"Norte";"Colisão Transversal";2;0;0;0;0;0;0;0;0;0;5;0;0;0;0
"04/06/2017";"20:14:00";"75";"sem vítima";"61,2";"BR-153/SP";"Norte";"Saída de Pista";1;0;0;0;0;1;0;0;0;0;3;0;0;0;0
"05/06/2017";"00:05:00";"2";"com vítima";"33";"BR-153/SP";"Sul";"Atropelamento de Animal";0;0;0;1;0;0;0;0;0;0;0;2;0;0;0
"05/06/2017";"01:01:00";"7";"sem vítima";"195";"BR-153/SP";"Norte";"Capotamento";1;0;0;0;0;0;0;0;0;0;2;0;0;0;0
"05/06/2017";"07:46:00";"19";"sem vítima";"72,5";"BR-153/SP";"Norte";"Colisão Traseira";1;0;0;1;0;0;0;0;0;0;3;0;0;0;0
"05/06/2017";"07:52:00";"20";"sem vítima";"73,5";"BR-153/SP";"Norte";"Engavetamento";3;0;0;0;0;0;0;0;0;0;5;0;0;0;0
"05/06/2017";"08:12:00";"21";"sem vítima";"73";"BR-153/SP";"Norte";"Colisão Traseira";2;0;0;0;0;0;0;0;0;0;2;0;0;0;0
"05/06/2017";"21:50:00";"96";"com vítima";"304";"BR-153/SP";"Sul";"Capotamento";1;0;0;0;0;0;0;0;0;0;0;1;0;0;0
"06/06/2017";"07:51:00";"17";"com vítima";"342";"BR-153/SP";"Norte";"Saída de Pista";1;0;0;0;0;0;0;0;0;0;0;1;0;0;0
"07/06/2017";"06:08:00";"5";"com vítima";"65";"BR-153/SP";"Sul";"Colisão Lateral";1;0;1;0;0;0;0;0;0;0;1;1;0;0;0
"07/06/2017";"20:00:00";"109";"sem vítima";"75";"BR-153/SP";"Sul";"Colisão Traseira";2;0;0;0;0;0;0;0;0;0;4;0;0;0;0
"08/06/2017";"01:50:00";"4";"sem vítima";"51";"BR-153/SP";"Norte";"Saída de Pista";1;0;0;0;0;0;0;0;0;0;1;0;0;0;0
"10/06/2017";"21:09:00";"98";"sem vítima";"55,8";"BR-153/SP";"Norte";"Tombamento de Moto";0;0;0;1;0;0;0;0;0;0;1;0;0;0;0
"10/06/2017";"23:01:00";"103";"sem vítima";"57";"BR-153/SP";"Norte";"Atropelamento de Animal";2;0;0;0;0;1;0;0;0;0;4;0;0;0;0
"11/06/2017";"00:53:00";"3";"sem vítima";"66,4";"BR-153/SP";"Sul";"Choque contra Objeto Fixo";1;0;0;0;0;0;0;0;0;0;1;0;0;0;0
"11/06/2017";"14:57:00";"59";"sem vítima";"35,7";"BR-153/SP";"Norte";"Colisão Lateral";1;0;1;0;0;0;0;0;0;0;3;0;0;0;0
"11/06/2017";"19:50:00";"87";"sem vítima";"2";"BR-153/SP";"Norte";"Tombamento de Moto";0;0;0;1;0;0;0;0;0;0;2;0;0;0;0
"12/06/2017";"07:34:00";"15";"sem vítima";"62,3";"BR-153/SP";"Sul";"Colisão Traseira";1;0;0;0;0;0;0;0;0;1;2;0;0;0;0
"12/06/2017";"10:01:00";"31";"sem vítima";"62,3";"BR-153/SP";"Sul";"Colisão Traseira";2;0;0;0;0;0;0;0;0;0;2;0;0;0;0
"12/06/2017";"14:34:00";"51";"com vítima";"61,8";"BR-153/SP";"Sul";"Colisão Traseira";2;0;0;0;0;0;0;0;0;0;0;3;0;0;0
"12/06/2017";"18:26:00";"68";"sem vítima";"70";"BR-153/SP";"Sul";"Engavetamento";1;0;0;0;0;2;0;0;0;0;3;0;0;0;0
"13/06/2017";"07:11:00";"10";"sem vítima";"205";"BR-153/SP";"Norte";"Choque contra objeto na faixa de rolamento";0;0;2;0;0;0;0;0;0;0;2;0;0;0;0
"13/06/2017";"07:49:00";"13";"com vítima";"71";"BR-153/SP";"Norte";"Tombamento de Moto";0;0;0;1;0;0;0;0;0;0;1;1;0;0;0
"13/06/2017";"09:16:00";"19";"com vítima";"313,6";"BR-153/SP";"Sul";"Saída de Pista";0;0;1;0;0;0;0;0;0;0;1;1;0;0;0
"13/06/2017";"11:09:00";"31";"sem vítima";"150";"BR-153/SP";"Norte";"Saída de Pista";0;0;1;0;0;0;0;0;0;0;1;0;0;0;0
"13/06/2017";"13:11:00";"41";"sem vítima";"275,4";"BR-153/SP";"Norte";"Saída de Pista";0;0;1;0;0;0;0;0;0;0;4;0;0;0;0
"13/06/2017";"14:48:00";"49";"sem vítima";"58";"BR-153/SP";"Sul";"Tombamento de Moto";0;0;0;1;0;0;0;0;0;0;2;0;0;0;0
"13/06/2017";"14:48:00";"54";"sem vítima";"58";"BR-153/SP";"Norte";"Tombamento de Moto";0;0;0;1;0;0;0;0;0;0;1;0;0;0;0
"13/06/2017";"20:11:00";"74";"sem vítima";"118,7";"BR-153/SP";"Sul";"Colisão Lateral";1;0;0;0;0;1;0;0;0;0;3;0;0;0;0
"14/06/2017";"12:55:00";"60";"com vítima";"66,5";"BR-153/SP";"Sul";"Tombamento de Moto";0;0;0;1;0;0;0;0;0;0;0;1;0;0;0
"14/06/2017";"18:59:00";"87";"sem vítima";"308";"BR-153/SP";"Sul";"Colisão Traseira";1;0;0;0;0;1;0;0;0;0;3;0;0;0;0
"15/06/2017";"04:10:00";"5";"sem vítima";"107";"BR-153/SP";"Sul";"Saída de Pista";1;0;0;0;0;0;0;0;0;0;1;0;0;0;0
"15/06/2017";"15:03:00";"52";"sem vítima";"189,4";"BR-153/SP";"Sul";"Colisão Traseira";1;0;0;0;0;0;0;0;0;1;7;0;0;0;0
"15/06/2017";"18:06:00";"69";"com vítima";"141";"BR-153/SP";"Sul";"Colisão Lateral";0;0;0;0;0;0;0;0;0;2;1;2;2;0;0
"16/06/2017";"12:27:00";"45";"com vítima";"61";"BR-153/SP";"Norte";"Tombamento de Moto";0;0;0;1;0;0;0;0;0;0;0;1;0;0;0
"16/06/2017";"14:01:00";"59";"sem vítima";"62,8";"BR-153/SP";"Sul";"Colisão Traseira";1;0;0;0;0;1;0;0;0;0;2;0;0;0;0
"17/06/2017";"09:21:00";"25";"com vítima";"174,4";"BR-153/SP";"Sul";"Colisão Transversal";0;0;2;0;0;0;0;0;0;0;1;2;0;0;0
"17/06/2017";"18:52:00";"60";"com vítima";"61,3";"BR-153/SP";"Norte";"Tombamento de Moto";0;0;0;1;0;0;0;0;0;0;0;1;0;0;0
"17/06/2017";"19:32:00";"65";"sem vítima";"60,85";"BR-153/SP";"Sul";"Colisão Traseira";1;0;1;0;0;0;0;0;0;0;6;0;0;0;0
"17/06/2017";"20:32:00";"69";"com vítima";"60";"BR-153/SP";"Sul";"Colisão Traseira";1;0;0;1;0;0;0;0;0;0;1;1;0;0;0
"17/06/2017";"23:42:00";"79";"com vítima";"55,85";"BR-153/SP";"Sul";"Saída de Pista";1;0;0;0;0;0;0;0;0;0;1;1;0;0;0
"18/06/2017";"21:23:00";"69";"sem vítima";"56";"BR-153/SP";"Norte";"Tombamento de Moto";0;0;0;1;0;0;0;0;0;0;1;0;0;0;0
"19/06/2017";"09:30:00";"34";"sem vítima";"58,8";"BR-153/SP";"Sul";"Colisão Transversal";2;0;0;0;0;0;0;0;0;0;6;0;0;0;0
"20/06/2017";"07:53:00";"18";"sem vítima";"61,8";"BR-153/SP";"Sul";"Colisão Traseira";1;0;1;0;0;0;0;0;0;0;2;0;0;0;0
"21/06/2017";"17:11:00";"74";"sem vítima";"62,3";"BR-153/SP";"Sul";"Engavetamento";2;0;0;0;0;0;0;0;0;1;4;0;0;0;0
"21/06/2017";"18:05:00";"76";"sem vítima";"96,1";"BR-153/SP";"Sul";"Colisão Traseira";1;0;1;0;0;0;0;0;0;0;3;0;0;0;0
"21/06/2017";"19:03:00";"85";"sem vítima";"70";"BR-153/SP";"Norte";"Colisão Traseira";1;0;0;0;0;1;0;0;0;0;3;0;0;0;0
"21/06/2017";"19:35:00";"87";"com vítima";"76";"BR-153/SP";"Norte";"Colisão Traseira";1;0;0;1;0;0;0;0;0;0;1;1;0;0;0
"22/06/2017";"08:26:00";"21";"sem vítima";"87,7";"BR-153/SP";"Norte";"Tombamento de Moto";0;0;0;1;0;0;0;0;0;0;2;0;0;0;0
"22/06/2017";"09:56:00";"39";"sem vítima";"65";"BR-153/SP";"Sul";"Colisão Traseira";1;0;0;0;0;0;0;0;0;1;3;0;0;0;0
"22/06/2017";"10:15:00";"46";"sem vítima";"208,85";"BR-153/SP";"Norte";"Colisão Transversal";1;0;0;0;0;0;0;0;0;1;6;0;0;0;0
"22/06/2017";"18:47:00";"96";"sem vítima";"31,5";"BR-153/SP";"Sul";"Colisão Transversal";1;0;1;0;0;0;0;0;0;0;2;0;0;0;0
"23/06/2017";"08:02:00";"26";"sem vítima";"58";"BR-153/SP";"Norte";"Colisão Transversal";0;0;2;0;0;0;0;0;0;0;2;0;0;0;0
"23/06/2017";"14:45:00";"73";"com vítima";"182";"BR-153/SP";"Norte";"Colisão Transversal";2;0;0;0;0;0;0;0;0;0;2;2;0;0;0
"23/06/2017";"17:26:00";"89";"com vítima";"62";"BR-153/SP";"Sul";"Engavetamento";0;0;0;1;0;0;0;0;0;3;7;1;0;0;0
"24/06/2017";"00:35:00";"2";"sem vítima";"94";"BR-153/SP";"Norte";"Tombamento de Moto";0;0;0;1;0;0;0;0;0;0;2;0;0;0;0
"24/06/2017";"19:53:00";"79";"com vítima";"98,9";"BR-153/SP";"Norte";"Engavetamento";3;0;0;0;0;0;0;0;0;0;7;1;0;0;0
"26/06/2017";"16:15:00";"71";"com vítima";"184";"BR-153/SP";"Norte";"Colisão Traseira";1;0;1;0;0;0;0;0;0;0;1;1;0;0;0
"27/06/2017";"08:23:00";"13";"sem vítima";"73";"BR-153/SP";"Norte";"Engavetamento";3;0;0;0;0;0;0;0;0;1;4;0;0;0;0
"27/06/2017";"15:57:00";"79";"sem vítima";"51,8";"BR-153/SP";"Norte";"Colisão Transversal";2;0;0;0;0;0;0;0;0;0;3;0;0;0;0
"27/06/2017";"17:15:00";"86";"com vítima";"58,9";"BR-153/SP";"Norte";"Colisão Transversal";1;0;0;1;0;0;0;0;0;0;2;1;0;0;0
"27/06/2017";"18:00:00";"92";"com vítima";"225,4";"BR-153/SP";"Norte";"Colisão Frontal";1;0;0;0;0;0;0;0;0;1;1;3;2;0;0
"27/06/2017";"22:51:00";"110";"sem vítima";"56";"BR-153/SP";"Norte";"Saída de Pista";1;0;0;0;0;0;0;0;0;0;1;0;0;0;0
"28/06/2017";"07:04:00";"11";"sem vítima";"62,2";"BR-153/SP";"Sul";"Colisão Traseira";2;0;0;0;0;0;0;0;0;0;2;0;0;0;0
"28/06/2017";"08:11:00";"18";"sem vítima";"62,8";"BR-153/SP";"Sul";"Engavetamento";3;0;0;0;0;0;0;0;0;0;3;0;0;0;0
"28/06/2017";"08:44:00";"23";"sem vítima";"73";"BR-153/SP";"Norte";"Colisão Traseira";1;0;0;0;0;0;0;0;0;1;2;0;0;0;0
"28/06/2017";"11:13:00";"49";"sem vítima";"61";"BR-153/SP";"Norte";"Colisão Traseira";0;0;2;0;0;0;0;0;0;0;2;0;0;0;0
"28/06/2017";"13:36:00";"59";"com vítima";"68";"BR-153/SP";"Norte";"Tombamento de Moto";0;0;0;1;0;0;0;0;0;0;0;1;0;0;0
"29/06/2017";"03:49:00";"11";"sem vítima";"113,5";"BR-153/SP";"Sul";"Colisão Lateral";1;0;1;0;0;0;0;0;0;0;3;0;0;0;0
"29/06/2017";"08:04:00";"21";"com vítima";"64,9";"BR-153/SP";"Norte";"Atropelamento de Animal";0;0;0;1;0;0;0;0;0;0;0;1;0;0;0
"30/06/2017";"06:56:00";"14";"com vítima";"71";"BR-153/SP";"Norte";"Tombamento de Moto";0;0;0;1;0;0;0;0;0;0;0;0;1;0;0
"30/06/2017";"19:01:00";"91";"sem vítima";"82";"BR-153/SP";"Norte";"Colisão Traseira";1;0;0;0;0;0;0;0;0;1;2;0;0;0;0
"30/06/2017";"22:44:00";"110";"com vítima";"59";"BR-153/SP";"Sul";"Tombamento de Moto";0;0;0;1;0;0;0;0;0;0;0;1;0;0;0
"01/07/2017";"12:49:00";"55";"com vítima";"154";"BR-153/SP";"Norte";"Colisão Traseira";0;0;0;1;0;1;0;0;0;0;1;1;0;0;0
"01/07/2017";"13:45:00";"60";"sem vítima";"337,1";"BR-153/SP";"Sul";"Tombamento";0;0;1;0;0;0;0;0;0;0;1;0;0;0;0
"01/07/2017";"21:05:00";"95";"com vítima";"22";"BR-153/SP";"Norte";"Saída de Pista";1;0;0;0;0;0;0;0;0;0;0;0;0;0;1
"02/07/2017";"03:45:00";"12";"sem vítima";"302";"BR-153/SP";"Norte";"Saída de Pista";1;0;0;0;0;0;0;0;0;0;3;0;0;0;0
"02/07/2017";"04:41:00";"14";"com vítima";"200,5";"BR-153/SP";"Norte";"Colisão Frontal";1;0;0;0;0;0;0;0;0;1;0;0;1;1;2
"02/07/2017";"12:11:00";"38";"sem vítima";"268,1";"BR-153/SP";"Norte";"Colisão Traseira";0;0;1;1;0;0;0;0;0;0;3;0;0;0;0
"02/07/2017";"22:21:00";"79";"sem vítima";"136";"BR-153/SP";"Sul";"Choque contra Objeto Fixo";1;0;0;0;0;0;0;0;0;0;1;0;0;0;0
"03/07/2017";"15:45:00";"67";"com vítima";"62";"BR-153/SP";"Sul";"Engavetamento";1;0;0;0;0;0;0;0;0;2;4;2;0;0;0
"05/07/2017";"14:35:00";"58";"sem vítima";"62";"BR-153/SP";"Sul";"Engavetamento";3;0;0;0;0;1;0;0;0;0;7;0;0;0;0
"05/07/2017";"19:38:00";"88";"sem vítima";"164";"BR-153/SP";"Norte";"Saída de Pista";0;0;1;0;0;0;0;0;0;0;1;0;0;0;0
"05/07/2017";"20:42:00";"94";"sem vítima";"74";"BR-153/SP";"Norte";"Saída de Pista";1;0;0;0;0;1;0;0;0;0;2;0;0;0;0
"06/07/2017";"03:45:00";"10";"com vítima";"130";"BR-153/SP";"Sul";"Tombamento de Moto";0;0;0;1;0;0;0;0;0;0;0;0;1;0;0
"06/07/2017";"14:22:00";"65";"com vítima";"58,8";"BR-153/SP";"Norte";"Tombamento de Moto";0;0;0;1;0;0;0;0;0;0;0;2;0;0;0
"06/07/2017";"14:38:00";"66";"sem vítima";"73,5";"BR-153/SP";"Sul";"Capotamento";1;0;0;0;0;0;0;0;0;0;1;0;0;0;0
"06/07/2017";"16:15:00";"80";"sem vítima";"336,1";"BR-153/SP";"Norte";"Colisão Traseira";0;0;1;0;0;0;0;0;0;1;2;0;0;0;0
"06/07/2017";"18:30:00";"94";"com vítima";"60,3";"BR-153/SP";"Norte";"Tombamento de Moto";0;0;0;1;0;0;0;0;0;0;0;1;0;0;0
"09/07/2017";"05:23:00";"15";"sem vítima";"79";"BR-153/SP";"Norte";"Colisão Lateral";1;0;0;0;0;0;0;0;0;1;4;0;0;0;0
"09/07/2017";"18:14:00";"79";"com vítima";"65,5";"BR-153/SP";"Sul";"Colisão Frontal";2;0;0;0;0;0;0;0;0;0;4;1;0;0;0
"10/07/2017";"20:34:00";"94";"sem vítima";"62";"BR-153/SP";"Norte";"Saída de Pista";1;0;0;0;0;0;0;0;0;0;2;0;0;0;0
"11/07/2017";"19:07:00";"99";"sem vítima";"71";"BR-153/SP";"Norte";"Colisão Traseira";1;0;0;0;0;0;0;0;0;1;2;0;0;0;0
"12/07/2017";"10:23:00";"34";"com vítima";"62,3";"BR-153/SP";"Sul";"Engavetamento";1;0;1;0;0;0;0;0;0;1;1;2;0;0;0
"13/07/2017";"17:40:00";"73";"com vítima";"52";"BR-153/SP";"Norte";"Colisão Transversal";1;0;0;1;0;0;0;0;0;0;1;2;0;0;0
"13/07/2017";"23:35:00";"101";"com vítima";"256,5";"BR-153/SP";"Norte";"Tombamento de Moto";0;0;0;1;0;0;0;0;0;0;0;1;0;0;0
"14/07/2017";"03:34:00";"6";"sem vítima";"76,4";"BR-153/SP";"Sul";"Saída de Pista";1;0;0;0;0;0;0;0;0;0;2;0;0;0;0
"14/07/2017";"11:06:00";"38";"sem vítima";"35,8";"BR-153/SP";"Norte";"Colisão Traseira";1;0;1;0;0;0;0;0;0;0;2;0;0;0;0
"14/07/2017";"21:11:00";"86";"com vítima";"40";"BR-153/SP";"Norte";"Colisão Frontal";1;0;0;0;1;0;0;0;0;0;41;1;1;1;1
"15/07/2017";"11:37:00";"31";"sem vítima";"58";"BR-153/SP";"Norte";"Colisão Transversal";2;0;0;0;0;0;0;0;0;0;4;0;0;0;0
"15/07/2017";"22:26:00";"76";"com vítima";"157,6";"BR-153/SP";"Norte";"Atropelamento de Animal";0;0;0;1;0;0;0;0;0;0;0;0;1;1;0
"16/07/2017";"21:34:00";"95";"sem vítima";"45";"BR-153/SP";"Sul";"Colisão Traseira";1;0;0;0;0;1;0;0;0;0;2;0;0;0;0
"17/07/2017";"11:22:00";"46";"com vítima";"98,9";"BR-153/SP";"Norte";"Engavetamento";1;0;0;0;0;1;0;0;0;1;2;2;0;0;0
"17/07/2017";"14:02:00";"67";"sem vítima";"62";"BR-153/SP";"Sul";"Engavetamento";2;0;0;0;0;1;0;0;0;2;8;0;0;0;0
"17/07/2017";"17:08:00";"83";"sem vítima";"70,4";"BR-153/SP";"Norte";"Engavetamento";1;0;0;0;0;1;0;0;0;3;9;0;0;0;0
"18/07/2017";"17:02:00";"81";"sem vítima";"183,8";"BR-153/SP";"Sul";"Tombamento de Moto";0;0;0;1;0;0;0;0;0;0;1;0;0;0;0
"19/07/2017";"15:39:00";"77";"sem vítima";"98,5";"BR-153/SP";"Sul";"Colisão Traseira";0;0;1;1;0;0;0;0;0;0;3;0;0;0;0
"20/07/2017";"08:05:00";"18";"sem vítima";"61";"BR-153/SP";"Sul";"Engavetamento";1;0;0;0;0;0;0;0;0;2;3;0;0;0;0
"20/07/2017";"08:47:00";"24";"sem vítima";"62,3";"BR-153/SP";"Sul";"Colisão Traseira";1;0;0;0;0;0;0;0;0;1;2;0;0;0;0
"21/07/2017";"03:28:00";"5";"sem vítima";"63,4";"BR-153/SP";"Norte";"Colisão Lateral";1;0;1;0;0;0;0;0;0;0;2;0;0;0;0
"21/07/2017";"03:49:00";"6";"com vítima";"63,8";"BR-153/SP";"Norte";"Saída de Pista";1;0;0;0;0;0;0;0;0;0;0;0;0;2;0
"22/07/2017";"02:45:00";"7";"com vítima";"62,7";"BR-153/SP";"Norte";"Colisão Traseira";2;0;0;0;0;0;0;0;0;0;0;1;1;0;0