data;horario;n_da_ocorrencia;tipo_de_ocorrencia;km;trecho;sentido;tipo_de_acidente;automovel;bicicleta;caminhao;moto;onibus;outros;tracao_animal;transporte_de_cargas_especiais;trator_maquinas;utilitarios;ilesos;levemente_feridos;moderadamente_feridos;gravemente_feridos;mortos
"06/04/2019";"18:41:00";"85";"com vítima";"35,8";"BR-153/SP";"Norte";"Engavetamento";1;0;0;0;2;0;0;0;0;0;24;2;0;0;0
"06/04/2019";"19:15:00";"89";"com vítima";"51,7";"BR-153/SP";"Norte";"Colisão Transversal";2;0;1;0;0;0;0;0;0;1;4;2;1;0;0
"07/04/2019";"00:12:00";"1";"com vítima";"280";"BR-153/SP";"Sul";"Colisão Traseira";2;0;0;0;0;0;0;0;0;0;2;3;0;0;0
"07/04/2019";"02:38:00";"6";"com vítima";"56";"BR-153/SP";"Sul";"Tombamento de Moto";0;0;0;1;0;0;0;0;0;0;0;1;1;0;0
"07/04/2019";"05:41:00";"13";"sem vítima";"344,9";"BR-153/SP";"Norte";"Saída de Pista";0;0;0;0;0;0;0;0;0;1;1;0;0;0;0
"07/04/2019";"20:39:00";"79";"sem vítima";"264";"BR-153/SP";"Sul";"Saída de Pista";0;0;0;0;0;1;0;0;0;1;5;0;0;0;0
"08/04/2019";"04:59:00";"6";"sem vítima";"21,9";"BR-153/SP";"Norte";"Saída de Pista";1;0;0;0;0;0;0;0;0;0;1;0;0;0;0
"08/04/2019";"06:38:00";"10";"sem vítima";"47";"BR-153/SP";"Norte";"Saída de Pista";0;0;1;0;0;0;0;0;0;0;1;0;0;0;0
"09/04/2019";"08:04:00";"14";"com vítima";"61,8";"BR-153/SP";"Sul";"Engavetamento";3;0;0;0;0;0;0;0;0;0;5;1;0;0;0
"09/04/2019";"13:01:00";"60";"com vítima";"148";"BR-153/SP";"Sul";"Tombamento de Moto";0;0;0;1;0;0;0;0;0;0;1;1;0;0;0
"09/04/2019";"16:47:00";"70";"sem vítima";"73,2";"BR-153/SP";"Sul";"Colisão Traseira";1;0;1;0;0;0;0;0;0;0;3;0;0;0;0
"09/04/2019";"20:01:00";"86";"com vítima";"44";"BR-153/SP";"Norte";"Colisão Traseira";0;0;1;0;0;0;0;0;0;1;1;0;1;0;0
"10/04/2019";"14:06:00";"54";"com vítima";"109,2";"BR-153/SP";"Norte";"Tombamento de Moto";0;0;0;1;0;0;0;0;0;0;0;2;0;0;0
"10/04/2019";"16:15:00";"66";"sem vítima";"111,5";"BR-153/SP";"Sul";"Colisão Transversal";1;0;1;0;0;0;0;0;0;0;2;0;0;0;0
"10/04/2019";"17:16:00";"68";"com vítima";"67";"BR-153/SP";"Sul";"Colisão Traseira";1;0;0;1;0;0;0;0;0;0;2;1;0;0;0
"10/04/2019";"18:19:00";"78";"com vítima";"62";"BR-153/SP";"Sul";"Engavetamento";2;0;0;1;0;0;0;0;0;0;4;1;0;0;0
"10/04/2019";"18:36:00";"82";"sem vítima";"90,3";"BR-153/SP";"Sul";"Saída de Pista";1;0;0;0;0;0;0;0;0;0;1;0;0;0;0
"11/04/2019";"10:00:00";"46";"sem vítima";"61,8";"BR-153/SP";"Norte";"Saída de Pista";0;0;0;0;0;0;0;0;0;1;1;0;0;0;0
"11/04/2019";"14:52:00";"77";"sem vítima";"183,8";"BR-153/SP";"Norte";"Colisão Traseira";0;0;2;0;0;0;0;0;0;0;2;0;0;0;0
"11/04/2019";"16:40:00";"88";"sem vítima";"35,8";"BR-153/SP";"Sul";"Colisão Traseira";0;0;0;0;0;0;0;0;0;2;5;0;0;0;0
"11/04/2019";"19:07:00";"100";"sem vítima";"62";"BR-153/SP";"Sul";"Colisão Traseira";2;0;0;0;0;0;0;0;0;0;2;0;0;0;0
"12/04/2019";"03:26:00";"8";"sem vítima";"173";"BR-153/SP";"Norte";"Saída de Pista";1;0;0;0;0;0;0;0;0;0;1;0;0;0;0
"12/04/2019";"14:47:00";"64";"sem vítima";"107,95";"BR-153/SP";"Norte";"Colisão Lateral";2;0;0;0;0;1;0;0;0;0;5;0;0;0;0
"12/04/2019";"18:52:00";"83";"sem vítima";"75";"BR-153/SP";"Sul";"Tombamento de Moto";0;0;0;1;0;0;0;0;0;0;1;0;0;0;0
"13/04/2019";"01:18:00";"6";"com vítima";"36";"BR-153/SP";"Norte";"Saída de Pista";1;0;0;0;0;0;0;0;0;0;0;1;0;0;0
"13/04/2019";"03:02:00";"10";"com vítima";"54,3";"BR-153/SP";"Norte";"Saída de Pista";0;0;0;1;0;0;0;0;0;0;0;0;1;0;0
"13/04/2019";"06:06:00";"16";"sem vítima";"223";"BR-153/SP";"Norte";"Atropelamento de Animal";0;0;0;0;0;0;0;0;0;1;1;0;0;0;0
"13/04/2019";"11:47:00";"47";"com vítima";"321";"BR-153/SP";"Norte";"Colisão Transversal";1;0;0;0;0;0;0;0;0;1;2;1;0;0;0
"13/04/2019";"22:22:00";"98";"sem vítima";"73,3";"BR-153/SP";"Norte";"Saída de Pista";1;0;0;0;0;0;0;0;0;0;1;0;0;0;0
"14/04/2019";"01:58:00";"4";"sem vítima";"195,1";"BR-153/SP";"Norte";"Saída de Pista";1;0;0;0;0;0;0;0;0;0;1;0;0;0;0
"14/04/2019";"10:10:00";"23";"sem vítima";"35,8";"BR-153/SP";"Sul";"Engavetamento";1;0;1;0;0;0;0;0;0;1;5;0;0;0;0
"14/04/2019";"14:50:00";"53";"com vítima";"2,5";"BR-153/SP";"Sul";"Colisão Traseira";0;0;0;1;0;0;0;0;0;1;1;1;0;0;0
"14/04/2019";"19:14:00";"77";"sem vítima";"57";"BR-153/SP";"Sul";"Saída de Pista";1;0;0;0;0;0;0;0;0;0;3;0;0;0;0
"15/04/2019";"10:45:00";"43";"sem vítima";"62,1";"BR-153/SP";"Sul";"Engavetamento";2;0;0;0;0;0;0;0;0;1;4;0;0;0;0
"15/04/2019";"10:53:00";"44";"sem vítima";"62,3";"BR-153/SP";"Sul";"Colisão Traseira";1;0;1;0;0;0;0;0;0;0;3;0;0;0;0
"15/04/2019";"18:44:00";"89";"sem vítima";"61";"BR-153/SP";"Sul";"Tombamento de Moto";0;0;0;1;0;0;0;0;0;0;1;0;0;0;0
"15/04/2019";"20:12:00";"96";"sem vítima";"53";"BR-153/SP";"Norte";"Atropelamento de Animal";1;0;0;0;0;0;0;0;0;0;3;0;0;0;0
"16/04/2019";"01:27:00";"2";"sem vítima";"302";"BR-153/SP";"Norte";"Atropelamento de Animal";0;0;1;0;0;0;0;0;0;0;1;0;0;0;0
"16/04/2019";"20:09:00";"90";"sem vítima";"47";"BR-153/SP";"Sul";"Colisão Traseira";1;0;0;0;0;1;0;0;0;0;2;0;0;0;0
"17/04/2019";"08:27:00";"17";"sem vítima";"56";"BR-153/SP";"Sul";"Colisão Traseira";1;0;0;0;0;1;0;0;0;0;2;0;0;0;0
"17/04/2019";"13:34:00";"63";"sem vítima";"64,05";"BR-153/SP";"Norte";"Colisão Traseira";2;0;0;0;0;0;0;0;0;0;3;0;0;0;0
"17/04/2019";"21:52:00";"95";"sem vítima";"69,8";"BR-153/SP";"Sul";"Saída de Pista";1;0;0;0;0;0;0;0;0;0;3;0;0;0;0
"18/04/2019";"22:04:00";"119";"sem vítima";"75,9";"BR-153/SP";"Sul";"Colisão Traseira";2;0;0;0;0;0;0;0;0;0;6;0;0;0;0
"19/04/2019";"00:14:00";"1";"com vítima";"48";"BR-153/SP";"Norte";"Colisão Lateral";1;0;0;0;0;0;0;0;0;1;1;1;0;0;0
"19/04/2019";"05:53:00";"8";"com vítima";"174";"BR-153/SP";"Sul";"Colisão Transversal";1;0;0;1;0;0;0;0;0;0;1;0;1;0;0
"19/04/2019";"11:05:00";"29";"sem vítima";"25,1";"BR-153/SP";"Norte";"Colisão Traseira";2;0;0;0;0;0;0;0;0;0;11;0;0;0;0
"19/04/2019";"17:10:00";"63";"sem vítima";"290,5";"BR-153/SP";"Norte";"Saída de Pista";0;0;0;0;0;0;0;0;0;1;1;0;0;0;0
"19/04/2019";"23:35:00";"86";"com vítima";"67,6";"BR-153/SP";"Norte";"Tombamento de Moto";0;0;0;1;0;0;0;0;0;0;0;0;1;0;0
"20/04/2019";"14:11:00";"41";"sem vítima";"37,7";"BR-153/SP";"Norte";"Colisão Lateral";2;0;0;0;0;0;0;0;0;0;4;0;0;0;0
"20/04/2019";"18:44:00";"66";"sem vítima";"56";"BR-153/SP";"Sul";"Saída de Pista";1;0;0;0;0;0;0;0;0;0;1;0;0;0;0
"21/04/2019";"03:48:00";"10";"sem vítima";"25,5";"BR-153/SP";"Norte";"Saída de Pista";1;0;0;0;0;0;0;0;0;0;1;0;0;0;0
"21/04/2019";"06:17:00";"13";"com vítima";"58,2";"BR-153/SP";"Sul";"Saída de Pista";0;0;0;1;0;0;0;0;0;0;0;0;0;0;2
"22/04/2019";"07:38:00";"16";"sem vítima";"60,75";"BR-153/SP";"Sul";"Colisão Traseira";2;0;0;0;0;0;0;0;0;0;3;0;0;0;0
"22/04/2019";"11:18:00";"51";"sem vítima";"188,15";"BR-153/SP";"Norte";"Colisão Traseira";0;0;0;0;1;0;0;0;0;1;30;0;0;0;0
"22/04/2019";"20:16:00";"101";"com vítima";"64";"BR-153/SP";"Norte";"Colisão Frontal";0;1;0;0;0;0;0;0;0;1;1;0;1;0;0
"23/04/2019";"12:59:00";"60";"sem vítima";"65";"BR-153/SP";"Norte";"Colisão Traseira";0;0;0;0;0;0;0;0;0;2;3;0;0;0;0
"23/04/2019";"16:58:00";"84";"sem vítima";"57";"BR-153/SP";"Sul";"Engavetamento";3;0;0;0;0;1;0;0;0;0;5;0;0;0;0
"23/04/2019";"18:24:00";"97";"sem vítima";"73";"BR-153/SP";"Sul";"Tombamento de Moto";0;0;0;1;0;0;0;0;0;0;1;0;0;0;0
"24/04/2019";"06:33:00";"14";"com vítima";"64,2";"BR-153/SP";"Sul";"Tombamento de Moto";0;0;0;1;0;0;0;0;0;0;0;0;1;0;0
"24/04/2019";"15:35:00";"59";"com vítima";"71,6";"BR-153/SP";"Norte";"Tombamento de Moto";0;0;0;1;0;1;0;0;0;0;1;1;0;0;0
"25/04/2019";"05:54:00";"9";"com vítima";"190,3";"BR-153/SP";"Norte";"Colisão Traseira";1;0;1;0;0;0;0;0;0;0;3;2;0;0;0
"25/04/2019";"10:32:00";"36";"sem vítima";"56";"BR-153/SP";"Norte";"Colisão Traseira";1;0;1;0;0;0;0;0;0;0;3;0;0;0;0
"25/04/2019";"20:19:00";"100";"sem vítima";"223";"BR-153/SP";"Sul";"Atropelamento de Animal";0;0;0;0;0;0;0;0;0;1;1;0;0;0;0
"26/04/2019";"11:32:00";"51";"sem vítima";"288,6";"BR-153/SP";"Sul";"Colisão Transversal";2;0;0;0;0;0;0;0;0;0;3;0;0;0;0
"26/04/2019";"14:55:00";"76";"com vítima";"53";"BR-153/SP";"Sul";"Colisão Traseira";0;0;0;1;0;1;0;0;0;0;1;2;0;0;0
"26/04/2019";"17:07:00";"92";"sem vítima";"58";"BR-153/SP";"Norte";"Colisão Transversal";1;0;0;1;0;0;0;0;0;0;2;0;0;0;0
"26/04/2019";"18:30:00";"101";"sem vítima";"61,5";"BR-153/SP";"Sul";"Engavetamento";3;0;0;0;0;0;0;0;0;1;7;0;0;0;0
"26/04/2019";"23:14:00";"113";"com vítima";"49,15";"BR-153/SP";"Norte";"Saída de Pista";1;0;0;0;0;0;0;0;0;0;0;1;0;0;0
"27/04/2019";"13:31:00";"68";"sem vítima";"62,9";"BR-153/SP";"Sul";"Colisão Traseira";2;0;0;0;0;0;0;0;0;0;3;0;0;0;0
"27/04/2019";"19:55:00";"101";"com vítima";"108,9";"BR-153/SP";"Norte";"Colisão Traseira";1;0;0;0;0;1;0;0;0;0;2;1;0;0;0
"27/04/2019";"22:56:00";"107";"sem vítima";"18";"BR-153/SP";"Norte";"Saída de Pista";1;0;0;0;0;0;0;0;0;0;2;0;0;0;0
"28/04/2019";"18:39:00";"84";"sem vítima";"75";"BR-153/SP";"Norte";"Colisão Traseira";2;0;0;0;0;0;0;0;0;0;8;0;0;0;0
"28/04/2019";"19:13:00";"89";"sem vítima";"75";"BR-153/SP";"Norte";"Colisão Traseira";1;0;0;0;0;0;0;0;0;1;3;0;0;0;0
"28/04/2019";"20:42:00";"98";"com vítima";"256";"BR-153/SP";"Sul";"Choque contra Objeto Fixo";0;0;0;0;0;0;0;0;0;1;0;1;0;0;0
"29/04/2019";"09:15:00";"22";"sem vítima";"3,2";"BR-153/SP";"Sul";"Colisão Lateral";1;0;1;0;0;0;0;0;0;0;5;0;0;0;0
"29/04/2019";"17:27:00";"90";"sem vítima";"62,9";"BR-153/SP";"Sul";"Colisão Traseira";0;0;0;1;0;0;0;0;0;1;2;0;0;0;0
"29/04/2019";"19:08:00";"96";"com vítima";"54,5";"BR-153/SP";"Norte";"Atropelamento  de Pedestre";0;0;0;0;0;0;0;0;0;1;2;0;0;1;0
"01/05/2019";"05:46:00";"10";"sem vítima";"61,7";"BR-153/SP";"Norte";"Saída de Pista";1;0;0;0;0;0;0;0;0;0;1;0;0;0;0
"01/05/2019";"19:12:00";"67";"com vítima";"127";"BR-153/SP";"Norte";"Atropelamento de Animal";0;0;0;1;0;0;0;0;0;0;0;1;0;0;0
"01/05/2019";"20:23:00";"71";"sem vítima";"64";"BR-153/SP";"Norte";"Saída de Pista";1;0;0;0;0;0;0;0;0;0;1;0;0;0;0
"02/05/2019";"15:28:00";"59";"sem vítima";"98,9";"BR-153/SP";"Sul";"Colisão Traseira";1;0;1;0;0;0;0;0;0;0;3;0;0;0;0
"02/05/2019";"19:09:00";"81";"sem vítima";"56";"BR-153/SP";"Norte";"Engavetamento";2;0;1;0;0;0;0;0;0;0;4;0;0;0;0
"02/05/2019";"19:12:00";"82";"sem vítima";"63";"BR-153/SP";"Sul";"Colisão Traseira";2;0;0;0;0;0;0;0;0;0;3;0;0;0;0
"03/05/2019";"08:00:00";"16";"com vítima";"61,7";"BR-153/SP";"Sul";"Colisão Traseira";0;0;0;1;0;0;0;0;0;1;2;1;0;0;0
"03/05/2019";"08:32:00";"19";"sem vítima";"18";"BR-153/SP";"Norte";"Colisão Transversal";2;0;0;0;0;0;0;0;0;0;6;0;0;0;0
"03/05/2019";"10:46:00";"41";"sem vítima";"63";"BR-153/SP";"Norte";"Colisão Traseira";0;0;2;0;0;0;0;0;0;0;3;0;0;0;0
"04/05/2019";"19:16:00";"79";"sem vítima";"76";"BR-153/SP";"Norte";"Colisão Traseira";2;0;0;0;0;0;0;0;0;0;2;0;0;0;0
"05/05/2019";"18:00:00";"73";"sem vítima";"29,8";"BR-153/SP";"Sul";"Engavetamento";3;0;0;0;0;0;0;0;0;0;8;0;0;0;0
"05/05/2019";"19:00:00";"80";"sem vítima";"75";"BR-153/SP";"Sul";"Colisão Traseira";2;0;0;0;0;0;0;0;0;0;4;0;0;0;0
"05/05/2019";"19:59:00";"84";"com vítima";"67";"BR-153/SP";"Norte";"Colisão Frontal";1;0;1;0;0;0;0;0;0;0;1;0;0;0;1
"06/05/2019";"06:35:00";"10";"com vítima";"30,2";"BR-153/SP";"Sul";"Colisão Transversal";2;0;0;0;0;0;0;0;0;0;3;1;0;0;0
"06/05/2019";"08:13:00";"20";"com vítima";"174";"BR-153/SP";"Norte";"Colisão Traseira";0;0;0;0;0;1;0;0;0;1;1;1;0;0;0
"06/05/2019";"16:07:00";"85";"sem vítima";"58,8";"BR-153/SP";"Norte";"Tombamento de Moto";0;0;0;1;0;0;0;0;0;0;1;0;0;0;0
"06/05/2019";"21:15:00";"101";"sem vítima";"42";"BR-153/SP";"Norte";"Saída de Pista";0;0;0;0;0;0;0;0;0;1;1;0;0;0;0
"07/05/2019";"06:52:00";"5";"com vítima";"54,5";"BR-153/SP";"Sul";"Saída de Pista";1;0;0;0;0;0;0;0;0;0;0;1;0;0;0
"07/05/2019";"10:18:00";"31";"com vítima";"191";"BR-153/SP";"Norte";"Saída de Pista";0;0;0;0;0;0;0;0;0;1;0;1;0;0;0
"08/05/2019";"18:47:00";"108";"sem vítima";"75,9";"BR-153/SP";"Norte";"Colisão Traseira";1;0;0;1;0;0;0;0;0;0;3;0;0;0;0
"09/05/2019";"09:11:00";"40";"sem vítima";"79";"BR-153/SP";"Sul";"Colisão Traseira";0;0;1;0;1;0;0;0;0;0;2;0;0;0;0
"09/05/2019";"12:39:00";"63";"sem vítima";"61";"BR-153/SP";"Norte";"Colisão Traseira";1;0;0;0;0;1;0;0;0;0;2;0;0;0;0
"09/05/2019";"18:18:00";"89";"sem vítima";"327";"BR-153/SP";"Norte";"Colisão Lateral";0;0;0;0;0;1;0;0;0;1;2;0;0;0;0
"09/05/2019";"23:19:00";"108";"com vítima";"326,5";"BR-153/SP";"Norte";"Colisão Frontal";1;0;1;0;0;0;0;0;0;0;1;0;0;0;1
"10/05/2019";"08:31:00";"24";"sem vítima";"62";"BR-153/SP";"Sul";"Colisão Traseira";2;0;0;0;0;0;0;0;0;0;3;0;0;0;0
"10/05/2019";"17:18:00";"82";"sem vítima";"271";"BR-153/SP";"Sul";"Engavetamento";2;0;0;0;0;0;0;0;0;1;6;0;0;0;0
"11/05/2019";"03:10:00";"6";"com vítima";"108,6";"BR-153/SP";"Norte";"Colisão Traseira";2;0;0;0;0;0;0;0;0;0;4;3;0;0;0
"11/05/2019";"15:50:00";"54";"sem vítima";"269";"BR-153/SP";"Norte";"Colisão Traseira";0;0;1;0;0;0;0;0;0;1;2;0;0;0;0
"12/05/2019";"01:30:00";"6";"sem vítima";"71,6";"BR-153/SP";"Sul";"Saída de Pista";1;0;0;0;0;0;0;0;0;0;4;0;0;0;0
"12/05/2019";"05:28:00";"17";"com vítima";"177,3";"BR-153/SP";"Norte";"Colisão Traseira";0;0;0;0;0;1;0;0;0;1;1;1;0;0;0
"12/05/2019";"05:33:00";"18";"sem vítima";"72,3";"BR-153/SP";"Norte";"Saída de Pista";1;0;0;0;0;0;0;0;0;0;2;0;0;0;0
"12/05/2019";"19:09:00";"72";"com vítima";"15";"BR-153/SP";"Sul";"Colisão Frontal";2;0;0;0;0;0;0;0;0;0;4;0;1;0;0
"12/05/2019";"21:04:00";"81";"sem vítima";"138,3";"BR-153/SP";"Sul";"Atropelamento de Animal";1;0;0;0;0;0;0;0;0;0;4;0;0;0;0
"13/05/2019";"01:12:00";"6";"com vítima";"139";"BR-153/SP";"Norte";"Colisão Traseira";2;0;0;0;0;0;0;0;0;0;2;1;0;0;0
"13/05/2019";"09:53:00";"38";"sem vítima";"62";"BR-153/SP";"Sul";"Engavetamento";0;0;0;0;0;1;0;0;0;2;3;0;0;0;0
"13/05/2019";"18:26:00";"91";"com vítima";"206,5";"BR-153/SP";"Norte";"Colisão Frontal";0;0;1;1;0;0;0;0;0;0;1;0;0;0;1
"14/05/2019";"12:33:00";"53";"sem vítima";"61,85";"BR-153/SP";"Norte";"Engavetamento";3;0;1;0;0;0;0;0;0;1;8;0;0;0;0
"14/05/2019";"16:38:00";"67";"sem vítima";"56";"BR-153/SP";"Sul";"Tombamento de Moto";0;0;0;1;0;0;0;0;0;0;1;0;0;0;0
"14/05/2019";"21:39:00";"88";"com vítima";"111,9";"BR-153/SP";"Sul";"Tombamento de Moto";0;0;0;1;0;0;0;0;0;0;0;0;1;0;0
"15/05/2019";"06:24:00";"10";"com vítima";"172,8";"BR-153/SP";"Norte";"Atropelamento de Animal";0;0;0;1;0;0;0;0;0;0;0;1;0;0;0
"15/05/2019";"08:11:00";"21";"com vítima";"318";"BR-153/SP";"Norte";"Tombamento de Moto";0;0;0;1;0;0;0;0;0;0;0;1;0;0;0
"15/05/2019";"10:02:00";"34";"sem vítima";"64";"BR-153/SP";"Norte";"Colisão Traseira";2;0;0;0;0;0;0;0;0;0;4;0;0;0;0
"15/05/2019";"13:35:00";"54";"sem vítima";"64";"BR-153/SP";"Norte";"Colisão Lateral";1;0;1;0;0;0;0;0;0;0;3;0;0;0;0
"16/05/2019";"16:46:00";"92";"sem vítima";"63,5";"BR-153/SP";"Norte";"Colisão Traseira";1;0;0;1;0;0;0;0;0;0;2;0;0;0;0
"17/05/2019";"09:06:00";"17";"com vítima";"25,8";"BR-153/SP";"Sul";"Colisão Transversal";0;0;1;0;0;0;0;0;0;1;1;1;0;0;0
"17/05/2019";"09:48:00";"22";"com vítima";"255";"BR-153/SP";"Sul";"Tombamento de Moto";0;0;0;1;0;0;0;0;0;0;0;1;0;0;0
"17/05/2019";"15:07:00";"61";"sem vítima";"62";"BR-153/SP";"Sul";"Colisão Traseira";0;0;0;0;0;0;0;0;0;2;3;0;0;0;0
"17/05/2019";"19:06:00";"77";"com vítima";"56";"BR-153/SP";"Norte";"Colisão Lateral";2;0;0;0;0;0;0;0;0;0;6;1;0;0;0
"18/05/2019";"07:33:00";"9";"com vítima";"116,9";"BR-153/SP";"Sul";"Colisão Transversal";1;0;1;0;0;0;0;0;0;0;1;0;1;0;0
"18/05/2019";"12:47:00";"47";"sem vítima";"67,5";"BR-153/SP";"Norte";"Outros";0;0;1;0;0;0;0;0;0;0;1;0;0;0;0
"18/05/2019";"22:48:00";"90";"com vítima";"42";"BR-153/SP";"Norte";"Colisão Transversal";1;0;1;0;0;0;0;0;0;0;1;1;0;1;0
"19/05/2019";"04:56:00";"11";"com vítima";"49,1";"BR-153/SP";"Norte";"Colisão Traseira";1;0;0;0;0;0;0;0;0;1;1;1;0;0;0
"19/05/2019";"17:28:00";"57";"com vítima";"272,8";"BR-153/SP";"Norte";"Saída de Pista";0;0;0;1;0;0;0;0;0;0;0;1;0;0;0
"20/05/2019";"07:19:00";"18";"sem vítima";"63";"BR-153/SP";"Norte";"Colisão Lateral";1;0;0;0;0;1;0;0;0;0;2;0;0;0;0
"20/05/2019";"09:41:00";"39";"com vítima";"77,95";"BR-153/SP";"Norte";"Colisão Lateral";0;0;0;0;0;1;0;0;0;1;3;1;0;0;0
"21/05/2019";"18:13:00";"82";"com vítima";"218,5";"BR-153/SP";"Norte";"Tombamento de Moto";0;0;0;1;0;0;0;0;0;0;0;2;0;0;0
"21/05/2019";"18:49:00";"84";"sem vítima";"67";"BR-153/SP";"Sul";"Colisão Traseira";0;0;0;0;0;0;0;0;0;2;2;0;0;0;0
"23/05/2019";"10:03:00";"40";"com vítima";"346";"BR-153/SP";"Sul";"Tombamento de Moto";0;0;0;1;0;0;0;0;0;0;0;1;1;0;0
"23/05/2019";"18:45:00";"103";"sem vítima";"75";"BR-153/SP";"Norte";"Colisão Traseira";1;0;0;0;0;1;0;0;0;0;2;0;0;0;0
"24/05/2019";"06:42:00";"10";"sem vítima";"55,7";"BR-153/SP";"Norte";"Colisão Transversal";1;0;0;0;1;0;0;0;0;0;4;0;0;0;0
"24/05/2019";"12:07:00";"44";"sem vítima";"27,7";"BR-153/SP";"Norte";"Colisão Transversal";1;0;1;0;0;0;0;0;0;0;2;0;0;0;0
"25/05/2019";"17:22:00";"66";"com vítima";"57";"BR-153/SP";"Norte";"Tombamento de Moto";0;0;0;1;0;0;0;0;0;0;0;1;0;0;0
"25/05/2019";"22:25:00";"88";"com vítima";"55,8";"BR-153/SP";"Norte";"Tombamento de Moto";0;0;0;1;0;0;0;0;0;0;0;1;0;0;0
"26/05/2019";"03:16:00";"8";"sem vítima";"291,2";"BR-153/SP";"Norte";"Colisão Lateral";0;0;1;0;0;1;0;0;0;0;2;0;0;0;0
"26/05/2019";"20:04:00";"84";"com vítima";"110";"BR-153/SP";"Sul";"Colisão Transversal";0;0;0;0;0;1;0;0;0;1;1;1;0;0;0
"27/05/2019";"10:45:00";"32";"sem vítima";"62";"BR-153/SP";"Sul";"Engavetamento";3;0;0;0;0;0;0;0;0;2;6;0;0;0;0
"27/05/2019";"22:23:00";"89";"sem vítima";"340";"BR-153/SP";"Sul";"Saída de Pista";0;0;0;0;0;0;0;0;0;1;1;0;0;0;0
"28/05/2019";"08:20:00";"18";"com vítima";"62,5";"BR-153/SP";"Sul";"Colisão Transversal";0;0;0;1;0;0;0;0;0;1;2;1;1;0;0
"28/05/2019";"14:57:00";"69";"com vítima";"29,85";"BR-153/SP";"Sul";"Tombamento de Moto";0;0;0;1;0;0;0;0;0;0;0;1;0;0;0
"28/05/2019";"18:31:00";"86";"com vítima";"61,9";"BR-153/SP";"Norte";"Tombamento de Moto";0;0;0;1;0;0;0;0;0;0;0;1;0;0;0
"29/05/2019";"10:30:00";"41";"sem vítima";"176";"BR-153/SP";"Sul";"Colisão Traseira";1;0;1;0;0;0;0;0;0;0;2;0;0;0;0
"29/05/2019";"15:58:00";"79";"com vítima";"31,5";"BR-153/SP";"Norte";"Colisão Transversal";1;0;1;0;0;0;0;0;0;0;1;0;2;0;1
"29/05/2019";"16:42:00";"80";"sem vítima";"125,6";"BR-153/SP";"Sul";"Saída de Pista";0;0;0;0;0;1;0;0;0;1;3;0;0;0;0
"30/05/2019";"18:09:00";"95";"com vítima";"40";"BR-153/SP";"Norte";"Colisão Frontal";1;0;0;1;0;0;0;0;0;0;5;0;0;1;0
"30/05/2019";"18:28:00";"96";"com vítima";"59";"BR-153/SP";"Norte";"Tombamento de Moto";0;0;0;1;0;0;0;0;0;0;0;1;0;0;0
"01/06/2019";"18:43:00";"74";"com vítima";"49";"BR-153/SP";"Norte";"Colisão Transversal";0;0;1;1;0;0;0;0;0;0;1;1;0;1;0
"03/06/2019";"06:54:00";"4";"com vítima";"61,9";"BR-153/SP";"Norte";"Colisão Traseira";1;0;0;1;0;0;0;0;0;0;2;1;0;0;0
"03/06/2019";"18:56:00";"58";"sem vítima";"75";"BR-153/SP";"Sul";"Colisão Traseira";2;0;0;0;0;0;0;0;0;0;4;0;0;0;0
"04/06/2019";"06:34:00";"10";"com vítima";"70";"BR-153/SP";"Norte";"Colisão Frontal";2;0;0;0;0;0;0;0;0;0;1;2;0;0;0
"04/06/2019";"07:20:00";"12";"com vítima";"115,6";"BR-153/SP";"Sul";"Capotamento";1;0;1;0;0;0;0;0;0;0;1;1;0;0;0
"04/06/2019";"07:54:00";"15";"sem vítima";"49";"BR-153/SP";"Norte";"Colisão Transversal";2;0;0;0;0;0;0;0;0;0;3;0;0;0;0
"04/06/2019";"11:37:00";"42";"sem vítima";"268,1";"BR-153/SP";"Sul";"Colisão Traseira";1;0;1;0;0;0;0;0;0;0;5;0;0;0;0
"05/06/2019";"17:14:00";"80";"sem vítima";"256,4";"BR-153/SP";"Norte";"Colisão Traseira";1;0;1;0;0;0;0;0;0;0;2;0;0;0;0
"05/06/2019";"17:32:00";"83";"sem vítima";"256,4";"BR-153/SP";"Norte";"Tombamento de Moto";0;0;0;1;0;0;0;0;0;0;2;0;0;0;0
"06/06/2019";"11:21:00";"43";"com vítima";"62,9";"BR-153/SP";"Norte";"Colisão Lateral";1;0;0;1;0;0;0;0;0;0;1;2;0;0;0
"06/06/2019";"16:46:00";"75";"sem vítima";"63,5";"BR-153/SP";"Norte";"Engavetamento";3;0;0;0;0;0;0;0;0;0;3;0;0;0;0
"06/06/2019";"18:35:00";"84";"sem vítima";"68";"BR-153/SP";"Sul";"Colisão Traseira";1;0;0;0;0;0;0;0;0;1;3;0;0;0;0
"06/06/2019";"19:55:00";"93";"sem vítima";"62";"BR-153/SP";"Norte";"Colisão Lateral";1;0;0;0;0;1;0;0;0;0;2;0;0;0;0
"07/06/2019";"07:32:00";"22";"sem vítima";"58,4";"BR-153/SP";"Norte";"Colisão Lateral";1;0;1;0;0;0;0;0;0;0;2;0;0;0;0
"07/06/2019";"13:13:00";"64";"sem vítima";"62,6";"BR-153/SP";"Sul";"Engavetamento";4;0;0;0;0;0;0;0;0;0;7;0;0;0;0
"07/06/2019";"19:24:00";"106";"com vítima";"57";"BR-153/SP";"Norte";"Colisão Transversal";0;0;0;2;0;0;0;0;0;0;0;1;0;0;1