data;horario;n_da_ocorrencia;tipo_de_ocorrencia;km;trecho;sentido;tipo_de_acidente;automovel;bicicleta;caminhao;moto;onibus;outros;tracao_animal;transporte_de_cargas_especiais;trator_maquinas;utilitarios;ilesos;levemente_feridos;moderadamente_feridos;gravemente_feridos;mortos
"08/06/2019";"08:34:00";"20";"com vítima";"90,5";"BR-153/SP";"Sul";"Tombamento de Moto";0;0;0;1;0;0;0;0;0;0;0;0;1;0;0
"08/06/2019";"11:25:00";"30";"sem vítima";"194,05";"BR-153/SP";"Norte";"Colisão Traseira";0;0;2;0;0;0;0;0;0;0;2;0;0;0;0
"08/06/2019";"16:05:00";"56";"com vítima";"39,7";"BR-153/SP";"Sul";"Colisão Frontal";0;0;0;1;0;0;0;0;0;1;2;1;0;0;0
"08/06/2019";"17:34:00";"65";"sem vítima";"58";"BR-153/SP";"Norte";"Engavetamento";0;0;0;0;0;2;0;0;0;1;6;0;0;0;0
"09/06/2019";"18:10:00";"69";"com vítima";"108";"BR-153/SP";"Norte";"Colisão Transversal";1;0;0;0;0;0;0;0;0;1;7;2;0;0;0
"09/06/2019";"18:43:00";"71";"com vítima";"200,8";"BR-153/SP";"Norte";"Colisão Traseira";1;0;0;0;0;1;0;0;0;0;2;1;0;0;0
"09/06/2019";"20:56:00";"80";"sem vítima";"44";"BR-153/SP";"Norte";"Capotamento";1;0;0;0;0;0;0;0;0;0;2;0;0;0;0
"10/06/2019";"06:47:00";"8";"com vítima";"62,2";"BR-153/SP";"Sul";"Colisão Traseira";1;0;0;1;0;0;0;0;0;0;1;1;0;0;0
"10/06/2019";"22:00:00";"102";"sem vítima";"73";"BR-153/SP";"Sul";"Saída de Pista";1;0;0;0;0;0;0;0;0;0;1;0;0;0;0
"11/06/2019";"06:42:00";"15";"sem vítima";"172,3";"BR-153/SP";"Norte";"Atropelamento de Animal";1;0;0;0;0;0;0;0;0;0;2;0;0;0;0
"11/06/2019";"16:24:00";"75";"sem vítima";"79,6";"BR-153/SP";"Norte";"Saída de Pista";1;0;0;0;0;0;0;0;0;0;1;0;0;0;0
"12/06/2019";"07:34:00";"12";"com vítima";"61";"BR-153/SP";"Norte";"Colisão Traseira";0;0;0;2;0;0;0;0;0;0;1;1;0;0;0
"12/06/2019";"08:30:00";"19";"com vítima";"255";"BR-153/SP";"Sul";"Tombamento de Moto";0;0;0;1;0;1;0;0;0;0;1;1;0;0;0
"13/06/2019";"00:14:00";"2";"sem vítima";"216,9";"BR-153/SP";"Sul";"Atropelamento de Animal";0;0;1;0;0;0;0;0;0;0;1;0;0;0;0
"13/06/2019";"16:15:00";"70";"com vítima";"151,05";"BR-153/SP";"Norte";"Saída de Pista";0;0;1;0;0;0;0;0;0;0;0;1;0;0;0
"14/06/2019";"09:54:00";"36";"sem vítima";"85";"BR-153/SP";"Norte";"Colisão Lateral";0;0;1;0;0;0;0;0;0;1;2;0;0;0;0
"14/06/2019";"10:42:00";"40";"sem vítima";"108,1";"BR-153/SP";"Norte";"Colisão Lateral";2;0;0;0;0;0;0;0;0;0;4;0;0;0;0
"14/06/2019";"16:30:00";"84";"sem vítima";"37";"BR-153/SP";"Norte";"Colisão Traseira";1;0;0;0;0;1;0;0;0;0;2;0;0;0;0
"14/06/2019";"22:05:00";"110";"com vítima";"88,05";"BR-153/SP";"Norte";"Atropelamento de Ciclista";0;1;0;0;0;1;0;0;0;0;1;0;0;1;0
"15/06/2019";"18:43:00";"90";"com vítima";"87,5";"BR-153/SP";"Norte";"Colisão Lateral";2;0;1;0;0;0;0;0;0;0;6;0;2;0;0
"16/06/2019";"04:31:00";"7";"sem vítima";"71,7";"BR-153/SP";"Sul";"Saída de Pista";1;0;0;0;0;0;0;0;0;0;2;0;0;0;0
"16/06/2019";"18:44:00";"60";"sem vítima";"73";"BR-153/SP";"Norte";"Saída de Pista";0;0;1;0;0;0;0;0;0;0;3;0;0;0;0
"18/06/2019";"07:46:00";"22";"sem vítima";"62";"BR-153/SP";"Sul";"Engavetamento";2;0;0;0;0;0;0;0;0;1;4;0;0;0;0
"18/06/2019";"09:57:00";"50";"com vítima";"63";"BR-153/SP";"Sul";"Tombamento de Moto";0;0;0;1;0;0;0;0;0;0;0;1;0;0;0
"18/06/2019";"14:53:00";"84";"com vítima";"63";"BR-153/SP";"Sul";"Tombamento de Moto";0;0;0;1;0;0;0;0;0;0;0;1;0;0;0
"19/06/2019";"02:19:00";"1";"sem vítima";"104,15";"BR-153/SP";"Norte";"Atropelamento de Animal";0;0;0;0;0;0;0;0;0;1;1;0;0;0;0
"19/06/2019";"04:41:00";"4";"sem vítima";"87,1";"BR-153/SP";"Norte";"Colisão Traseira";1;0;0;0;0;1;0;0;0;0;3;0;0;0;0
"19/06/2019";"20:34:00";"82";"sem vítima";"31,3";"BR-153/SP";"Norte";"Outros";1;0;0;0;0;0;0;0;0;0;1;0;0;0;0
"19/06/2019";"21:45:00";"85";"sem vítima";"55,6";"BR-153/SP";"Norte";"Saída de Pista";1;0;0;0;0;0;0;0;0;0;1;0;0;0;0
"19/06/2019";"22:15:00";"86";"sem vítima";"57";"BR-153/SP";"Sul";"Choque contra Objeto Fixo";0;0;0;0;0;0;0;0;0;1;1;0;0;0;0
"20/06/2019";"10:53:00";"36";"com vítima";"180,8";"BR-153/SP";"Norte";"Capotamento";1;0;0;0;0;0;0;0;0;0;0;2;0;0;0
"20/06/2019";"15:19:00";"62";"sem vítima";"54,2";"BR-153/SP";"Sul";"Colisão Lateral";2;0;0;0;0;0;0;0;0;0;4;0;0;0;0
"22/06/2019";"03:40:00";"9";"com vítima";"87,7";"BR-153/SP";"Sul";"Saída de Pista";1;0;0;0;0;0;0;0;0;0;0;0;1;0;0
"22/06/2019";"06:06:00";"14";"sem vítima";"54";"BR-153/SP";"Norte";"Choque contra Objeto Fixo";1;0;0;0;0;0;0;0;0;0;1;0;0;0;0
"22/06/2019";"13:33:00";"53";"sem vítima";"58";"BR-153/SP";"Sul";"Colisão Traseira";2;0;0;0;0;0;0;0;0;0;4;0;0;0;0
"22/06/2019";"16:56:00";"69";"sem vítima";"57,5";"BR-153/SP";"Sul";"Engavetamento";3;0;0;0;0;0;0;0;0;0;6;0;0;0;0
"22/06/2019";"20:02:00";"83";"sem vítima";"76,5";"BR-153/SP";"Norte";"Saída de Pista";0;0;0;0;0;0;0;0;0;1;4;0;0;0;0
"23/06/2019";"06:45:00";"13";"sem vítima";"1,5";"BR-153/SP";"Norte";"Colisão Traseira";2;0;0;0;0;0;0;0;0;0;3;0;0;0;0
"23/06/2019";"23:41:00";"99";"sem vítima";"105";"BR-153/SP";"Norte";"Atropelamento de Animal";1;0;0;0;0;0;0;0;0;0;1;0;0;0;0
"24/06/2019";"04:33:00";"9";"sem vítima";"73";"BR-153/SP";"Norte";"Saída de Pista";1;0;0;0;0;0;0;0;0;0;4;0;0;0;0
"24/06/2019";"07:55:00";"21";"sem vítima";"98";"BR-153/SP";"Sul";"Saída de Pista";0;0;0;0;0;0;0;0;0;1;1;0;0;0;0
"24/06/2019";"09:04:00";"30";"sem vítima";"58";"BR-153/SP";"Sul";"Colisão Traseira";1;0;0;0;0;1;0;0;0;0;2;0;0;0;0
"24/06/2019";"11:32:00";"48";"com vítima";"228,9";"BR-153/SP";"Norte";"Engavetamento";1;0;0;0;0;0;0;0;0;2;3;0;1;0;0
"25/06/2019";"16:57:00";"93";"com vítima";"285,8";"BR-153/SP";"Sul";"Colisão Lateral";1;0;1;0;0;0;0;0;0;0;2;1;0;1;0
"26/06/2019";"07:05:00";"12";"com vítima";"58,35";"BR-153/SP";"Norte";"Colisão Lateral";1;0;0;1;0;0;0;0;0;0;1;1;0;0;0
"27/06/2019";"08:18:00";"26";"sem vítima";"47";"BR-153/SP";"Sul";"Colisão Traseira";1;0;1;0;0;0;0;0;0;0;2;0;0;0;0
"27/06/2019";"13:51:00";"70";"com vítima";"20";"BR-153/SP";"Norte";"Colisão Traseira";1;0;1;0;0;0;0;0;0;0;3;1;0;0;0
"27/06/2019";"18:13:00";"94";"sem vítima";"62,3";"BR-153/SP";"Sul";"Engavetamento";2;0;0;0;0;1;0;0;0;0;3;0;0;0;0
"27/06/2019";"18:21:00";"96";"sem vítima";"63";"BR-153/SP";"Norte";"Colisão Traseira";2;0;0;0;0;0;0;0;0;0;3;0;0;0;0
"27/06/2019";"18:42:00";"101";"com vítima";"63,4";"BR-153/SP";"Sul";"Colisão Lateral";1;0;0;1;0;0;0;0;0;0;1;1;0;0;0
"28/06/2019";"14:58:00";"63";"com vítima";"116,5";"BR-153/SP";"Norte";"Saída de Pista";1;0;0;0;0;0;0;0;0;0;0;0;1;0;0
"29/06/2019";"08:38:00";"22";"sem vítima";"35,8";"BR-153/SP";"Sul";"Colisão Lateral";0;0;0;0;1;0;0;0;0;1;3;0;0;0;0
"29/06/2019";"11:28:00";"41";"sem vítima";"136";"BR-153/SP";"Norte";"Colisão Traseira";1;0;1;0;0;0;0;0;0;0;3;0;0;0;0
"30/06/2019";"03:16:00";"5";"com vítima";"331,05";"BR-153/SP";"Sul";"Saída de Pista";1;0;0;0;0;0;0;0;0;0;0;0;0;0;1
"30/06/2019";"16:52:00";"64";"com vítima";"76,8";"BR-153/SP";"Sul";"Colisão Lateral";3;0;0;0;0;0;0;0;0;0;8;1;0;0;0
"30/06/2019";"21:26:00";"97";"sem vítima";"54,6";"BR-153/SP";"Norte";"Colisão Traseira";1;0;0;0;0;0;0;0;0;1;7;0;0;0;0
"30/06/2019";"22:38:00";"101";"sem vítima";"32,3";"BR-153/SP";"Norte";"Atropelamento de Animal";1;0;0;0;0;0;0;0;0;0;1;0;0;0;0
"01/07/2019";"11:06:00";"37";"sem vítima";"65,6";"BR-153/SP";"Norte";"Colisão Traseira";2;0;0;0;0;0;0;0;0;1;3;0;0;0;0
"01/07/2019";"18:02:00";"83";"com vítima";"54,3";"BR-153/SP";"Norte";"Colisão Transversal";1;0;0;1;0;0;0;0;0;0;1;1;0;0;0
"01/07/2019";"19:57:00";"88";"com vítima";"347,3";"BR-153/SP";"Sul";"Atropelamento  de Pedestre";0;0;0;0;0;0;0;0;0;1;1;0;0;0;1
"02/07/2019";"09:10:00";"27";"com vítima";"69";"BR-153/SP";"Sul";"Tombamento de Moto";0;0;0;1;0;0;0;0;0;0;0;1;0;0;0
"02/07/2019";"09:34:00";"33";"sem vítima";"80";"BR-153/SP";"Norte";"Tombamento de Moto";0;0;0;1;0;0;0;0;0;0;2;0;0;0;0
"02/07/2019";"15:14:00";"69";"sem vítima";"81";"BR-153/SP";"Sul";"Saída de Pista";1;0;0;0;0;0;0;0;0;0;5;0;0;0;0
"03/07/2019";"08:47:00";"30";"com vítima";"47,05";"BR-153/SP";"Sul";"Colisão Traseira";1;0;1;0;0;0;0;0;0;0;2;1;0;0;0
"03/07/2019";"10:25:00";"52";"com vítima";"51,5";"BR-153/SP";"Sul";"Incidente";0;0;1;1;0;0;0;0;0;0;1;2;0;0;0
"03/07/2019";"11:35:00";"64";"sem vítima";"63,8";"BR-153/SP";"Sul";"Colisão Traseira";1;0;0;0;0;0;0;0;0;1;2;0;0;0;0
"04/07/2019";"18:06:00";"108";"com vítima";"174,4";"BR-153/SP";"Norte";"Colisão Traseira";1;0;0;1;0;0;0;0;0;0;1;1;0;0;0
"04/07/2019";"22:26:00";"129";"com vítima";"190,6";"BR-153/SP";"Sul";"Colisão Traseira";0;0;0;1;0;1;0;0;0;0;1;2;0;0;0
"05/07/2019";"05:31:00";"11";"sem vítima";"171,05";"BR-153/SP";"Sul";"Tombamento";0;0;1;0;0;0;0;0;0;0;3;0;0;0;0
"05/07/2019";"05:31:00";"12";"com vítima";"185";"BR-153/SP";"Norte";"Colisão Lateral";1;0;0;0;1;0;0;0;0;0;1;1;0;0;0
"05/07/2019";"06:12:00";"14";"sem vítima";"98,9";"BR-153/SP";"Norte";"Colisão Traseira";0;0;2;0;0;0;0;0;0;0;4;0;0;0;0
"05/07/2019";"11:31:00";"38";"sem vítima";"105,2";"BR-153/SP";"Sul";"Tombamento";0;0;1;0;0;0;0;0;0;0;1;0;0;0;0
"05/07/2019";"12:24:00";"47";"sem vítima";"257";"BR-153/SP";"Norte";"Tombamento de Moto";0;0;0;1;0;0;0;0;0;0;1;0;0;0;0
"05/07/2019";"12:42:00";"48";"sem vítima";"257";"BR-153/SP";"Norte";"Tombamento de Moto";0;0;0;1;0;0;0;0;0;0;1;0;0;0;0
"05/07/2019";"13:34:00";"55";"sem vítima";"62,3";"BR-153/SP";"Sul";"Colisão Traseira";1;0;0;0;0;1;0;0;0;0;4;0;0;0;0
"06/07/2019";"06:58:00";"15";"sem vítima";"182,2";"BR-153/SP";"Sul";"Colisão Transversal";2;0;0;0;0;0;0;0;0;0;8;0;0;0;0
"06/07/2019";"08:08:00";"20";"com vítima";"256";"BR-153/SP";"Norte";"Tombamento de Moto";0;0;0;1;0;0;0;0;0;0;1;1;0;0;0
"06/07/2019";"14:43:00";"60";"sem vítima";"53";"BR-153/SP";"Sul";"Tombamento de Moto";0;0;0;1;0;0;0;0;0;0;2;0;0;0;0
"06/07/2019";"15:03:00";"65";"sem vítima";"62,2";"BR-153/SP";"Sul";"Engavetamento";3;0;0;0;0;0;0;0;0;0;6;0;0;0;0
"07/07/2019";"17:47:00";"78";"sem vítima";"55";"BR-153/SP";"Norte";"Saída de Pista";1;0;0;0;0;0;0;0;0;0;1;0;0;0;0
"08/07/2019";"10:42:00";"45";"sem vítima";"60,1";"BR-153/SP";"Norte";"Engavetamento";3;0;0;0;0;0;0;0;0;0;6;0;0;0;0
"08/07/2019";"17:19:00";"95";"sem vítima";"55";"BR-153/SP";"Sul";"Colisão Traseira";2;0;0;0;0;0;0;0;0;0;2;0;0;0;0
"08/07/2019";"21:21:00";"112";"sem vítima";"99";"BR-153/SP";"Sul";"Colisão Transversal";0;0;1;0;0;0;0;0;0;1;2;0;0;0;0
"09/07/2019";"16:40:00";"68";"sem vítima";"72";"BR-153/SP";"Sul";"Colisão Lateral";1;0;1;0;0;0;0;0;0;0;4;0;0;0;0
"09/07/2019";"21:41:00";"94";"com vítima";"103,1";"BR-153/SP";"Sul";"Atropelamento de Animal";0;0;0;1;0;0;0;0;0;0;0;2;0;0;0
"10/07/2019";"07:20:00";"15";"sem vítima";"15,3";"BR-153/SP";"Sul";"Tombamento";0;0;0;0;0;0;0;0;0;1;3;0;0;0;0
"10/07/2019";"17:06:00";"101";"com vítima";"61";"BR-153/SP";"Norte";"Colisão Traseira";1;0;0;1;0;0;0;0;0;0;1;2;0;0;0
"10/07/2019";"18:15:00";"115";"com vítima";"161,3";"BR-153/SP";"Norte";"Colisão Transversal";1;0;2;0;0;0;0;0;0;0;2;0;0;1;0
"11/07/2019";"07:47:00";"20";"sem vítima";"72,8";"BR-153/SP";"Norte";"Colisão Traseira";1;0;0;1;0;0;0;0;0;0;2;0;0;0;0
"11/07/2019";"18:27:00";"108";"sem vítima";"185";"BR-153/SP";"Norte";"Colisão Traseira";0;0;2;0;0;0;0;0;0;0;2;0;0;0;0
"11/07/2019";"21:38:00";"122";"com vítima";"72";"BR-153/SP";"Norte";"Tombamento de Moto";0;0;0;1;0;0;0;0;0;0;0;1;0;0;0
"12/07/2019";"05:55:00";"6";"sem vítima";"57,5";"BR-153/SP";"Sul";"Colisão Traseira";1;0;1;0;0;0;0;0;0;0;2;0;0;0;0
"12/07/2019";"05:58:00";"7";"com vítima";"1,9";"BR-153/SP";"Norte";"Colisão Traseira";1;0;0;1;0;0;0;0;0;0;1;0;1;0;0
"12/07/2019";"06:08:00";"8";"sem vítima";"57,5";"BR-153/SP";"Norte";"Colisão Traseira";1;0;0;0;0;0;0;0;0;1;3;0;0;0;0
"12/07/2019";"06:31:00";"11";"sem vítima";"72,5";"BR-153/SP";"Norte";"Tombamento de Moto";0;0;0;1;0;0;0;0;0;0;1;0;0;0;0
"12/07/2019";"09:30:00";"39";"com vítima";"63,1";"BR-153/SP";"Norte";"Colisão Traseira";1;0;0;0;0;0;0;0;0;1;2;1;0;0;0
"12/07/2019";"18:41:00";"100";"sem vítima";"66";"BR-153/SP";"Sul";"Engavetamento";3;0;0;0;0;0;0;0;0;0;4;0;0;0;0
"12/07/2019";"23:15:00";"113";"com vítima";"230";"BR-153/SP";"Sul";"Incêndio";1;0;0;0;0;0;0;0;0;0;0;1;0;0;0
"13/07/2019";"00:18:00";"2";"com vítima";"46";"BR-153/SP";"Norte";"Saída de Pista";1;0;0;0;0;0;0;0;0;0;0;0;1;0;0
"13/07/2019";"05:57:00";"12";"sem vítima";"144";"BR-153/SP";"Norte";"Atropelamento de Animal";1;0;0;0;0;0;0;0;0;0;3;0;0;0;0
"13/07/2019";"11:34:00";"56";"sem vítima";"71";"BR-153/SP";"Norte";"Colisão Traseira";0;0;0;0;0;0;0;0;0;2;3;0;0;0;0
"14/07/2019";"04:55:00";"7";"sem vítima";"346,2";"BR-153/SP";"Sul";"Saída de Pista";1;0;0;0;0;0;0;0;0;0;1;0;0;0;0
"15/07/2019";"07:46:00";"21";"com vítima";"45,2";"BR-153/SP";"Sul";"Colisão Transversal";1;0;1;0;0;0;0;0;0;0;1;0;0;1;0
"15/07/2019";"10:34:00";"42";"com vítima";"54,5";"BR-153/SP";"Sul";"Capotamento";0;0;0;0;0;0;0;0;0;1;2;2;0;0;0
"16/07/2019";"14:14:00";"81";"sem vítima";"63";"BR-153/SP";"Norte";"Colisão Traseira";0;0;1;0;0;0;0;0;0;1;2;0;0;0;0
"17/07/2019";"09:39:00";"40";"sem vítima";"61,8";"BR-153/SP";"Norte";"Colisão Transversal";1;0;1;0;0;0;0;0;0;0;2;0;0;0;0
"18/07/2019";"09:01:00";"26";"sem vítima";"62";"BR-153/SP";"Norte";"Colisão Traseira";1;0;0;2;0;0;0;0;0;0;7;0;0;0;0
"18/07/2019";"18:53:00";"108";"sem vítima";"62";"BR-153/SP";"Sul";"Engavetamento";1;0;0;0;0;2;0;0;0;0;5;0;0;0;0
"18/07/2019";"19:38:00";"112";"com vítima";"63,1";"BR-153/SP";"Norte";"Engavetamento";2;0;2;0;0;0;0;0;0;0;5;0;1;0;0
"19/07/2019";"13:02:00";"67";"com vítima";"30";"BR-153/SP";"Norte";"Colisão Transversal";1;0;1;0;0;0;0;0;0;0;1;0;1;0;0
"19/07/2019";"19:00:00";"108";"com vítima";"92";"BR-153/SP";"Norte";"Saída de Pista";1;0;0;0;0;0;0;0;0;0;0;4;0;0;0
"20/07/2019";"03:25:00";"9";"com vítima";"211,8";"BR-153/SP";"Sul";"Tombamento";0;0;1;0;0;0;0;0;0;0;1;1;0;0;0
"20/07/2019";"16:15:00";"80";"sem vítima";"0,1";"BR-153/SP";"Sul";"Colisão Transversal";1;0;0;0;0;0;0;0;0;1;3;0;0;0;0
"20/07/2019";"21:25:00";"110";"com vítima";"280,7";"BR-153/SP";"Sul";"Tombamento de Moto";0;0;0;1;0;0;0;0;0;0;0;1;0;0;0
"22/07/2019";"07:39:00";"11";"sem vítima";"65";"BR-153/SP";"Norte";"Saída de Pista";1;0;0;0;0;0;0;0;0;0;1;0;0;0;0
"22/07/2019";"10:56:00";"35";"sem vítima";"62";"BR-153/SP";"Norte";"Colisão Traseira";1;0;0;0;0;1;0;0;0;0;3;0;0;0;0
"22/07/2019";"18:20:00";"79";"com vítima";"63,4";"BR-153/SP";"Norte";"Engavetamento";0;0;0;1;0;0;0;0;0;3;2;1;1;0;0
"22/07/2019";"18:32:00";"81";"sem vítima";"60,4";"BR-153/SP";"Norte";"Colisão Traseira";0;0;1;0;0;1;0;0;0;0;2;0;0;0;0
"22/07/2019";"18:54:00";"84";"sem vítima";"61";"BR-153/SP";"Norte";"Colisão Lateral";1;0;1;0;0;0;0;0;0;0;4;0;0;0;0
"23/07/2019";"04:51:00";"5";"com vítima";"80";"BR-153/SP";"Sul";"Tombamento de Moto";0;0;0;1;0;0;0;0;0;0;0;2;0;0;0
"23/07/2019";"07:51:00";"18";"com vítima";"61,7";"BR-153/SP";"Sul";"Engavetamento";1;0;0;1;0;0;0;0;0;1;3;1;0;0;0
"23/07/2019";"18:50:00";"98";"com vítima";"77,8";"BR-153/SP";"Norte";"Colisão Traseira";0;0;0;1;0;1;0;0;0;0;1;0;1;0;0
"24/07/2019";"07:16:00";"9";"com vítima";"61";"BR-153/SP";"Norte";"Colisão Transversal";0;0;1;1;0;0;0;0;0;0;1;0;1;0;0
"25/07/2019";"13:56:00";"80";"com vítima";"74";"BR-153/SP";"Sul";"Tombamento de Moto";0;0;0;1;0;0;0;0;0;0;0;2;0;0;0
"26/07/2019";"18:48:00";"103";"sem vítima";"61";"BR-153/SP";"Norte";"Colisão Traseira";1;0;1;0;0;0;0;0;0;0;2;0;0;0;0
"26/07/2019";"20:54:00";"109";"com vítima";"63";"BR-153/SP";"Norte";"Tombamento de Moto";0;0;0;1;0;0;0;0;0;0;0;1;0;0;0
"26/07/2019";"21:25:00";"112";"sem vítima";"18,4";"BR-153/SP";"Norte";"Tombamento";0;0;1;0;0;0;0;0;0;0;1;0;0;0;0
"27/07/2019";"09:30:00";"20";"sem vítima";"3,1";"BR-153/SP";"Norte";"Colisão Traseira";1;0;0;0;0;0;0;0;0;1;4;0;0;0;0
"27/07/2019";"15:20:00";"65";"sem vítima";"71,5";"BR-153/SP";"Sul";"Colisão Traseira";1;0;0;0;0;1;0;0;0;0;2;0;0;0;0
"28/07/2019";"18:32:00";"74";"com vítima";"74";"BR-153/SP";"Norte";"Colisão Traseira";2;0;0;0;0;0;0;0;0;0;3;2;0;0;0
"28/07/2019";"18:49:00";"77";"sem vítima";"35,5";"BR-153/SP";"Sul";"Colisão Traseira";0;0;0;0;0;0;0;0;0;2;2;0;0;0;0
"30/07/2019";"09:25:00";"37";"com vítima";"27,7";"BR-153/SP";"Sul";"Colisão Transversal";1;0;0;0;0;0;0;0;0;1;1;2;2;0;0
"30/07/2019";"13:26:00";"67";"sem vítima";"62,15";"BR-153/SP";"Norte";"Colisão Traseira";1;0;1;0;0;0;0;0;0;0;3;0;0;0;0
"30/07/2019";"14:49:00";"75";"com vítima";"257,9";"BR-153/SP";"Sul";"Atropelamento  de Pedestre";1;0;0;0;0;0;0;0;0;0;1;1;0;0;0
"30/07/2019";"19:27:00";"109";"com vítima";"75,5";"BR-153/SP";"Sul";"Colisão Traseira";2;0;0;0;0;0;0;0;0;0;3;1;0;0;0
"31/07/2019";"09:37:00";"42";"sem vítima";"61";"BR-153/SP";"Norte";"Colisão Transversal";1;0;1;0;0;0;0;0;0;0;2;0;0;0;0
"31/07/2019";"14:06:00";"67";"com vítima";"61,2";"BR-153/SP";"Norte";"Colisão Traseira";0;0;0;1;0;0;0;0;0;1;2;0;0;1;0
"31/07/2019";"18:25:00";"105";"sem vítima";"61";"BR-153/SP";"Norte";"Colisão Lateral";1;0;0;0;0;1;0;0;0;0;2;0;0;0;0
"31/07/2019";"21:37:00";"127";"com vítima";"332,3";"BR-153/SP";"Sul";"Saída de Pista";1;0;0;0;0;0;0;0;0;0;0;0;1;0;0
"01/08/2019";"19:42:00";"114";"sem vítima";"65";"BR-153/SP";"Norte";"Saída de Pista";1;0;0;0;0;0;0;0;0;0;2;0;0;0;0
"02/08/2019";"14:53:00";"92";"sem vítima";"62";"BR-153/SP";"Norte";"Colisão Traseira";0;0;0;0;0;0;0;0;0;2;5;0;0;0;0
"02/08/2019";"19:38:00";"128";"sem vítima";"79";"BR-153/SP";"Sul";"Colisão Lateral";2;0;0;0;0;0;0;0;0;0;6;0;0;0;0
"02/08/2019";"20:59:00";"139";"com vítima";"57";"BR-153/SP";"Norte";"Saída de Pista";1;0;0;0;0;0;0;0;0;0;0;1;0;0;0
"04/08/2019";"14:42:00";"51";"sem vítima";"80,5";"BR-153/SP";"Sul";"Colisão Traseira";0;0;0;0;0;0;0;0;0;2;6;0;0;0;0
"04/08/2019";"21:52:00";"100";"com vítima";"14,8";"BR-153/SP";"Sul";"Saída de Pista";1;0;0;0;0;0;0;0;0;0;1;1;0;0;0
"05/08/2019";"05:25:00";"6";"com vítima";"220,3";"BR-153/SP";"Sul";"Saída de Pista";1;0;0;0;0;0;0;0;0;0;0;1;0;0;0
"05/08/2019";"09:38:00";"45";"com vítima";"97,1";"BR-153/SP";"Norte";"Colisão Frontal";0;0;1;0;0;0;0;0;0;1;0;2;0;0;1
"06/08/2019";"07:39:00";"9";"com vítima";"54,2";"BR-153/SP";"Sul";"Saída de Pista";1;0;0;0;0;0;0;0;0;0;3;1;0;0;0
"06/08/2019";"10:30:00";"36";"sem vítima";"312";"BR-153/SP";"Norte";"Colisão Traseira";0;0;2;0;0;0;0;0;0;0;2;0;0;0;0
"06/08/2019";"11:52:00";"38";"com vítima";"41,8";"BR-153/SP";"Sul";"Colisão Transversal";1;0;0;0;0;0;0;0;0;1;1;3;0;0;0
"06/08/2019";"18:42:00";"75";"sem vítima";"63,55";"BR-153/SP";"Norte";"Saída de Pista";0;0;1;0;0;0;0;0;0;0;1;0;0;0;0
"06/08/2019";"21:51:00";"90";"sem vítima";"268,1";"BR-153/SP";"Sul";"Colisão Traseira";1;0;1;0;0;0;0;0;0;0;3;0;0;0;0
"08/08/2019";"22:41:00";"106";"sem vítima";"78,9";"BR-153/SP";"Sul";"Colisão Lateral";1;0;1;0;0;0;0;0;0;0;2;0;0;0;0
"09/08/2019";"14:25:00";"69";"com vítima";"61,9";"BR-153/SP";"Norte";"Colisão Traseira";0;0;0;1;0;1;0;0;0;0;1;0;1;0;0
"09/08/2019";"17:46:00";"91";"com vítima";"161,3";"BR-153/SP";"Norte";"Colisão Transversal";1;0;0;0;0;0;0;0;0;1;2;1;0;0;0
"09/08/2019";"19:31:00";"99";"sem vítima";"49";"BR-153/SP";"Norte";"Tombamento";1;0;0;0;0;0;0;0;0;0;3;0;0;0;0
"10/08/2019";"10:33:00";"44";"com vítima";"161";"BR-153/SP";"Norte";"Saída de Pista";1;0;0;0;0;0;0;0;0;0;0;1;0;0;0
"10/08/2019";"17:27:00";"96";"sem vítima";"262";"BR-153/SP";"Norte";"Colisão Lateral";2;0;0;0;0;0;0;0;0;0;6;0;0;0;0
"10/08/2019";"19:13:00";"108";"com vítima";"47,9";"BR-153/SP";"Sul";"Saída de Pista";1;0;0;0;0;0;0;0;0;0;0;0;0;0;1
"10/08/2019";"20:49:00";"114";"sem vítima";"71,7";"BR-153/SP";"Sul";"Engavetamento";3;0;1;0;0;0;0;0;0;1;7;0;0;0;0
"10/08/2019";"21:25:00";"115";"sem vítima";"199";"BR-153/SP";"Sul";"Colisão Traseira";1;0;0;0;0;1;0;0;0;0;2;0;0;0;0
"11/08/2019";"00:13:00";"2";"sem vítima";"347";"BR-153/SP";"Sul";"Saída de Pista";1;0;0;0;0;0;0;0;0;0;1;0;0;0;0
"11/08/2019";"12:20:00";"44";"sem vítima";"61,8";"BR-153/SP";"Norte";"Colisão Traseira";1;0;0;0;0;0;0;0;0;1;2;0;0;0;0
"11/08/2019";"12:31:00";"46";"sem vítima";"61,8";"BR-153/SP";"Norte";"Colisão Traseira";2;0;0;0;0;0;0;0;0;0;3;0;0;0;0
"11/08/2019";"13:00:00";"50";"sem vítima";"39,5";"BR-153/SP";"Norte";"Colisão Transversal";1;0;0;0;0;1;0;0;0;0;2;0;0;0;0
"11/08/2019";"19:41:00";"90";"sem vítima";"23,9";"BR-153/SP";"Norte";"Saída de Pista";0;0;0;0;0;0;0;0;0;1;1;0;0;0;0
"12/08/2019";"00:11:00";"2";"sem vítima";"160,5";"BR-153/SP";"Norte";"Colisão Lateral";0;0;0;0;0;1;0;0;0;1;2;0;0;0;0
"12/08/2019";"13:14:00";"68";"sem vítima";"311";"BR-153/SP";"Norte";"Tombamento";0;0;1;0;0;0;0;0;0;0;1;0;0;0;0