data;horario;n_da_ocorrencia;tipo_de_ocorrencia;km;trecho;sentido;tipo_de_acidente;automovel;bicicleta;caminhao;moto;onibus;outros;tracao_animal;transporte_de_cargas_especiais;trator_maquinas;utilitarios;ilesos;levemente_feridos;moderadamente_feridos;gravemente_feridos;mortos
"12/08/2019";"19:07:00";"97";"com vítima";"266";"BR-153/SP";"Norte";"Engavetamento";1;0;1;0;0;0;0;0;0;1;4;1;3;0;0
"12/08/2019";"19:58:00";"106";"sem vítima";"188";"BR-153/SP";"Sul";"Saída de Pista";1;0;0;0;0;1;0;0;0;0;2;0;0;0;0
"12/08/2019";"22:47:00";"114";"sem vítima";"64,2";"BR-153/SP";"Norte";"Queda de carga sobre a pista";0;0;0;1;0;0;0;0;0;0;2;0;0;0;0
"13/08/2019";"07:13:00";"9";"sem vítima";"68,5";"BR-153/SP";"Norte";"Choque contra Objeto Fixo";1;0;0;0;0;0;0;0;0;0;1;0;0;0;0
"13/08/2019";"08:34:00";"21";"com vítima";"59,1";"BR-153/SP";"Norte";"Colisão Lateral";0;0;0;1;0;0;0;0;0;1;1;1;0;0;0
"13/08/2019";"11:31:00";"53";"sem vítima";"59";"BR-153/SP";"Norte";"Engavetamento";2;0;0;0;0;0;0;0;0;1;4;0;0;0;0
"13/08/2019";"18:15:00";"96";"com vítima";"58";"BR-153/SP";"Norte";"Colisão Transversal";1;0;0;1;0;0;0;0;0;0;1;1;0;0;0
"14/08/2019";"06:39:00";"6";"sem vítima";"183,8";"BR-153/SP";"Norte";"Colisão Traseira";0;0;1;1;0;0;0;0;0;0;2;0;0;0;0
"15/08/2019";"18:26:00";"91";"com vítima";"54,5";"BR-153/SP";"Sul";"Colisão Transversal";0;0;0;1;0;0;0;0;0;1;1;0;1;0;0
"16/08/2019";"17:24:00";"83";"sem vítima";"57,5";"BR-153/SP";"Norte";"Colisão Lateral";1;0;1;0;0;0;0;0;0;0;2;0;0;0;0
"17/08/2019";"07:09:00";"16";"com vítima";"68";"BR-153/SP";"Sul";"Tombamento de Moto";0;0;0;1;0;0;0;0;0;0;0;1;0;0;0
"17/08/2019";"12:18:00";"51";"sem vítima";"39,5";"BR-153/SP";"Norte";"Tombamento de Moto";0;0;0;1;0;0;0;0;0;0;2;0;0;0;0
"17/08/2019";"15:09:00";"74";"com vítima";"33,5";"BR-153/SP";"Norte";"Tombamento de Moto";0;0;0;1;0;0;0;0;0;0;1;0;1;0;0
"17/08/2019";"21:56:00";"117";"sem vítima";"51,8";"BR-153/SP";"Sul";"Atropelamento de Animal";1;0;0;0;0;0;0;0;0;0;2;0;0;0;0
"18/08/2019";"02:55:00";"11";"com vítima";"65,3";"BR-153/SP";"Sul";"Saída de Pista";1;0;0;0;0;0;0;0;0;0;0;1;0;0;0
"18/08/2019";"15:33:00";"57";"sem vítima";"62";"BR-153/SP";"Sul";"Choque contra Objeto Fixo";1;0;0;0;0;0;0;0;0;0;2;0;0;0;0
"18/08/2019";"19:44:00";"67";"com vítima";"63";"BR-153/SP";"Sul";"Tombamento de Moto";0;0;0;1;0;0;0;0;0;0;0;0;1;0;0
"18/08/2019";"22:32:00";"80";"com vítima";"215";"BR-153/SP";"Norte";"Atropelamento  de Pedestre";0;0;0;1;0;0;0;0;0;0;1;1;0;0;0
"19/08/2019";"06:43:00";"12";"com vítima";"156,3";"BR-153/SP";"Norte";"Colisão Frontal";1;0;1;0;0;0;0;0;0;1;0;0;1;1;1
"19/08/2019";"12:51:00";"69";"sem vítima";"61";"BR-153/SP";"Norte";"Colisão Lateral";0;0;0;0;0;0;0;0;0;2;2;0;0;0;0
"19/08/2019";"16:09:00";"87";"sem vítima";"98,9";"BR-153/SP";"Sul";"Atropelamento de Animal";0;0;1;0;0;0;0;0;0;0;1;0;0;0;0
"20/08/2019";"14:16:00";"57";"com vítima";"71,5";"BR-153/SP";"Sul";"Tombamento de Moto";0;0;0;1;0;0;0;0;0;0;0;2;0;0;0
"20/08/2019";"16:08:00";"70";"com vítima";"62";"BR-153/SP";"Norte";"Engavetamento";2;0;1;0;0;0;0;0;0;0;6;1;0;0;0
"20/08/2019";"16:19:00";"71";"sem vítima";"62,05";"BR-153/SP";"Norte";"Colisão Traseira";1;0;1;0;0;0;0;0;0;0;2;0;0;0;0
"20/08/2019";"18:43:00";"84";"com vítima";"49";"BR-153/SP";"Norte";"Atropelamento  de Pedestre";0;0;0;1;0;0;0;0;0;0;1;1;0;0;0
"20/08/2019";"19:52:00";"86";"sem vítima";"62";"BR-153/SP";"Norte";"Colisão Traseira";2;0;0;0;0;0;0;0;0;0;2;0;0;0;0
"20/08/2019";"20:20:00";"89";"sem vítima";"62";"BR-153/SP";"Norte";"Colisão Lateral";1;0;1;0;0;0;0;0;0;0;2;0;0;0;0
"21/08/2019";"07:53:00";"20";"sem vítima";"287";"BR-153/SP";"Norte";"Colisão Transversal";2;0;0;0;0;0;0;0;0;0;2;0;0;0;0
"21/08/2019";"09:45:00";"46";"com vítima";"174";"BR-153/SP";"Norte";"Colisão Transversal";2;0;0;0;0;0;0;0;0;0;1;1;0;0;0
"21/08/2019";"14:47:00";"76";"sem vítima";"72,8";"BR-153/SP";"Norte";"Colisão Lateral";0;0;1;0;0;0;0;0;0;1;2;0;0;0;0
"21/08/2019";"16:05:00";"84";"com vítima";"271";"BR-153/SP";"Sul";"Tombamento de Moto";0;0;0;1;0;0;0;0;0;0;0;1;1;0;0
"21/08/2019";"19:03:00";"101";"sem vítima";"62";"BR-153/SP";"Norte";"Colisão Traseira";1;0;0;0;0;1;0;0;0;0;5;0;0;0;0
"21/08/2019";"20:02:00";"108";"sem vítima";"278,3";"BR-153/SP";"Sul";"Saída de Pista";1;0;0;0;0;0;0;0;0;0;1;0;0;0;0
"22/08/2019";"12:59:00";"57";"com vítima";"174,3";"BR-153/SP";"Norte";"Colisão Transversal";2;0;0;0;0;0;0;0;0;0;2;2;0;0;0
"22/08/2019";"13:17:00";"59";"com vítima";"61";"BR-153/SP";"Norte";"Tombamento de Moto";0;0;0;1;0;0;0;0;0;0;0;1;0;0;0
"22/08/2019";"19:29:00";"99";"sem vítima";"62,9";"BR-153/SP";"Norte";"Saída de Pista";0;0;0;0;0;0;0;0;0;1;1;0;0;0;0
"22/08/2019";"19:37:00";"100";"com vítima";"317,6";"BR-153/SP";"Sul";"Atropelamento  de Pedestre";0;0;0;0;0;1;0;0;0;0;1;0;0;0;1
"23/08/2019";"13:40:00";"68";"sem vítima";"62,5";"BR-153/SP";"Norte";"Colisão Lateral";1;0;1;0;0;0;0;0;0;0;2;0;0;0;0
"23/08/2019";"17:44:00";"94";"com vítima";"54,5";"BR-153/SP";"Sul";"Colisão Transversal";0;0;1;1;0;0;0;0;0;0;1;0;0;1;0
"24/08/2019";"13:36:00";"84";"sem vítima";"67";"BR-153/SP";"Norte";"Saída de Pista";0;0;0;0;0;0;0;0;0;1;1;0;0;0;0
"24/08/2019";"17:25:00";"107";"sem vítima";"62";"BR-153/SP";"Norte";"Colisão Transversal";1;0;1;0;0;0;0;0;0;0;4;0;0;0;0
"24/08/2019";"17:53:00";"110";"sem vítima";"62";"BR-153/SP";"Norte";"Colisão Traseira";2;0;0;0;0;0;0;0;0;0;2;0;0;0;0
"24/08/2019";"18:11:00";"113";"sem vítima";"62";"BR-153/SP";"Norte";"Colisão Traseira";1;0;0;0;0;0;0;0;0;1;4;0;0;0;0
"24/08/2019";"18:31:00";"116";"sem vítima";"256,8";"BR-153/SP";"Sul";"Colisão Lateral";1;0;0;0;0;1;0;0;0;0;3;0;0;0;0
"24/08/2019";"19:11:00";"123";"sem vítima";"45";"BR-153/SP";"Norte";"Saída de Pista";1;0;0;0;0;0;0;0;0;0;1;0;0;0;0
"25/08/2019";"13:43:00";"39";"sem vítima";"56";"BR-153/SP";"Norte";"Saída de Pista";0;0;1;0;0;0;0;0;0;0;1;0;0;0;0
"25/08/2019";"18:37:00";"72";"com vítima";"324,3";"BR-153/SP";"Sul";"Saída de Pista";1;0;0;0;0;0;0;0;0;0;0;0;1;0;0
"25/08/2019";"18:51:00";"74";"com vítima";"208,7";"BR-153/SP";"Sul";"Outros";0;1;0;0;0;0;0;0;0;0;0;0;1;0;0
"25/08/2019";"19:07:00";"77";"com vítima";"148,05";"BR-153/SP";"Sul";"Tombamento de Moto";0;0;1;2;0;0;0;0;0;0;1;0;1;0;1
"26/08/2019";"07:15:00";"20";"sem vítima";"62";"BR-153/SP";"Sul";"Colisão Traseira";2;0;0;0;0;0;0;0;0;0;4;0;0;0;0
"26/08/2019";"08:08:00";"27";"sem vítima";"61";"BR-153/SP";"Sul";"Colisão Traseira";0;0;1;0;0;1;0;0;0;0;2;0;0;0;0
"27/08/2019";"10:13:00";"37";"sem vítima";"87,3";"BR-153/SP";"Sul";"Engavetamento";1;0;0;0;0;0;0;0;0;2;5;0;0;0;0
"27/08/2019";"17:22:00";"87";"sem vítima";"99";"BR-153/SP";"Norte";"Colisão Traseira";0;0;2;0;0;0;0;0;0;0;2;0;0;0;0
"29/08/2019";"01:33:00";"3";"com vítima";"109,5";"BR-153/SP";"Norte";"Saída de Pista";0;0;0;0;0;0;0;0;0;1;0;1;0;0;0
"29/08/2019";"08:15:00";"19";"sem vítima";"55,3";"BR-153/SP";"Norte";"Colisão Lateral";1;0;1;0;0;0;0;0;0;0;2;0;0;0;0
"30/08/2019";"11:19:00";"57";"sem vítima";"207";"BR-153/SP";"Norte";"Colisão Traseira";0;0;2;0;0;0;0;0;0;0;2;0;0;0;0
"30/08/2019";"13:17:00";"66";"sem vítima";"186";"BR-153/SP";"Sul";"Colisão Lateral";0;0;0;0;0;1;0;0;0;1;3;0;0;0;0
"31/08/2019";"09:29:00";"30";"sem vítima";"75";"BR-153/SP";"Sul";"Saída de Pista";1;0;0;0;0;0;0;0;0;0;1;0;0;0;0
"31/08/2019";"20:33:00";"95";"sem vítima";"257";"BR-153/SP";"Norte";"Choque contra Objeto Fixo";1;0;0;0;0;0;0;0;0;0;2;0;0;0;0
"31/08/2019";"21:28:00";"102";"com vítima";"62,95";"BR-153/SP";"Sul";"Colisão Traseira";1;0;0;1;0;0;0;0;0;0;1;1;0;0;0
"01/09/2019";"01:53:00";"4";"sem vítima";"64";"BR-153/SP";"Norte";"Saída de Pista";0;0;0;0;0;0;0;0;0;1;1;0;0;0;0
"01/09/2019";"23:44:00";"111";"sem vítima";"219,5";"BR-153/SP";"Sul";"Saída de Pista";1;0;0;0;0;0;0;0;0;0;1;0;0;0;0
"02/09/2019";"07:32:00";"22";"sem vítima";"144,05";"BR-153/SP";"Sul";"Saída de Pista";1;0;0;0;0;0;0;0;0;0;3;0;0;0;0
"02/09/2019";"13:59:00";"83";"sem vítima";"119";"BR-153/SP";"Norte";"Colisão Lateral";1;0;1;0;0;0;0;0;0;0;3;0;0;0;0
"03/09/2019";"08:51:00";"32";"com vítima";"56";"BR-153/SP";"Norte";"Colisão Transversal";1;0;1;0;0;0;0;0;0;0;1;1;0;0;0
"03/09/2019";"11:15:00";"69";"sem vítima";"25,5";"BR-153/SP";"Sul";"Colisão Lateral";1;0;0;0;0;0;0;0;0;1;4;0;0;0;0
"03/09/2019";"11:52:00";"77";"sem vítima";"72,5";"BR-153/SP";"Norte";"Saída de Pista";0;0;0;0;0;0;0;0;0;1;1;0;0;0;0
"04/09/2019";"10:00:00";"35";"sem vítima";"62";"BR-153/SP";"Sul";"Colisão Traseira";1;0;1;0;0;0;0;0;0;0;2;0;0;0;0
"04/09/2019";"14:22:00";"80";"sem vítima";"27";"BR-153/SP";"Norte";"Colisão Traseira";1;0;0;0;1;0;0;0;0;0;12;0;0;0;0
"04/09/2019";"23:33:00";"119";"sem vítima";"0";"BR-153/SP";"Norte";"Atropelamento de Animal";1;0;0;0;0;0;0;0;0;0;2;0;0;0;0
"05/09/2019";"20:52:00";"121";"sem vítima";"161,3";"BR-153/SP";"Norte";"Tombamento";0;0;1;0;0;0;0;0;0;0;1;0;0;0;0
"06/09/2019";"09:08:00";"29";"sem vítima";"61,9";"BR-153/SP";"Norte";"Colisão Traseira";2;0;0;0;0;0;0;0;0;0;2;0;0;0;0
"06/09/2019";"15:26:00";"92";"sem vítima";"35,8";"BR-153/SP";"Sul";"Colisão Traseira";1;0;0;0;0;0;0;0;0;1;2;0;0;0;0
"06/09/2019";"16:17:00";"99";"sem vítima";"285,7";"BR-153/SP";"Norte";"Choque contra Objeto Fixo";0;0;1;0;0;0;0;0;0;0;1;0;0;0;0
"07/09/2019";"00:54:00";"5";"com vítima";"99,1";"BR-153/SP";"Norte";"Saída de Pista";1;0;0;0;0;0;0;0;0;0;1;2;0;0;0
"07/09/2019";"10:13:00";"40";"com vítima";"302";"BR-153/SP";"Sul";"Colisão Lateral";0;0;0;2;0;0;0;0;0;0;1;1;1;0;0
"07/09/2019";"11:41:00";"54";"sem vítima";"61,5";"BR-153/SP";"Norte";"Colisão Traseira";2;0;0;0;0;0;0;0;0;0;5;0;0;0;0
"07/09/2019";"18:30:00";"98";"sem vítima";"159,5";"BR-153/SP";"Norte";"Saída de Pista";1;0;0;0;0;0;0;0;0;0;1;0;0;0;0
"08/09/2019";"02:58:00";"7";"sem vítima";"60,9";"BR-153/SP";"Sul";"Saída de Pista";0;0;0;0;0;0;0;0;0;1;1;0;0;0;0
"08/09/2019";"15:42:00";"72";"sem vítima";"58";"BR-153/SP";"Sul";"Engavetamento";2;0;0;0;0;0;0;0;0;1;5;0;0;0;0
"09/09/2019";"00:18:00";"2";"com vítima";"48,5";"BR-153/SP";"Sul";"Tombamento de Moto";0;0;0;1;0;0;0;0;0;0;0;1;0;0;0
"09/09/2019";"13:15:00";"68";"com vítima";"261,9";"BR-153/SP";"Norte";"Tombamento de Moto";0;0;0;1;0;0;0;0;0;0;0;2;0;0;0
"09/09/2019";"21:52:00";"128";"com vítima";"28,6";"BR-153/SP";"Norte";"Tombamento de Moto";0;0;0;1;0;0;0;0;0;0;0;1;0;0;0
"10/09/2019";"00:25:00";"1";"com vítima";"9,85";"BR-153/SP";"Norte";"Saída de Pista";0;0;1;0;0;0;0;0;0;0;0;1;0;0;0
"11/09/2019";"09:29:00";"44";"sem vítima";"155";"BR-153/SP";"Norte";"Colisão Transversal";2;0;0;0;0;0;0;0;0;0;2;0;0;0;0
"11/09/2019";"09:48:00";"47";"sem vítima";"61,8";"BR-153/SP";"Norte";"Colisão Lateral";1;0;1;0;0;0;0;0;0;0;4;0;0;0;0
"11/09/2019";"13:38:00";"79";"com vítima";"41,5";"BR-153/SP";"Norte";"Tombamento de Moto";0;0;0;1;0;0;0;0;0;0;0;1;0;0;0
"11/09/2019";"18:04:00";"112";"sem vítima";"0";"BR-153/SP";"Sul";"Colisão Traseira";0;0;1;0;1;0;0;0;0;0;36;0;0;0;0
"11/09/2019";"20:46:00";"131";"sem vítima";"15";"BR-153/SP";"Norte";"Saída de Pista";0;0;0;0;0;0;0;0;0;1;1;0;0;0;0
"12/09/2019";"00:09:00";"1";"sem vítima";"128,5";"BR-153/SP";"Norte";"Atropelamento de Animal";0;0;0;0;0;0;0;0;0;1;1;0;0;0;0
"12/09/2019";"11:37:00";"79";"com vítima";"64,6";"BR-153/SP";"Sul";"Tombamento de Moto";0;0;0;1;0;0;0;0;0;0;0;0;1;0;0
"12/09/2019";"15:07:00";"108";"sem vítima";"287";"BR-153/SP";"Norte";"Colisão Lateral";1;0;1;0;0;0;0;0;0;0;4;0;0;0;0
"12/09/2019";"15:12:00";"109";"sem vítima";"62,5";"BR-153/SP";"Sul";"Colisão Traseira";1;0;0;0;0;0;0;0;0;1;3;0;0;0;0
"12/09/2019";"20:11:00";"144";"com vítima";"54,95";"BR-153/SP";"Sul";"Colisão Transversal";0;0;0;2;0;0;0;0;0;0;0;2;1;0;0
"13/09/2019";"09:52:00";"35";"sem vítima";"347";"BR-153/SP";"Sul";"Colisão Lateral";1;0;1;0;0;0;0;0;0;0;2;0;0;0;0
"13/09/2019";"16:05:00";"83";"sem vítima";"264,1";"BR-153/SP";"Sul";"Tombamento de Moto";0;0;0;1;0;0;0;0;0;0;2;0;0;0;0
"13/09/2019";"19:01:00";"112";"sem vítima";"55";"BR-153/SP";"Norte";"Colisão Traseira";1;0;0;0;0;0;0;0;0;1;2;0;0;0;0
"14/09/2019";"13:45:00";"72";"sem vítima";"56,2";"BR-153/SP";"Norte";"Colisão Traseira";0;0;0;1;0;0;0;0;0;1;3;0;0;0;0
"14/09/2019";"19:23:00";"109";"sem vítima";"78";"BR-153/SP";"Norte";"Colisão Traseira";1;0;0;0;0;0;0;0;0;1;3;0;0;0;0
"15/09/2019";"13:00:00";"35";"sem vítima";"73";"BR-153/SP";"Norte";"Saída de Pista";0;0;0;0;0;0;0;0;0;1;2;0;0;0;0
"15/09/2019";"14:58:00";"44";"sem vítima";"86";"BR-153/SP";"Norte";"Colisão Transversal";1;0;1;0;0;0;0;0;0;0;5;0;0;0;0
"15/09/2019";"15:59:00";"55";"com vítima";"55,4";"BR-153/SP";"Sul";"Colisão Lateral";1;0;0;1;0;0;0;0;0;0;3;2;0;0;0
"16/09/2019";"09:53:00";"40";"com vítima";"64";"BR-153/SP";"Sul";"Tombamento de Moto";0;0;0;1;0;0;0;0;0;0;0;0;1;0;0
"18/09/2019";"03:50:00";"5";"sem vítima";"14,5";"BR-153/SP";"Sul";"Saída de Pista";1;0;0;0;0;0;0;0;0;0;3;0;0;0;0
"18/09/2019";"08:39:00";"23";"sem vítima";"174";"BR-153/SP";"Sul";"Colisão Transversal";2;0;0;0;0;0;0;0;0;0;2;0;0;0;0
"18/09/2019";"16:03:00";"90";"com vítima";"284";"BR-153/SP";"Sul";"Colisão Traseira";0;0;2;0;0;0;0;0;0;0;2;1;0;0;0
"18/09/2019";"17:23:00";"103";"sem vítima";"174,4";"BR-153/SP";"Sul";"Colisão Traseira";1;0;0;1;0;0;0;0;0;0;2;0;0;0;0
"18/09/2019";"23:04:00";"144";"com vítima";"53,5";"BR-153/SP";"Norte";"Colisão Traseira";0;0;0;1;0;1;0;0;0;0;2;1;0;0;0
"19/09/2019";"02:40:00";"14";"sem vítima";"32,9";"BR-153/SP";"Sul";"Tombamento";0;0;1;0;0;0;0;0;0;0;1;0;0;0;0
"19/09/2019";"11:48:00";"86";"sem vítima";"98,9";"BR-153/SP";"Norte";"Colisão Frontal";0;0;1;0;0;0;0;0;0;1;3;0;0;0;0
"19/09/2019";"14:04:00";"95";"sem vítima";"61";"BR-153/SP";"Norte";"Colisão Lateral";1;0;1;0;0;0;0;0;0;0;3;0;0;0;0
"20/09/2019";"08:28:00";"29";"sem vítima";"62";"BR-153/SP";"Sul";"Colisão Traseira";1;0;0;0;0;0;0;0;0;1;4;0;0;0;0
"20/09/2019";"13:30:00";"63";"sem vítima";"93,9";"BR-153/SP";"Sul";"Colisão Traseira";1;0;1;0;0;0;0;0;0;0;3;0;0;0;0
"20/09/2019";"18:16:00";"101";"sem vítima";"62";"BR-153/SP";"Sul";"Engavetamento";2;0;0;0;0;1;0;0;0;0;3;0;0;0;0
"21/09/2019";"07:06:00";"12";"sem vítima";"268";"BR-153/SP";"Sul";"Colisão Traseira";1;0;0;1;0;0;0;0;0;0;3;0;0;0;0
"21/09/2019";"14:50:00";"66";"sem vítima";"147,8";"BR-153/SP";"Norte";"Saída de Pista";1;0;0;0;0;0;0;0;0;0;3;0;0;0;0
"21/09/2019";"20:39:00";"99";"com vítima";"14,9";"BR-153/SP";"Norte";"Colisão Frontal";1;0;1;0;0;0;0;0;0;0;1;0;0;0;1
"22/09/2019";"19:05:00";"62";"com vítima";"12";"BR-153/SP";"Norte";"Tombamento de Moto";0;0;0;1;0;0;0;0;0;0;1;1;0;0;0
"23/09/2019";"18:49:00";"96";"com vítima";"95,9";"BR-153/SP";"Sul";"Colisão Transversal";2;0;0;0;0;0;0;0;0;0;1;2;0;0;0
"25/09/2019";"09:40:00";"31";"com vítima";"62,5";"BR-153/SP";"Sul";"Engavetamento";2;0;0;0;0;0;0;0;0;2;5;1;1;0;0
"25/09/2019";"10:28:00";"34";"sem vítima";"61";"BR-153/SP";"Sul";"Colisão Lateral";0;0;2;0;0;0;0;0;0;0;2;0;0;0;0
"25/09/2019";"15:22:00";"68";"sem vítima";"75";"BR-153/SP";"Sul";"Saída de Pista";1;0;0;0;0;0;0;0;0;0;2;0;0;0;0
"25/09/2019";"23:04:00";"93";"sem vítima";"289";"BR-153/SP";"Sul";"Tombamento";0;0;1;0;0;0;0;0;0;0;1;0;0;0;0
"27/09/2019";"06:51:00";"18";"com vítima";"151,7";"BR-153/SP";"Norte";"Colisão Frontal";0;0;1;0;0;0;0;0;0;1;1;0;0;1;0
"27/09/2019";"13:49:00";"73";"sem vítima";"35,8";"BR-153/SP";"Sul";"Colisão Lateral";0;0;1;0;0;0;0;0;0;1;4;0;0;0;0
"28/09/2019";"10:46:00";"32";"com vítima";"119";"BR-153/SP";"Norte";"Colisão Transversal";0;0;0;0;2;0;0;0;0;0;2;1;0;0;0
"28/09/2019";"23:19:00";"104";"com vítima";"72,5";"BR-153/SP";"Norte";"Colisão Transversal";1;0;0;0;0;0;0;0;0;1;0;3;0;0;0
"29/09/2019";"11:41:00";"29";"com vítima";"13,95";"BR-153/SP";"Sul";"Saída de Pista";1;0;0;0;0;0;0;0;0;0;0;2;1;1;0
"29/09/2019";"19:52:00";"63";"com vítima";"56";"BR-153/SP";"Norte";"Tombamento de Moto";0;0;0;1;0;0;0;0;0;0;0;1;0;0;0
"01/10/2019";"17:35:00";"95";"sem vítima";"64";"BR-153/SP";"Norte";"Colisão Transversal";0;0;0;2;0;0;0;0;0;0;2;0;0;0;0
"02/10/2019";"06:40:00";"10";"com vítima";"92,3";"BR-153/SP";"Norte";"Colisão Transversal";1;0;1;0;0;0;0;0;0;0;2;1;0;0;0
"02/10/2019";"08:45:00";"20";"sem vítima";"64";"BR-153/SP";"Sul";"Engavetamento";2;0;0;0;0;0;0;0;0;1;4;0;0;0;0
"03/10/2019";"09:41:00";"42";"com vítima";"220";"BR-153/SP";"Sul";"Saída de Pista";1;0;0;0;0;0;0;0;0;0;0;1;0;0;0
"03/10/2019";"19:26:00";"116";"sem vítima";"62";"BR-153/SP";"Norte";"Colisão Transversal";1;0;1;0;0;0;0;0;0;0;2;0;0;0;0
"03/10/2019";"21:46:00";"128";"sem vítima";"226,2";"BR-153/SP";"Sul";"Saída de Pista";0;0;0;0;0;0;0;0;0;1;3;0;0;0;0
"04/10/2019";"16:57:00";"102";"sem vítima";"174,4";"BR-153/SP";"Norte";"Colisão Traseira";2;0;0;0;0;0;0;0;0;0;4;0;0;0;0
"05/10/2019";"06:53:00";"21";"com vítima";"52,3";"BR-153/SP";"Norte";"Tombamento de Moto";0;0;0;1;0;0;0;0;0;0;0;1;0;0;0
"05/10/2019";"07:58:00";"29";"com vítima";"72,9";"BR-153/SP";"Norte";"Colisão Traseira";1;0;0;0;0;0;0;0;0;2;4;2;1;0;0
"05/10/2019";"19:01:00";"110";"sem vítima";"119";"BR-153/SP";"Norte";"Colisão Transversal";2;0;0;0;0;0;0;0;0;0;4;0;0;0;0
"06/10/2019";"06:10:00";"13";"sem vítima";"65";"BR-153/SP";"Sul";"Saída de Pista";1;0;0;0;0;0;0;0;0;0;1;0;0;0;0
"06/10/2019";"13:16:00";"63";"com vítima";"285,6";"BR-153/SP";"Norte";"Saída de Pista";0;0;1;0;0;0;0;0;0;0;0;1;1;0;0
"06/10/2019";"22:51:00";"94";"com vítima";"79";"BR-153/SP";"Sul";"Colisão Traseira";2;0;0;0;0;0;0;0;0;0;7;1;0;0;0
"07/10/2019";"06:52:00";"13";"sem vítima";"55";"BR-153/SP";"Norte";"Colisão Traseira";0;0;0;0;0;0;0;0;0;2;4;0;0;0;0
"07/10/2019";"12:55:00";"79";"sem vítima";"178";"BR-153/SP";"Sul";"Saída de Pista";1;0;0;0;0;0;0;0;0;0;1;0;0;0;0
"07/10/2019";"13:10:00";"80";"com vítima";"178";"BR-153/SP";"Norte";"Saída de Pista";1;0;0;0;0;0;0;0;0;0;0;1;0;0;0
"07/10/2019";"14:46:00";"95";"sem vítima";"36,9";"BR-153/SP";"Norte";"Colisão Traseira";0;0;1;0;0;0;0;0;0;1;2;0;0;0;0
"08/10/2019";"12:02:00";"47";"com vítima";"155";"BR-153/SP";"Norte";"Colisão Transversal";0;0;0;1;0;0;0;0;0;1;3;1;0;0;0
"08/10/2019";"16:29:00";"73";"com vítima";"79";"BR-153/SP";"Norte";"Colisão Lateral";0;0;2;0;0;0;0;0;0;0;0;2;0;0;0
"10/10/2019";"14:04:00";"69";"sem vítima";"30";"BR-153/SP";"Sul";"Colisão Transversal";1;0;1;0;0;0;0;0;0;0;3;0;0;0;0
"10/10/2019";"22:59:00";"126";"com vítima";"57,5";"BR-153/SP";"Sul";"Tombamento de Moto";0;0;0;1;0;0;0;0;0;0;0;0;1;0;0
"11/10/2019";"21:15:00";"132";"sem vítima";"55";"BR-153/SP";"Sul";"Colisão Transversal";2;0;0;0;0;0;0;0;0;0;7;0;0;0;0
"12/10/2019";"06:38:00";"16";"sem vítima";"55";"BR-153/SP";"Sul";"Saída de Pista";1;0;0;0;0;0;0;0;0;0;1;0;0;0;0
"12/10/2019";"18:56:00";"101";"com vítima";"75";"BR-153/SP";"Norte";"Colisão Traseira";1;0;0;1;0;0;0;0;0;0;5;1;0;0;0
"13/10/2019";"12:07:00";"34";"sem vítima";"109,9";"BR-153/SP";"Norte";"Colisão Traseira";2;0;0;0;0;0;0;0;0;0;5;0;0;0;0
"13/10/2019";"22:01:00";"89";"com vítima";"62";"BR-153/SP";"Sul";"Tombamento de Moto";0;0;0;1;0;0;0;0;0;0;0;1;0;0;0
"14/10/2019";"15:58:00";"99";"com vítima";"72";"BR-153/SP";"Norte";"Tombamento de Moto";0;0;0;1;0;0;0;0;0;0;0;1;0;0;0
"15/10/2019";"06:32:00";"9";"sem vítima";"87";"BR-153/SP";"Norte";"Outros";0;0;0;0;0;0;0;0;0;1;1;0;0;0;0
"15/10/2019";"06:40:00";"11";"com vítima";"48,7";"BR-153/SP";"Sul";"Tombamento de Moto";0;0;0;1;0;0;0;0;0;0;0;2;0;0;0
"15/10/2019";"19:36:00";"97";"sem vítima";"36";"BR-153/SP";"Norte";"Capotamento";1;0;0;0;0;0;0;0;0;0;4;0;0;0;0
"15/10/2019";"20:12:00";"101";"sem vítima";"121";"BR-153/SP";"Norte";"Atropelamento de Animal";0;0;1;0;0;0;0;0;0;0;1;0;0;0;0
"17/10/2019";"05:56:00";"6";"com vítima";"141";"BR-153/SP";"Norte";"Colisão Transversal";1;0;1;0;0;0;0;0;0;0;1;0;0;0;1
"17/10/2019";"07:50:00";"16";"com vítima";"60";"BR-153/SP";"Sul";"Tombamento de Moto";0;0;0;1;0;0;0;0;0;0;0;1;0;0;0
"17/10/2019";"10:16:00";"32";"com vítima";"13,9";"BR-153/SP";"Norte";"Colisão Frontal";1;0;1;0;0;0;0;0;0;0;1;0;1;0;0
"17/10/2019";"19:14:00";"96";"com vítima";"257,3";"BR-153/SP";"Norte";"Tombamento de Moto";0;0;0;1;0;0;0;0;0;0;0;0;1;0;0
"17/10/2019";"20:28:00";"99";"sem vítima";"169,7";"BR-153/SP";"Sul";"Saída de Pista";1;0;0;0;0;0;0;0;0;0;1;0;0;0;0
"18/10/2019";"06:53:00";"2";"com vítima";"73";"BR-153/SP";"Norte";"Tombamento de Moto";0;0;0;1;0;0;0;0;0;0;0;1;0;0;0
"18/10/2019";"15:34:00";"55";"com vítima";"62";"BR-153/SP";"Sul";"Engavetamento";2;0;0;0;0;0;0;0;0;1;4;2;0;0;0
"19/10/2019";"09:31:00";"31";"com vítima";"316";"BR-153/SP";"Sul";"Colisão Lateral";1;0;0;0;0;1;0;0;0;0;2;2;0;0;0