data;horario;n_da_ocorrencia;tipo_de_ocorrencia;km;trecho;sentido;tipo_de_acidente;automovel;bicicleta;caminhao;moto;onibus;outros;tracao_animal;transporte_de_cargas_especiais;trator_maquinas;utilitarios;ilesos;levemente_feridos;moderadamente_feridos;gravemente_feridos;mortos
"19/10/2019";"11:05:00";"45";"sem vítima";"14,3";"BR-153/SP";"Norte";"Colisão Traseira";1;0;0;0;0;0;0;0;0;1;6;0;0;0;0
"20/10/2019";"09:25:00";"25";"sem vítima";"289,05";"BR-153/SP";"Norte";"Colisão Traseira";1;0;1;0;0;0;0;0;0;0;4;0;0;0;0
"20/10/2019";"19:52:00";"93";"sem vítima";"173";"BR-153/SP";"Norte";"Atropelamento de Animal";0;0;1;0;0;0;0;0;0;0;1;0;0;0;0
"21/10/2019";"09:14:00";"35";"sem vítima";"62,7";"BR-153/SP";"Sul";"Colisão Traseira";1;0;0;0;0;1;0;0;0;0;3;0;0;0;0
"21/10/2019";"13:09:00";"65";"sem vítima";"344";"BR-153/SP";"Norte";"Saída de Pista";1;0;0;0;0;0;0;0;0;0;1;0;0;0;0
"21/10/2019";"17:54:00";"92";"com vítima";"32";"BR-153/SP";"Norte";"Engavetamento";2;0;0;0;0;0;0;0;0;2;7;1;0;0;0
"22/10/2019";"01:56:00";"4";"sem vítima";"343";"BR-153/SP";"Norte";"Atropelamento de Animal";0;0;0;0;1;0;0;0;0;0;1;0;0;0;0
"22/10/2019";"20:26:00";"125";"sem vítima";"15";"BR-153/SP";"Norte";"Saída de Pista";1;0;0;0;0;0;0;0;0;0;1;0;0;0;0
"23/10/2019";"17:21:00";"108";"sem vítima";"62";"BR-153/SP";"Sul";"Colisão Traseira";0;0;1;0;0;0;0;0;0;1;2;0;0;0;0
"23/10/2019";"19:01:00";"117";"sem vítima";"79,6";"BR-153/SP";"Norte";"Saída de Pista";0;0;1;0;0;0;0;0;0;0;1;0;0;0;0
"24/10/2019";"07:51:00";"18";"com vítima";"52,7";"BR-153/SP";"Norte";"Tombamento de Moto";0;0;0;1;0;0;0;0;0;0;0;2;0;0;0
"24/10/2019";"21:08:00";"104";"com vítima";"18,6";"BR-153/SP";"Sul";"Colisão Traseira";1;0;1;0;0;0;0;0;0;0;1;1;0;0;0
"25/10/2019";"09:48:00";"39";"sem vítima";"56";"BR-153/SP";"Sul";"Colisão Traseira";1;0;0;0;0;0;0;0;0;1;4;0;0;0;0
"25/10/2019";"17:49:00";"106";"sem vítima";"37";"BR-153/SP";"Norte";"Colisão Transversal";1;0;0;0;0;1;0;0;0;0;6;0;0;0;0
"26/10/2019";"10:02:00";"36";"com vítima";"57";"BR-153/SP";"Norte";"Colisão Frontal";2;0;0;0;0;0;0;0;0;0;3;2;0;0;0
"26/10/2019";"15:58:00";"77";"sem vítima";"16,6";"BR-153/SP";"Norte";"Saída de Pista";1;0;0;0;0;0;0;0;0;0;1;0;0;0;0
"26/10/2019";"17:13:00";"87";"sem vítima";"26,7";"BR-153/SP";"Sul";"Saída de Pista";1;0;0;0;0;0;0;0;0;0;1;0;0;0;0
"27/10/2019";"07:20:00";"9";"sem vítima";"329";"BR-153/SP";"Norte";"Colisão Lateral";0;0;2;0;0;0;0;0;0;0;2;0;0;0;0
"27/10/2019";"11:56:00";"37";"sem vítima";"99";"BR-153/SP";"Norte";"Colisão Transversal";0;0;1;0;0;0;0;0;0;1;3;0;0;0;0
"27/10/2019";"13:29:00";"45";"sem vítima";"79";"BR-153/SP";"Sul";"Colisão Traseira";1;0;0;0;0;0;0;0;0;1;4;0;0;0;0
"27/10/2019";"20:20:00";"89";"com vítima";"49";"BR-153/SP";"Sul";"Tombamento de Moto";0;0;0;1;0;0;0;0;0;0;0;1;0;0;0
"28/10/2019";"02:49:00";"6";"com vítima";"58,2";"BR-153/SP";"Sul";"Capotamento";0;0;0;0;0;0;0;0;0;1;0;1;0;0;0
"29/10/2019";"11:03:00";"35";"sem vítima";"256";"BR-153/SP";"Norte";"Colisão Traseira";1;0;1;0;0;0;0;0;0;0;2;0;0;0;0
"29/10/2019";"12:25:00";"47";"com vítima";"61,7";"BR-153/SP";"Sul";"Saída de Pista";0;0;0;0;0;0;0;0;0;1;1;0;1;0;0
"29/10/2019";"13:34:00";"54";"sem vítima";"5";"BR-153/SP";"Sul";"Tombamento";0;0;1;0;0;0;0;0;0;0;1;0;0;0;0
"30/10/2019";"17:31:00";"106";"sem vítima";"280";"BR-153/SP";"Sul";"Colisão Traseira";0;0;2;0;0;0;0;0;0;0;2;0;0;0;0
"30/10/2019";"17:47:00";"109";"com vítima";"58";"BR-153/SP";"Norte";"Colisão Transversal";0;0;0;1;0;0;0;0;0;1;1;1;0;0;0
"30/10/2019";"18:30:00";"120";"sem vítima";"57";"BR-153/SP";"Sul";"Colisão Traseira";0;0;0;1;0;0;0;0;0;1;2;0;0;0;0
"31/10/2019";"10:56:00";"58";"com vítima";"49,8";"BR-153/SP";"Norte";"Colisão Transversal";2;0;0;0;0;0;0;0;0;0;0;2;1;0;0
"31/10/2019";"19:56:00";"114";"com vítima";"52,2";"BR-153/SP";"Sul";"Colisão Frontal";1;0;0;0;0;0;0;0;0;1;1;3;1;0;0
"01/11/2019";"07:58:00";"16";"sem vítima";"58";"BR-153/SP";"Norte";"Colisão Traseira";0;0;1;1;0;0;0;0;0;0;2;0;0;0;0
"01/11/2019";"08:55:00";"21";"sem vítima";"161,9";"BR-153/SP";"Sul";"Choque contra veículo no acostamento";0;0;1;0;0;0;0;0;0;1;2;0;0;0;0
"02/11/2019";"09:18:00";"19";"com vítima";"73";"BR-153/SP";"Norte";"Engavetamento";2;0;0;0;0;1;0;0;0;0;6;1;0;0;0
"02/11/2019";"11:53:00";"35";"sem vítima";"211,5";"BR-153/SP";"Norte";"Colisão Lateral";0;0;1;0;0;0;0;0;0;1;2;0;0;0;0
"03/11/2019";"07:30:00";"11";"sem vítima";"162";"BR-153/SP";"Sul";"Saída de Pista";1;0;0;0;0;0;0;0;0;0;1;0;0;0;0
"03/11/2019";"19:04:00";"84";"sem vítima";"55,7";"BR-153/SP";"Sul";"Colisão Traseira";1;0;0;0;0;1;0;0;0;0;6;0;0;0;0
"04/11/2019";"08:36:00";"22";"com vítima";"54,4";"BR-153/SP";"Sul";"Saída de Pista";2;0;0;0;0;0;0;0;0;0;2;1;0;0;0
"05/11/2019";"07:30:00";"13";"com vítima";"62,3";"BR-153/SP";"Sul";"Colisão Traseira";1;0;0;2;0;0;0;0;0;0;3;2;0;0;0
"06/11/2019";"16:00:00";"83";"com vítima";"343";"BR-153/SP";"Norte";"Colisão Traseira";1;0;2;0;0;0;0;0;0;0;2;2;1;0;0
"07/11/2019";"14:01:00";"50";"sem vítima";"80,9";"BR-153/SP";"Sul";"Outros";1;0;1;0;0;0;0;0;0;0;3;0;0;0;0
"07/11/2019";"18:16:00";"81";"com vítima";"63";"BR-153/SP";"Sul";"Tombamento de Moto";0;0;0;1;0;0;0;0;0;0;0;1;0;0;0
"07/11/2019";"18:27:00";"83";"com vítima";"44";"BR-153/SP";"Norte";"Colisão Lateral";1;0;0;0;0;0;0;0;0;1;4;1;0;0;0
"08/11/2019";"20:01:00";"97";"com vítima";"18,6";"BR-153/SP";"Norte";"Colisão Transversal";2;0;0;0;0;0;0;0;0;0;6;1;0;0;0
"08/11/2019";"23:44:00";"109";"com vítima";"71";"BR-153/SP";"Norte";"Tombamento de Moto";0;0;0;1;0;0;0;0;0;0;1;1;0;0;0
"09/11/2019";"03:11:00";"3";"com vítima";"56,9";"BR-153/SP";"Sul";"Tombamento de Moto";0;0;0;1;0;0;0;0;0;0;0;1;0;0;0
"09/11/2019";"15:24:00";"57";"sem vítima";"109";"BR-153/SP";"Sul";"Colisão Traseira";1;0;1;0;0;0;0;0;0;0;3;0;0;0;0
"10/11/2019";"06:26:00";"13";"sem vítima";"57,3";"BR-153/SP";"Sul";"Saída de Pista";1;0;0;1;0;0;0;0;0;0;2;0;0;0;0
"11/11/2019";"20:29:00";"105";"sem vítima";"55,8";"BR-153/SP";"Norte";"Colisão Lateral";2;0;0;0;0;0;0;0;0;0;5;0;0;0;0
"12/11/2019";"07:01:00";"13";"com vítima";"119";"BR-153/SP";"Sul";"Colisão Transversal";1;0;1;0;0;0;0;0;0;0;1;1;0;0;0
"12/11/2019";"08:33:00";"23";"sem vítima";"61";"BR-153/SP";"Sul";"Colisão Traseira";0;0;0;0;0;0;0;0;0;2;3;0;0;0;0
"13/11/2019";"14:00:00";"56";"com vítima";"62";"BR-153/SP";"Sul";"Engavetamento";2;0;0;0;0;0;0;0;0;1;3;1;0;0;0
"14/11/2019";"12:04:00";"42";"com vítima";"55";"BR-153/SP";"Sul";"Tombamento de Moto";0;0;0;1;0;0;0;0;0;0;0;1;0;0;0
"14/11/2019";"16:07:00";"71";"sem vítima";"307";"BR-153/SP";"Norte";"Saída de Pista";0;0;1;0;0;0;0;0;0;0;1;0;0;0;0
"14/11/2019";"19:56:00";"98";"sem vítima";"39";"BR-153/SP";"Norte";"Colisão Transversal";1;0;1;0;0;0;0;0;0;0;2;0;0;0;0
"15/11/2019";"06:14:00";"6";"sem vítima";"60,5";"BR-153/SP";"Norte";"Saída de Pista";1;0;0;0;0;0;0;0;0;0;2;0;0;0;0
"15/11/2019";"10:35:00";"23";"com vítima";"75";"BR-153/SP";"Sul";"Saída de Pista";0;0;0;0;0;0;0;0;0;1;0;0;1;0;0
"17/11/2019";"17:55:00";"61";"com vítima";"74";"BR-153/SP";"Norte";"Colisão Traseira";1;0;0;0;0;0;0;0;0;1;4;1;0;0;0
"18/11/2019";"15:55:00";"72";"com vítima";"25";"BR-153/SP";"Norte";"Colisão Transversal";1;0;0;1;0;0;0;0;0;0;1;0;1;0;0
"19/11/2019";"06:24:00";"13";"com vítima";"27,5";"BR-153/SP";"Sul";"Colisão Lateral";0;0;1;0;0;0;0;0;0;1;0;2;0;0;0
"19/11/2019";"07:20:00";"15";"com vítima";"56";"BR-153/SP";"Sul";"Colisão Lateral";0;0;0;1;0;1;0;0;0;0;1;1;0;0;0
"20/11/2019";"09:51:00";"35";"sem vítima";"58";"BR-153/SP";"Norte";"Colisão Lateral";0;0;1;0;0;0;0;0;0;1;2;0;0;0;0
"20/11/2019";"12:56:00";"51";"com vítima";"194,8";"BR-153/SP";"Sul";"Tombamento";0;0;0;1;0;0;0;0;0;0;0;2;0;0;0
"21/11/2019";"12:33:00";"47";"com vítima";"289";"BR-153/SP";"Sul";"Tombamento";0;0;1;0;0;0;0;0;0;0;0;0;1;0;0
"22/11/2019";"02:21:00";"3";"sem vítima";"287,8";"BR-153/SP";"Norte";"Colisão Traseira";0;0;2;0;0;0;0;0;0;0;2;0;0;0;0
"22/11/2019";"07:17:00";"15";"com vítima";"54";"BR-153/SP";"Norte";"Colisão Lateral";0;0;0;1;0;0;0;0;0;1;3;1;0;0;0
"22/11/2019";"08:20:00";"24";"sem vítima";"64";"BR-153/SP";"Norte";"Colisão Lateral";1;0;1;0;0;0;0;0;0;0;2;0;0;0;0
"22/11/2019";"17:17:00";"85";"com vítima";"42";"BR-153/SP";"Sul";"Colisão Traseira";1;0;0;1;0;0;0;0;0;0;3;1;0;0;0
"22/11/2019";"20:15:00";"107";"com vítima";"113,4";"BR-153/SP";"Norte";"Colisão Transversal";0;0;0;1;0;1;0;0;0;0;1;0;1;1;0
"23/11/2019";"09:51:00";"38";"sem vítima";"1,5";"BR-153/SP";"Sul";"Colisão Traseira";0;0;0;0;0;0;0;0;0;2;2;0;0;0;0
"23/11/2019";"11:05:00";"43";"com vítima";"27,8";"BR-153/SP";"Norte";"Colisão Transversal";1;0;1;0;0;0;0;0;0;0;0;2;0;0;3
"25/11/2019";"00:06:00";"1";"com vítima";"45,6";"BR-153/SP";"Norte";"Saída de Pista";1;0;0;0;0;0;0;0;0;0;0;0;0;0;1
"25/11/2019";"07:05:00";"8";"sem vítima";"61,9";"BR-153/SP";"Sul";"Colisão Traseira";1;0;0;0;0;1;0;0;0;0;3;0;0;0;0
"26/11/2019";"00:37:00";"2";"com vítima";"302";"BR-153/SP";"Norte";"Colisão Traseira";0;0;0;0;0;1;0;0;0;1;5;1;0;0;0
"26/11/2019";"08:23:00";"28";"sem vítima";"255";"BR-153/SP";"Norte";"Engavetamento";1;0;2;0;0;0;0;0;0;0;3;0;0;0;0
"26/11/2019";"18:57:00";"115";"sem vítima";"321,9";"BR-153/SP";"Norte";"Tombamento de Moto";0;0;0;1;0;0;0;0;0;0;2;0;0;0;0
"28/11/2019";"14:09:00";"63";"sem vítima";"57";"BR-153/SP";"Norte";"Saída de Pista";1;0;0;0;0;0;0;0;0;0;1;0;0;0;0
"28/11/2019";"14:43:00";"67";"sem vítima";"58,7";"BR-153/SP";"Sul";"Colisão Traseira";0;0;0;1;0;1;0;0;0;0;2;0;0;0;0
"29/11/2019";"19:04:00";"88";"com vítima";"39";"BR-153/SP";"Norte";"Colisão Traseira";2;0;0;0;0;0;0;0;0;0;2;1;0;0;0
"29/11/2019";"20:56:00";"94";"com vítima";"272";"BR-153/SP";"Sul";"Colisão Lateral";1;0;0;1;0;0;0;0;0;0;1;0;2;0;0
"29/11/2019";"22:58:00";"103";"sem vítima";"195,1";"BR-153/SP";"Norte";"Saída de Pista";1;0;0;0;0;0;0;0;0;0;2;0;0;0;0
"30/11/2019";"00:23:00";"2";"sem vítima";"1";"BR-153/SP";"Norte";"Saída de Pista";1;0;0;0;0;0;0;0;0;0;3;0;0;0;0
"30/11/2019";"00:58:00";"4";"sem vítima";"69";"BR-153/SP";"Norte";"Colisão Traseira";1;0;0;0;0;0;0;0;0;1;2;0;0;0;0
"30/11/2019";"23:04:00";"101";"com vítima";"273,4";"BR-153/SP";"Norte";"Tombamento de Moto";0;0;0;1;0;0;0;0;0;0;0;0;2;0;0
"01/12/2019";"17:08:00";"65";"sem vítima";"138";"BR-153/SP";"Norte";"Saída de Pista";1;0;0;0;0;0;0;0;0;0;3;0;0;0;0
"02/12/2019";"06:50:00";"10";"sem vítima";"25,5";"BR-153/SP";"Norte";"Colisão Transversal";2;0;0;0;0;0;0;0;0;0;7;0;0;0;0
"02/12/2019";"08:11:00";"23";"sem vítima";"1,7";"BR-153/SP";"Norte";"Colisão Lateral";0;0;1;0;0;1;0;0;0;1;3;0;0;0;0
"02/12/2019";"15:28:00";"62";"sem vítima";"62";"BR-153/SP";"Sul";"Colisão Traseira";2;0;0;0;0;0;0;0;0;0;5;0;0;0;0
"03/12/2019";"09:44:00";"35";"sem vítima";"51,62";"BR-153/SP";"Norte";"Colisão Transversal";0;0;0;1;0;0;0;0;0;1;2;0;0;0;0
"03/12/2019";"21:21:00";"104";"sem vítima";"288,9";"BR-153/SP";"Sul";"Tombamento";0;0;1;0;0;0;0;0;0;0;1;0;0;0;0
"04/12/2019";"13:37:00";"66";"sem vítima";"62";"BR-153/SP";"Sul";"Engavetamento";0;0;0;0;0;0;0;0;0;3;3;0;0;0;0
"04/12/2019";"22:40:00";"105";"sem vítima";"98";"BR-153/SP";"Sul";"Atropelamento de Animal";1;0;0;0;0;0;0;0;0;0;1;0;0;0;0
"05/12/2019";"12:27:00";"46";"sem vítima";"55";"BR-153/SP";"Norte";"Choque contra Objeto Fixo";0;0;0;0;0;0;0;0;0;1;1;0;0;0;0
"06/12/2019";"17:59:00";"72";"com vítima";"62";"BR-153/SP";"Sul";"Colisão Traseira";0;0;1;1;0;0;0;0;0;0;2;1;0;0;0
"07/12/2019";"10:27:00";"20";"sem vítima";"73";"BR-153/SP";"Norte";"Colisão Lateral";2;0;0;0;0;0;0;0;0;0;8;0;0;0;0
"07/12/2019";"17:51:00";"53";"sem vítima";"73,1";"BR-153/SP";"Norte";"Saída de Pista";1;0;0;0;0;0;0;0;0;0;1;0;0;0;0
"07/12/2019";"18:29:00";"58";"com vítima";"88,5";"BR-153/SP";"Sul";"Tombamento de Moto";0;0;0;1;0;0;0;0;0;0;0;1;0;0;0
"07/12/2019";"20:43:00";"65";"com vítima";"71";"BR-153/SP";"Norte";"Tombamento de Moto";0;0;0;1;0;0;0;0;0;0;1;1;0;0;0
"07/12/2019";"20:51:00";"66";"com vítima";"153";"BR-153/SP";"Norte";"Colisão Traseira";1;0;0;0;0;1;0;0;0;0;1;2;2;3;1
"07/12/2019";"21:31:00";"68";"com vítima";"72";"BR-153/SP";"Sul";"Saída de Pista";1;0;0;0;0;0;0;0;0;0;0;1;0;0;0
"09/12/2019";"14:52:00";"67";"com vítima";"56";"BR-153/SP";"Sul";"Tombamento de Moto";0;0;0;1;0;0;0;0;0;0;0;2;0;0;0
"10/12/2019";"05:24:00";"5";"sem vítima";"303,1";"BR-153/SP";"Sul";"Colisão Lateral";0;0;2;0;0;0;0;0;0;0;2;0;0;0;0
"10/12/2019";"07:00:00";"10";"sem vítima";"62";"BR-153/SP";"Sul";"Engavetamento";2;0;1;0;0;0;0;0;0;1;6;0;0;0;0
"11/12/2019";"12:45:00";"43";"com vítima";"99";"BR-153/SP";"Norte";"Colisão Transversal";1;0;1;0;0;0;0;0;0;0;2;0;1;0;0
"11/12/2019";"22:16:00";"83";"sem vítima";"81,6";"BR-153/SP";"Sul";"Saída de Pista";0;0;0;0;0;0;0;0;0;1;1;0;0;0;0
"12/12/2019";"14:08:00";"49";"sem vítima";"62";"BR-153/SP";"Sul";"Engavetamento";2;0;0;0;0;0;0;0;0;1;9;0;0;0;0
"12/12/2019";"15:13:00";"57";"sem vítima";"6,6";"BR-153/SP";"Sul";"Colisão Traseira";1;0;1;0;0;0;0;0;0;0;4;0;0;0;0
"12/12/2019";"15:13:00";"63";"sem vítima";"6,6";"BR-153/SP";"Sul";"Saída de Pista";0;0;1;0;0;0;0;0;0;0;1;0;0;0;0
"13/12/2019";"12:07:00";"49";"sem vítima";"289";"BR-153/SP";"Sul";"Tombamento";0;0;1;0;0;0;0;0;0;0;1;0;0;0;0
"14/12/2019";"01:38:00";"10";"com vítima";"107,05";"BR-153/SP";"Sul";"Colisão Frontal";0;0;0;1;1;0;0;0;0;0;47;0;0;0;1
"14/12/2019";"06:40:00";"23";"sem vítima";"57,1";"BR-153/SP";"Norte";"Colisão Transversal";1;0;0;0;0;0;0;0;0;1;4;0;0;0;0
"14/12/2019";"10:46:00";"60";"com vítima";"57";"BR-153/SP";"Norte";"Colisão Transversal";1;0;0;1;0;0;0;0;0;0;1;1;0;0;0
"14/12/2019";"17:23:00";"100";"com vítima";"55";"BR-153/SP";"Norte";"Tombamento de Moto";0;0;0;1;0;0;0;0;0;0;0;2;0;0;0
"14/12/2019";"20:25:00";"125";"sem vítima";"56";"BR-153/SP";"Norte";"Tombamento de Moto";0;0;0;1;0;0;0;0;0;0;1;0;0;0;0
"14/12/2019";"20:37:00";"130";"sem vítima";"58";"BR-153/SP";"Norte";"Colisão Traseira";1;0;0;0;0;1;0;0;0;0;2;0;0;0;0
"15/12/2019";"02:54:00";"11";"sem vítima";"55,5";"BR-153/SP";"Norte";"Saída de Pista";1;0;0;0;0;0;0;0;0;0;2;0;0;0;0
"15/12/2019";"06:41:00";"20";"sem vítima";"345";"BR-153/SP";"Sul";"Saída de Pista";1;0;0;0;0;0;0;0;0;0;1;0;0;0;0
"15/12/2019";"14:48:00";"64";"sem vítima";"154";"BR-153/SP";"Sul";"Colisão Traseira";0;0;1;0;0;1;0;0;0;0;3;0;0;0;0
"16/12/2019";"11:41:00";"46";"sem vítima";"223,7";"BR-153/SP";"Sul";"Colisão Traseira";0;0;2;0;0;0;0;0;0;0;2;0;0;0;0
"17/12/2019";"14:00:00";"57";"sem vítima";"62,1";"BR-153/SP";"Sul";"Engavetamento";1;0;0;0;0;0;0;0;0;2;3;0;0;0;0
"18/12/2019";"13:22:00";"55";"sem vítima";"58,7";"BR-153/SP";"Sul";"Engavetamento";1;0;1;0;0;0;0;0;0;1;3;0;0;0;0
"18/12/2019";"18:56:00";"98";"sem vítima";"133,5";"BR-153/SP";"Norte";"Colisão Traseira";2;0;0;0;0;0;0;0;0;0;5;0;0;0;0
"19/12/2019";"15:01:00";"62";"com vítima";"62";"BR-153/SP";"Sul";"Engavetamento";3;0;0;0;0;0;0;0;0;0;4;1;0;0;0
"19/12/2019";"16:17:00";"85";"sem vítima";"268";"BR-153/SP";"Sul";"Colisão Traseira";2;0;0;0;0;0;0;0;0;0;9;0;0;0;0
"19/12/2019";"19:02:00";"105";"com vítima";"58";"BR-153/SP";"Norte";"Colisão Lateral";1;0;0;1;0;0;0;0;0;0;1;1;0;0;0
"20/12/2019";"10:06:00";"30";"sem vítima";"325";"BR-153/SP";"Norte";"Colisão Lateral";1;0;1;0;0;0;0;0;0;0;3;0;0;0;0
"20/12/2019";"15:54:00";"64";"sem vítima";"98,9";"BR-153/SP";"Norte";"Colisão Traseira";1;0;1;0;0;0;0;0;0;0;3;0;0;0;0
"21/12/2019";"02:12:00";"4";"sem vítima";"59";"BR-153/SP";"Norte";"Saída de Pista";1;0;0;0;0;0;0;0;0;0;1;0;0;0;0
"21/12/2019";"02:21:00";"5";"sem vítima";"269,95";"BR-153/SP";"Norte";"Saída de Pista";1;0;0;0;0;0;0;0;0;0;4;0;0;0;0
"21/12/2019";"15:22:00";"58";"sem vítima";"86,5";"BR-153/SP";"Norte";"Tombamento";0;0;1;0;0;0;0;0;0;0;1;0;0;0;0
"21/12/2019";"16:52:00";"70";"sem vítima";"119";"BR-153/SP";"Norte";"Colisão Transversal";2;0;0;0;0;0;0;0;0;0;5;0;0;0;0
"21/12/2019";"20:58:00";"103";"sem vítima";"266,95";"BR-153/SP";"Sul";"Colisão Traseira";1;0;0;0;0;1;0;0;0;0;2;0;0;0;0
"21/12/2019";"21:14:00";"105";"com vítima";"137,5";"BR-153/SP";"Norte";"Colisão Traseira";1;0;0;0;0;1;0;0;0;0;2;1;0;0;0
"21/12/2019";"22:36:00";"111";"sem vítima";"224";"BR-153/SP";"Sul";"Colisão Lateral";1;0;1;0;0;0;0;0;0;0;2;0;0;0;0
"22/12/2019";"00:13:00";"1";"com vítima";"4";"BR-153/SP";"Norte";"Colisão Transversal";1;0;0;1;0;0;0;0;0;0;2;1;0;0;0
"22/12/2019";"05:52:00";"9";"sem vítima";"26,1";"BR-153/SP";"Norte";"Choque contra Objeto Fixo";1;0;0;0;0;0;0;0;0;0;1;0;0;0;0
"22/12/2019";"18:35:00";"85";"com vítima";"53";"BR-153/SP";"Sul";"Colisão Lateral";0;0;0;1;0;1;0;0;0;0;1;0;0;1;0
"22/12/2019";"19:28:00";"89";"sem vítima";"174,4";"BR-153/SP";"Sul";"Colisão Lateral";2;0;0;0;0;0;0;0;0;0;5;0;0;0;0
"23/12/2019";"16:40:00";"89";"sem vítima";"106";"BR-153/SP";"Sul";"Colisão Lateral";1;0;0;0;0;2;0;0;0;0;6;0;0;0;0
"23/12/2019";"21:25:00";"105";"sem vítima";"57,6";"BR-153/SP";"Norte";"Saída de Pista";0;0;0;0;0;0;0;0;0;1;5;0;0;0;0
"23/12/2019";"21:45:00";"107";"sem vítima";"60,8";"BR-153/SP";"Norte";"Tombamento de Moto";0;0;0;1;0;0;0;0;0;0;1;0;0;0;0
"23/12/2019";"23:07:00";"111";"sem vítima";"35,8";"BR-153/SP";"Sul";"Colisão Traseira";1;0;1;0;0;0;0;0;0;0;2;0;0;0;0
"24/12/2019";"01:01:00";"2";"sem vítima";"61,2";"BR-153/SP";"Sul";"Saída de Pista";0;0;0;0;0;0;0;0;0;1;1;0;0;0;0
"24/12/2019";"18:34:00";"92";"com vítima";"75,2";"BR-153/SP";"Sul";"Saída de Pista";1;0;0;0;0;0;0;0;0;0;0;1;0;0;0
"25/12/2019";"12:05:00";"33";"com vítima";"56";"BR-153/SP";"Norte";"Tombamento de Moto";0;0;0;1;0;0;0;0;0;0;0;2;0;0;0
"26/12/2019";"06:14:00";"7";"com vítima";"295,8";"BR-153/SP";"Norte";"Colisão Frontal";1;0;1;0;0;0;0;0;0;0;1;1;0;0;0
"27/12/2019";"09:52:00";"32";"com vítima";"323,8";"BR-153/SP";"Norte";"Colisão Lateral";1;0;1;0;0;0;0;0;0;0;3;1;2;0;0
"27/12/2019";"12:35:00";"45";"sem vítima";"268,1";"BR-153/SP";"Norte";"Colisão Traseira";1;0;1;0;0;0;0;0;0;0;2;0;0;0;0
"28/12/2019";"02:40:00";"3";"com vítima";"279,8";"BR-153/SP";"Norte";"Tombamento de Moto";0;0;0;1;0;0;0;0;0;0;0;1;0;0;0
"28/12/2019";"11:00:00";"36";"sem vítima";"58";"BR-153/SP";"Norte";"Colisão Traseira";2;0;0;0;0;0;0;0;0;0;3;0;0;0;0
"28/12/2019";"17:08:00";"72";"sem vítima";"53,5";"BR-153/SP";"Norte";"Colisão Lateral";1;0;0;0;0;1;0;0;0;0;3;0;0;0;0
"28/12/2019";"18:25:00";"82";"sem vítima";"342,7";"BR-153/SP";"Norte";"Saída de Pista";1;0;0;0;0;0;0;0;0;0;1;0;0;0;0
"29/12/2019";"16:49:00";"57";"sem vítima";"58,7";"BR-153/SP";"Sul";"Colisão Traseira";0;0;0;0;0;0;0;0;0;2;5;0;0;0;0
"01/01/2020";"05:40:00";"10";"com vítima";"110,1";"BR-153/SP";"Norte";"Saída de Pista";1;0;0;0;0;0;0;0;0;0;3;2;0;0;0
"02/01/2020";"00:35:00";"1";"sem vítima";"75,8";"BR-153/SP";"Sul";"Atropelamento de Animal";1;0;0;0;0;0;0;0;0;0;4;0;0;0;0
"02/01/2020";"07:03:00";"8";"com vítima";"288";"BR-153/SP";"Norte";"Colisão Frontal";1;0;1;0;0;0;0;0;0;0;1;0;1;0;1
"02/01/2020";"08:48:00";"16";"sem vítima";"25,5";"BR-153/SP";"Sul";"Saída de Pista";1;0;0;0;0;0;0;0;0;0;3;0;0;0;0
"02/01/2020";"15:40:00";"51";"sem vítima";"178,3";"BR-153/SP";"Sul";"Tombamento";0;0;1;0;0;0;0;0;0;0;2;0;0;0;0
"03/01/2020";"03:30:00";"3";"com vítima";"275,5";"BR-153/SP";"Norte";"Tombamento";0;0;1;0;0;0;0;0;0;0;0;0;0;0;1
"03/01/2020";"11:46:00";"32";"sem vítima";"90,5";"BR-153/SP";"Sul";"Saída de Pista";1;0;0;0;0;0;0;0;0;0;4;0;0;0;0
"03/01/2020";"12:32:00";"39";"com vítima";"94";"BR-153/SP";"Sul";"Incidente";0;0;0;0;0;0;0;0;0;2;7;1;0;0;0
"03/01/2020";"15:06:00";"45";"com vítima";"58,3";"BR-153/SP";"Sul";"Colisão Traseira";1;0;0;1;0;0;0;0;0;0;1;0;1;0;0
"04/01/2020";"22:56:00";"99";"com vítima";"141,8";"BR-153/SP";"Sul";"Saída de Pista";1;0;0;0;0;0;0;0;0;0;0;2;0;0;0
"05/01/2020";"17:01:00";"64";"com vítima";"61,7";"BR-153/SP";"Norte";"Colisão Traseira";2;0;0;0;0;0;0;0;0;0;1;1;0;0;0
"05/01/2020";"19:39:00";"76";"sem vítima";"86,5";"BR-153/SP";"Sul";"Atropelamento de Animal";1;0;0;0;0;0;0;0;0;0;3;0;0;0;0
"05/01/2020";"19:52:00";"79";"com vítima";"86,8";"BR-153/SP";"Sul";"Atropelamento de Animal";1;0;0;0;0;0;0;0;0;0;0;2;0;0;0
"06/01/2020";"07:34:00";"15";"sem vítima";"62";"BR-153/SP";"Norte";"Engavetamento";2;0;0;0;0;0;0;0;0;2;5;0;0;0;0
"06/01/2020";"15:48:00";"68";"com vítima";"62";"BR-153/SP";"Sul";"Colisão Traseira";1;0;0;1;0;0;0;0;0;0;1;2;0;0;0
"07/01/2020";"13:20:00";"55";"sem vítima";"63,9";"BR-153/SP";"Norte";"Engavetamento";3;0;0;0;0;0;0;0;0;0;4;0;0;0;0
"08/01/2020";"08:10:00";"18";"com vítima";"61";"BR-153/SP";"Sul";"Colisão Traseira";1;0;0;2;0;0;0;0;0;0;2;2;1;0;0