data;horario;n_da_ocorrencia;tipo_de_ocorrencia;km;trecho;sentido;tipo_de_acidente;automovel;bicicleta;caminhao;moto;onibus;outros;tracao_animal;transporte_de_cargas_especiais;trator_maquinas;utilitarios;ilesos;levemente_feridos;moderadamente_feridos;gravemente_feridos;mortos
"15/07/2020";"13:56:00";"39";"sem vítima";"35,8";"BR-153/SP";"Sul";"Colisão Traseira";1;0;1;0;0;0;0;0;0;0;2;0;0;0;0
"15/07/2020";"17:18:00";"66";"sem vítima";"19,6";"BR-153/SP";"Sul";"Colisão Traseira";2;0;0;0;0;0;0;0;0;0;5;0;0;0;0
"16/07/2020";"04:08:00";"5";"sem vítima";"311";"BR-153/SP";"Sul";"Saída de Pista";0;0;1;0;0;0;0;0;0;0;1;0;0;0;0
"16/07/2020";"08:02:00";"13";"com vítima";"55";"BR-153/SP";"Sul";"Tombamento de Moto";0;0;0;1;0;0;0;0;0;0;0;1;0;0;0
"16/07/2020";"10:21:00";"26";"sem vítima";"98,9";"BR-153/SP";"Sul";"Colisão Traseira";2;0;0;0;0;0;0;0;0;0;4;0;0;0;0
"16/07/2020";"17:27:00";"66";"sem vítima";"72,9";"BR-153/SP";"Norte";"Saída de Pista";1;0;0;0;0;0;0;0;0;0;1;0;0;0;0
"17/07/2020";"21:19:00";"84";"sem vítima";"49";"BR-153/SP";"Norte";"Capotamento";1;0;0;0;0;0;0;0;0;0;1;0;0;0;0
"18/07/2020";"11:21:00";"27";"sem vítima";"63,8";"BR-153/SP";"Sul";"Colisão Traseira";0;0;1;0;0;0;0;0;0;1;2;0;0;0;0
"19/07/2020";"11:26:00";"16";"sem vítima";"145";"BR-153/SP";"Norte";"Colisão Transversal";0;0;1;0;0;0;0;0;0;1;2;0;0;0;0
"20/07/2020";"09:42:00";"23";"sem vítima";"281";"BR-153/SP";"Sul";"Saída de Pista";1;0;0;0;0;0;0;0;0;0;1;0;0;0;0
"20/07/2020";"12:51:00";"37";"sem vítima";"64";"BR-153/SP";"Norte";"Saída de Pista";0;0;0;1;0;0;0;0;0;0;1;0;0;0;0
"20/07/2020";"13:04:00";"38";"sem vítima";"62,5";"BR-153/SP";"Sul";"Engavetamento";1;0;0;0;0;2;0;0;0;0;3;0;0;0;0
"20/07/2020";"13:21:00";"41";"sem vítima";"327";"BR-153/SP";"Norte";"Colisão Transversal";1;0;1;0;0;0;0;0;0;0;4;0;0;0;0
"21/07/2020";"19:35:00";"69";"sem vítima";"9";"BR-153/SP";"Sul";"Saída de Pista";1;0;0;0;0;0;0;0;0;0;1;0;0;0;0
"23/07/2020";"04:53:00";"4";"sem vítima";"143,6";"BR-153/SP";"Norte";"Tombamento";1;0;1;0;0;0;0;0;0;0;2;0;0;0;0
"23/07/2020";"05:33:00";"7";"com vítima";"124,8";"BR-153/SP";"Sul";"Tombamento";0;0;1;0;0;0;0;0;0;0;2;1;0;0;0
"23/07/2020";"07:35:00";"12";"com vítima";"73,9";"BR-153/SP";"Sul";"Colisão Lateral";1;0;1;0;0;0;0;0;0;0;3;1;0;0;0
"23/07/2020";"21:42:00";"70";"com vítima";"202,4";"BR-153/SP";"Norte";"Colisão Transversal";1;0;0;0;0;0;0;0;0;1;1;1;0;0;0
"24/07/2020";"06:07:00";"4";"com vítima";"1";"BR-153/SP";"Sul";"Tombamento de Moto";0;0;0;1;0;0;0;0;0;0;0;1;0;0;0
"26/07/2020";"18:08:00";"45";"sem vítima";"64";"BR-153/SP";"Norte";"Colisão Lateral";1;0;1;0;0;0;0;0;0;0;3;0;0;0;0
"27/07/2020";"03:09:00";"2";"com vítima";"14,5";"BR-153/SP";"Norte";"Colisão Frontal";1;0;0;0;0;0;0;0;0;1;0;0;2;0;1
"27/07/2020";"08:55:00";"18";"sem vítima";"25,8";"BR-153/SP";"Norte";"Saída de Pista";1;0;0;0;0;0;0;0;0;0;1;0;0;0;0
"27/07/2020";"21:10:00";"87";"sem vítima";"175";"BR-153/SP";"Sul";"Atropelamento de Animal";0;0;1;0;0;0;0;0;0;0;1;0;0;0;0
"28/07/2020";"06:19:00";"5";"com vítima";"215,1";"BR-153/SP";"Norte";"Colisão Traseira";0;0;2;0;0;0;0;0;0;0;2;1;0;0;0
"28/07/2020";"15:37:00";"52";"sem vítima";"62,8";"BR-153/SP";"Sul";"Colisão Traseira";0;0;0;1;0;1;0;0;0;0;2;0;0;0;0
"29/07/2020";"19:36:00";"76";"sem vítima";"340,1";"BR-153/SP";"Norte";"Saída de Pista";0;0;0;0;0;1;0;0;0;1;2;0;0;0;0
"30/07/2020";"11:31:00";"29";"com vítima";"48,1";"BR-153/SP";"Norte";"Colisão Traseira";0;0;1;0;0;0;0;0;0;1;3;2;0;0;0
"31/07/2020";"20:16:00";"69";"sem vítima";"290,5";"BR-153/SP";"Norte";"Saída de Pista";0;0;0;0;0;0;0;0;0;1;1;0;0;0;0
"01/08/2020";"01:36:00";"1";"AC3 - Acid";"56,9";"BR-153/SP";"Norte";"Tombamento de Moto";0;0;0;1;0;0;0;0;0;0;1;0;0;0;0
"01/08/2020";"15:12:00";"38";"AC2 - Acid";"58,7";"BR-153/SP";"Norte";"Colisão Transversal";0;0;0;1;0;0;0;0;0;1;1;1;0;0;0
"01/08/2020";"18:42:00";"54";"AC2 - Acid";"112";"BR-153/SP";"Sul";"Colisão Frontal";1;0;0;1;0;0;0;0;0;0;3;0;0;1;0
"02/08/2020";"19:00:00";"45";"AC3 - Acid";"33";"BR-153/SP";"Sul";"Engavetamento";1;0;0;0;0;0;0;0;0;2;7;0;0;0;0
"02/08/2020";"19:14:00";"46";"AC3 - Acid";"112";"BR-153/SP";"Norte";"Saída de Pista";1;0;0;0;0;1;0;0;0;0;3;0;0;0;0
"03/08/2020";"18:50:00";"65";"AC2 - Acid";"49";"BR-153/SP";"Sul";"Colisão Transversal";1;0;0;1;0;0;0;0;0;0;3;0;1;0;0
"03/08/2020";"22:31:00";"75";"AC3 - Acid";"1";"BR-153/SP";"Norte";"Colisão Frontal";1;0;0;0;1;0;0;0;0;0;7;0;0;0;0
"04/08/2020";"07:26:00";"4";"AC3 - Acid";"60";"BR-153/SP";"Sul";"Engavetamento";2;0;0;0;0;0;0;0;0;2;6;0;0;0;0
"04/08/2020";"08:57:00";"14";"AC3 - Acid";"60,5";"BR-153/SP";"Sul";"Colisão Traseira";0;0;0;0;0;0;0;0;0;2;2;0;0;0;0
"04/08/2020";"13:40:00";"44";"AC3 - Acid";"61";"BR-153/SP";"Sul";"Engavetamento";3;0;0;0;0;0;0;0;0;0;3;0;0;0;0
"04/08/2020";"18:35:00";"65";"AC1 - Acid";"215,7";"BR-153/SP";"Norte";"Colisão Frontal";1;0;1;0;0;0;0;0;0;0;2;0;1;0;1
"04/08/2020";"22:17:00";"79";"AC2 - Acid";"65,2";"BR-153/SP";"Norte";"Atropelamento  de Pedestre";0;0;1;0;0;0;0;0;0;0;1;1;0;0;0
"05/08/2020";"16:50:00";"62";"AC3 - Acid";"65";"BR-153/SP";"Norte";"Tombamento de Moto";0;0;0;1;0;0;0;0;0;0;1;0;0;0;0
"05/08/2020";"18:01:00";"73";"AC3 - Acid";"62";"BR-153/SP";"Sul";"Engavetamento";0;0;0;0;0;0;0;0;0;3;5;0;0;0;0
"06/08/2020";"11:45:00";"33";"AC3 - Acid";"59";"BR-153/SP";"Sul";"Colisão Traseira";2;0;0;0;0;0;0;0;0;0;2;0;0;0;0
"07/08/2020";"09:02:00";"14";"AC2 - Acid";"63";"BR-153/SP";"Sul";"Colisão Traseira";2;0;0;0;0;0;0;0;0;0;2;1;0;0;0
"07/08/2020";"10:33:00";"19";"AC2 - Acid";"72,7";"BR-153/SP";"Norte";"Saída de Pista";1;0;0;0;0;0;0;0;0;0;0;1;0;0;0
"07/08/2020";"11:01:00";"21";"AC3 - Acid";"27";"BR-153/SP";"Norte";"Colisão Traseira";2;0;0;0;0;0;0;0;0;0;4;0;0;0;0
"08/08/2020";"09:06:00";"13";"AC3 - Acid";"13,5";"BR-153/SP";"Norte";"Colisão Traseira";1;0;1;0;0;0;0;0;0;0;3;0;0;0;0
"09/08/2020";"10:38:00";"15";"AC2 - Acid";"335,8";"BR-153/SP";"Norte";"Colisão Lateral";1;0;1;0;0;0;0;0;0;0;1;0;1;1;0
"09/08/2020";"12:37:00";"24";"AC3 - Acid";"61,7";"BR-153/SP";"Norte";"Saída de Pista";1;0;0;0;0;0;0;0;0;0;1;0;0;0;0
"09/08/2020";"12:55:00";"26";"AC3 - Acid";"58,5";"BR-153/SP";"Sul";"Colisão Traseira";2;0;0;0;0;0;0;0;0;0;6;0;0;0;0
"09/08/2020";"21:30:00";"57";"AC2 - Acid";"28";"BR-153/SP";"Norte";"Tombamento de Moto";0;0;0;1;0;0;0;0;0;0;0;0;0;1;0
"10/08/2020";"17:40:00";"63";"AC2 - Acid";"13,9";"BR-153/SP";"Sul";"Colisão Frontal";2;0;0;0;0;0;0;0;0;0;0;3;0;0;0
"10/08/2020";"17:46:00";"65";"AC3 - Acid";"54";"BR-153/SP";"Norte";"Colisão Traseira";1;0;0;0;0;0;0;0;0;1;3;0;0;0;0
"12/08/2020";"10:43:00";"29";"AC2 - Acid";"63,5";"BR-153/SP";"Norte";"Colisão Traseira";1;0;0;0;0;0;0;0;0;1;1;1;0;0;0
"12/08/2020";"12:32:00";"41";"AC3 - Acid";"155";"BR-153/SP";"Norte";"Colisão Transversal";1;0;1;0;0;0;0;0;0;0;3;0;0;0;0
"12/08/2020";"14:05:00";"47";"AC2 - Acid";"85";"BR-153/SP";"Norte";"Tombamento de Moto";0;0;0;1;0;0;0;0;0;0;0;1;0;0;0
"13/08/2020";"08:22:00";"10";"AC3 - Acid";"171,3";"BR-153/SP";"Sul";"Colisão Traseira";0;0;2;0;0;0;0;0;0;0;2;0;0;0;0
"14/08/2020";"00:34:00";"2";"AC2 - Acid";"275,4";"BR-153/SP";"Norte";"Tombamento";0;0;1;0;0;0;0;0;0;0;0;0;1;0;0
"14/08/2020";"04:55:00";"8";"AC3 - Acid";"197";"BR-153/SP";"Norte";"Capotamento";1;0;0;0;0;0;0;0;0;0;1;0;0;0;0
"14/08/2020";"15:06:00";"35";"AC3 - Acid";"280";"BR-153/SP";"Norte";"Colisão Transversal";1;0;1;0;0;0;0;0;0;0;3;0;0;0;0
"15/08/2020";"00:41:00";"1";"AC2 - Acid";"58";"BR-153/SP";"Norte";"Colisão Traseira";1;0;1;0;0;0;0;0;0;0;1;2;0;0;0
"15/08/2020";"10:45:00";"18";"AC3 - Acid";"33,25";"BR-153/SP";"Norte";"Colisão Transversal";1;0;0;0;0;0;0;0;0;1;2;0;0;0;0
"16/08/2020";"02:38:00";"3";"AC3 - Acid";"74";"BR-153/SP";"Norte";"Saída de Pista";1;0;0;0;0;0;0;0;0;0;1;0;0;0;0
"16/08/2020";"17:39:00";"48";"AC2 - Acid";"200,9";"BR-153/SP";"Sul";"Tombamento";0;0;1;0;0;0;0;0;0;0;0;0;1;0;0
"17/08/2020";"09:32:00";"20";"AC3 - Acid";"198,9";"BR-153/SP";"Norte";"Tombamento";0;0;1;0;0;0;0;0;0;0;1;0;0;0;0
"17/08/2020";"11:12:00";"26";"AC3 - Acid";"79";"BR-153/SP";"Norte";"Colisão Lateral";1;0;1;0;0;0;0;0;0;0;4;0;0;0;0
"17/08/2020";"12:21:00";"31";"AC3 - Acid";"52";"BR-153/SP";"Norte";"Colisão Traseira";2;0;0;0;0;0;0;0;0;0;4;0;0;0;0
"18/08/2020";"11:19:00";"28";"AC2 - Acid";"75,5";"BR-153/SP";"Sul";"Colisão Traseira";0;0;0;1;0;0;0;0;0;1;1;0;1;0;0
"18/08/2020";"20:41:00";"67";"AC2 - Acid";"68";"BR-153/SP";"Norte";"Choque contra Objeto Fixo";1;0;0;0;0;0;0;0;0;1;2;1;0;0;0
"19/08/2020";"05:30:00";"4";"AC3 - Acid";"172,5";"BR-153/SP";"Sul";"Atropelamento de Animal";0;0;1;0;0;0;0;0;0;0;1;0;0;0;0
"19/08/2020";"06:58:00";"9";"AC3 - Acid";"171,6";"BR-153/SP";"Norte";"Atropelamento de Animal";0;0;1;0;0;0;0;0;0;0;2;0;0;0;0
"19/08/2020";"10:54:00";"30";"AC3 - Acid";"293";"BR-153/SP";"Norte";"Engavetamento";2;0;0;0;0;0;0;0;0;1;5;0;0;0;0
"19/08/2020";"18:01:00";"68";"AC3 - Acid";"56";"BR-153/SP";"Norte";"Engavetamento";2;0;0;0;0;0;0;0;0;1;5;0;0;0;0
"20/08/2020";"10:04:00";"24";"AC2 - Acid";"48";"BR-153/SP";"Sul";"Colisão Traseira";1;0;0;0;0;0;0;0;0;1;0;4;0;0;0
"20/08/2020";"12:55:00";"37";"AC2 - Acid";"182,2";"BR-153/SP";"Sul";"Colisão Transversal";1;0;1;0;0;0;0;0;0;0;2;1;0;0;0
"20/08/2020";"21:54:00";"67";"AC1 - Acid";"77,9";"BR-153/SP";"Norte";"Colisão Traseira";0;0;1;1;0;0;0;0;0;0;1;0;0;0;1
"21/08/2020";"15:27:00";"36";"AC3 - Acid";"56";"BR-153/SP";"Norte";"Tombamento";0;0;1;0;0;0;0;0;0;0;1;0;0;0;0
"21/08/2020";"17:13:00";"46";"AC3 - Acid";"62";"BR-153/SP";"Norte";"Colisão Traseira";2;0;0;0;0;0;0;0;0;0;3;0;0;0;0
"21/08/2020";"17:35:00";"47";"AC3 - Acid";"62";"BR-153/SP";"Sul";"Engavetamento";2;0;1;0;0;0;0;0;0;1;8;0;0;0;0
"21/08/2020";"18:03:00";"49";"AC2 - Acid";"61";"BR-153/SP";"Sul";"Tombamento de Moto";0;0;0;1;0;0;0;0;0;0;0;1;0;0;0
"21/08/2020";"18:08:00";"50";"AC2 - Acid";"55";"BR-153/SP";"Sul";"Tombamento de Moto";0;0;0;1;0;0;0;0;0;0;0;1;0;0;0
"21/08/2020";"18:34:00";"54";"AC3 - Acid";"164";"BR-153/SP";"Norte";"Saída de Pista";1;0;0;0;0;0;0;0;0;0;2;0;0;0;0
"21/08/2020";"20:27:00";"60";"AC3 - Acid";"18";"BR-153/SP";"Sul";"Colisão Transversal";2;0;0;0;0;1;0;0;0;0;5;0;0;0;0
"22/08/2020";"02:18:00";"3";"AC2 - Acid";"52";"BR-153/SP";"Norte";"Saída de Pista";1;0;0;0;0;0;0;0;0;0;0;1;0;0;0
"22/08/2020";"16:02:00";"47";"AC2 - Acid";"330,5";"BR-153/SP";"Norte";"Atropelamento  de Pedestre";0;0;0;0;0;0;0;0;0;1;1;0;1;0;0
"23/08/2020";"01:22:00";"5";"AC3 - Acid";"75,7";"BR-153/SP";"Sul";"Atropelamento de Animal";1;0;0;0;0;0;0;0;0;0;1;0;0;0;0
"23/08/2020";"14:16:00";"34";"AC3 - Acid";"64";"BR-153/SP";"Norte";"Engavetamento";1;0;0;1;0;1;0;0;0;0;3;0;0;0;0
"23/08/2020";"17:49:00";"47";"AC3 - Acid";"56";"BR-153/SP";"Norte";"Colisão Traseira";1;0;1;0;0;0;0;0;0;0;3;0;0;0;0
"24/08/2020";"20:44:00";"70";"AC3 - Acid";"76,3";"BR-153/SP";"Sul";"Saída de Pista";1;0;0;0;0;0;0;0;0;0;4;0;0;0;0
"25/08/2020";"06:25:00";"11";"AC2 - Acid";"42,8";"BR-153/SP";"Sul";"Colisão Traseira";2;0;1;1;0;0;0;0;0;0;3;1;0;0;0
"25/08/2020";"07:54:00";"13";"AC3 - Acid";"62";"BR-153/SP";"Sul";"Engavetamento";2;0;0;0;0;0;0;0;0;1;4;0;0;0;0
"25/08/2020";"21:20:00";"79";"AC3 - Acid";"172,3";"BR-153/SP";"Sul";"Atropelamento de Animal";0;0;1;0;0;0;0;0;0;0;1;0;0;0;0
"26/08/2020";"16:31:00";"61";"AC3 - Acid";"73,5";"BR-153/SP";"Norte";"Tombamento de Moto";0;0;0;1;0;0;0;0;0;0;1;0;0;0;0
"26/08/2020";"18:31:00";"72";"AC3 - Acid";"61";"BR-153/SP";"Sul";"Colisão Traseira";1;0;0;0;0;1;0;0;0;0;2;0;0;0;0
"27/08/2020";"08:51:00";"17";"AC2 - Acid";"200,1";"BR-153/SP";"Sul";"Colisão Traseira";0;0;3;0;0;0;0;0;0;0;2;1;0;0;0
"27/08/2020";"14:24:00";"41";"AC3 - Acid";"62,2";"BR-153/SP";"Sul";"Colisão Traseira";2;0;0;0;0;0;0;0;0;0;2;0;0;0;0
"27/08/2020";"14:41:00";"42";"AC3 - Acid";"62,5";"BR-153/SP";"Sul";"Colisão Traseira";2;0;0;0;0;0;0;0;0;0;2;0;0;0;0
"28/08/2020";"07:56:00";"19";"AC2 - Acid";"72";"BR-153/SP";"Norte";"Colisão Lateral";1;0;0;1;0;0;0;0;0;0;0;2;0;0;0
"28/08/2020";"08:29:00";"24";"AC3 - Acid";"61";"BR-153/SP";"Sul";"Colisão Traseira";1;0;0;0;0;1;0;0;0;0;2;0;0;0;0
"28/08/2020";"18:52:00";"77";"AC3 - Acid";"62,3";"BR-153/SP";"Sul";"Engavetamento";1;0;0;0;0;1;0;0;0;1;4;0;0;0;0
"28/08/2020";"20:49:00";"85";"AC3 - Acid";"61";"BR-153/SP";"Sul";"Colisão Lateral";1;0;1;0;0;0;0;0;0;0;2;0;0;0;0
"29/08/2020";"07:32:00";"14";"AC2 - Acid";"39,5";"BR-153/SP";"Norte";"Colisão Transversal";1;0;0;1;0;0;0;0;0;0;2;1;1;0;0
"29/08/2020";"12:18:00";"42";"AC2 - Acid";"31";"BR-153/SP";"Sul";"Saída de Pista";1;0;0;0;0;0;0;0;0;0;0;1;0;0;0
"29/08/2020";"14:51:00";"57";"AC3 - Acid";"30,9";"BR-153/SP";"Norte";"Colisão Traseira";2;0;0;0;0;0;0;0;0;0;8;0;0;0;0
"30/08/2020";"10:51:00";"26";"AC2 - Acid";"103,5";"BR-153/SP";"Sul";"Colisão Lateral";1;0;0;1;0;0;0;0;0;0;2;1;0;0;0
"30/08/2020";"17:12:00";"61";"AC2 - Acid";"63,9";"BR-153/SP";"Norte";"Tombamento de Moto";0;0;0;1;0;0;0;0;0;0;0;2;0;0;0
"30/08/2020";"20:26:00";"74";"AC1 - Acid";"72,1";"BR-153/SP";"Sul";"Colisão Traseira";1;0;0;1;0;0;0;0;0;1;3;0;0;0;1
"30/08/2020";"23:11:00";"81";"AC3 - Acid";"100,8";"BR-153/SP";"Sul";"Atropelamento de Animal";0;0;1;0;0;0;0;0;0;0;1;0;0;0;0
"01/09/2020";"09:40:00";"27";"Acidente s";"98,9";"BR-153/SP";"Sul";"Colisão Traseira";0;0;1;0;0;0;0;0;0;1;2;0;0;0;0
"01/09/2020";"10:27:00";"34";"Acidente s";"64";"BR-153/SP";"Norte";"Colisão Traseira";1;0;0;0;0;0;0;0;0;1;2;0;0;0;0
"01/09/2020";"10:50:00";"39";"Acidente s";"98,9";"BR-153/SP";"Sul";"Colisão Traseira";1;0;0;0;0;0;0;0;0;1;6;0;0;0;0
"01/09/2020";"17:40:00";"70";"Acidente s";"27,7";"BR-153/SP";"Norte";"Colisão Traseira";0;0;2;0;0;0;0;0;0;1;6;0;0;0;0
"02/09/2020";"05:51:00";"4";"Acidente s";"61";"BR-153/SP";"Norte";"Saída de Pista";1;0;0;0;0;0;0;0;0;0;1;0;0;0;0
"02/09/2020";"08:15:00";"12";"Acidente s";"79";"BR-153/SP";"Sul";"Colisão Lateral";1;0;1;0;0;0;0;0;0;0;2;0;0;0;0
"03/09/2020";"14:45:00";"46";"Acidente c";"62,9";"BR-153/SP";"Sul";"Colisão Traseira";1;0;1;1;0;0;0;0;0;0;2;1;0;0;0
"04/09/2020";"09:19:00";"29";"Acidente c";"62";"BR-153/SP";"Norte";"Tombamento de Moto";0;0;0;1;0;0;0;0;0;0;0;1;0;0;0
"04/09/2020";"18:42:00";"84";"Acidente s";"27,7";"BR-153/SP";"Norte";"Saída de Pista";2;0;0;0;0;0;0;0;0;0;1;0;0;0;0
"05/09/2020";"07:05:00";"18";"Acidente s";"167";"BR-153/SP";"Norte";"Capotamento";1;0;0;0;0;0;0;0;0;0;1;0;0;0;0
"05/09/2020";"15:19:00";"70";"Acidente s";"65";"BR-153/SP";"Norte";"Capotamento";1;0;0;0;0;0;0;0;0;0;1;0;0;0;0
"08/09/2020";"13:23:00";"55";"Acidente s";"197,9";"BR-153/SP";"Norte";"Colisão Traseira";0;0;2;0;0;0;0;0;0;0;2;0;0;0;0
"08/09/2020";"14:08:00";"59";"Acidente s";"339,5";"BR-153/SP";"Norte";"Saída de Pista";1;0;0;0;0;1;0;0;0;0;5;0;0;0;0
"09/09/2020";"19:24:00";"101";"Acidente c";"62";"BR-153/SP";"Sul";"Colisão Lateral";0;0;1;1;0;0;0;0;0;0;1;2;0;0;0
"09/09/2020";"19:42:00";"103";"Acidente c";"30,8";"BR-153/SP";"Sul";"Atropelamento  de Pedestre";0;0;0;1;0;0;0;0;0;0;0;0;0;1;1
"10/09/2020";"09:17:00";"27";"Acidente s";"98,9";"BR-153/SP";"Sul";"Colisão Traseira";1;0;0;0;0;0;0;0;0;1;2;0;0;0;0
"10/09/2020";"17:07:00";"85";"Acidente s";"229";"BR-153/SP";"Norte";"Tombamento de Moto";0;0;0;1;0;0;0;0;0;0;1;0;0;0;0
"11/09/2020";"07:57:00";"19";"Acidente s";"62";"BR-153/SP";"Sul";"Incidente";0;0;1;0;0;0;0;0;0;1;2;0;0;0;0
"11/09/2020";"12:55:00";"60";"Acidente s";"68";"BR-153/SP";"Sul";"Colisão Lateral";1;0;1;0;0;0;0;0;0;0;1;0;0;0;0
"12/09/2020";"14:50:00";"54";"Acidente c";"256,3";"BR-153/SP";"Sul";"Colisão Lateral";0;0;0;2;0;0;0;0;0;0;1;1;0;0;0
"13/09/2020";"11:31:00";"23";"Acidente c";"74";"BR-153/SP";"Norte";"Tombamento de Moto";0;0;0;1;0;0;0;0;0;0;0;1;0;0;0
"13/09/2020";"19:21:00";"65";"Acidente s";"27";"BR-153/SP";"Norte";"Colisão Transversal";1;0;1;0;0;0;0;0;0;0;4;0;0;0;0
"14/09/2020";"18:23:00";"70";"Acidente c";"73";"BR-153/SP";"Sul";"Colisão Lateral";1;0;1;0;0;0;0;0;0;0;1;2;0;0;0
"15/09/2020";"09:07:00";"24";"Acidente s";"35,8";"BR-153/SP";"Norte";"Colisão Traseira";0;0;1;0;0;0;0;0;0;1;4;0;0;0;0
"15/09/2020";"09:20:00";"26";"Acidente s";"62";"BR-153/SP";"Sul";"Engavetamento";4;0;0;0;0;0;0;0;0;0;4;0;0;0;0
"16/09/2020";"20:28:00";"102";"Acidente s";"274,8";"BR-153/SP";"Norte";"Saída de Pista";0;0;1;0;0;0;0;0;0;0;1;0;0;0;0
"17/09/2020";"18:47:00";"91";"Acidente s";"55";"BR-153/SP";"Norte";"Atropelamento de Animal";0;0;0;0;0;0;0;0;0;1;1;0;0;0;0
"18/09/2020";"14:35:00";"58";"Acidente c";"30,4";"BR-153/SP";"Norte";"Tombamento";0;0;1;0;0;0;0;0;0;0;0;1;0;0;0
"18/09/2020";"20:11:00";"93";"Acidente c";"97";"BR-153/SP";"Norte";"Colisão Lateral";2;0;0;0;0;0;0;0;0;0;2;1;0;0;0
"19/09/2020";"18:49:00";"78";"Acidente c";"228,5";"BR-153/SP";"Sul";"Saída de Pista";1;0;0;0;0;0;0;0;0;0;0;1;0;0;0
"20/09/2020";"00:24:00";"3";"Acidente s";"75,5";"BR-153/SP";"Norte";"Capotamento";1;0;0;0;0;0;0;0;0;0;1;0;0;0;0
"20/09/2020";"19:09:00";"48";"Acidente s";"61,4";"BR-153/SP";"Norte";"Saída de Pista";0;0;0;0;0;0;0;0;0;1;1;0;0;0;0
"20/09/2020";"20:12:00";"49";"Acidente c";"63";"BR-153/SP";"Sul";"Saída de Pista";0;0;0;1;0;0;0;0;0;0;0;0;1;0;0
"21/09/2020";"13:35:00";"45";"Acidente s";"58";"BR-153/SP";"Norte";"Colisão Traseira";2;0;0;0;0;0;0;0;0;0;3;0;0;0;0
"21/09/2020";"13:56:00";"48";"Acidente s";"63";"BR-153/SP";"Sul";"Colisão Traseira";1;0;0;0;0;0;0;0;0;1;3;0;0;0;0
"21/09/2020";"19:51:00";"70";"Acidente c";"79";"BR-153/SP";"Sul";"Colisão Transversal";1;0;0;1;0;0;0;0;0;0;2;1;1;0;0
"22/09/2020";"05:49:00";"5";"Acidente c";"61";"BR-153/SP";"Norte";"Saída de Pista";0;0;1;0;0;0;0;0;0;0;0;1;0;0;0
"22/09/2020";"06:48:00";"7";"Acidente s";"60,9";"BR-153/SP";"Sul";"Saída de Pista";0;0;0;0;0;0;0;0;0;1;1;0;0;0;0
"22/09/2020";"18:01:00";"67";"Acidente s";"64,15";"BR-153/SP";"Norte";"Colisão Traseira";2;0;0;0;0;0;0;0;0;0;2;0;0;0;0
"23/09/2020";"06:27:00";"5";"Acidente s";"174,4";"BR-153/SP";"Sul";"Colisão Transversal";1;0;0;1;0;0;0;0;0;0;2;0;0;0;0
"23/09/2020";"08:17:00";"15";"Acidente s";"56,7";"BR-153/SP";"Norte";"Saída de Pista";0;0;0;0;0;0;0;0;0;1;1;0;0;0;0
"24/09/2020";"03:12:00";"6";"Acidente c";"112,5";"BR-153/SP";"Norte";"Tombamento";0;0;1;0;0;0;0;0;0;0;0;1;0;0;0
"24/09/2020";"11:26:00";"34";"Acidente s";"112,5";"BR-153/SP";"Norte";"Colisão Traseira";1;0;0;0;0;0;0;0;0;1;3;0;0;0;0
"25/09/2020";"14:22:00";"60";"Acidente s";"61,75";"BR-153/SP";"Sul";"Engavetamento";4;0;0;0;0;0;0;0;0;1;8;0;0;0;0
"25/09/2020";"15:57:00";"68";"Acidente c";"79,7";"BR-153/SP";"Sul";"Saída de Pista";1;0;0;0;0;0;0;0;0;0;0;1;0;0;0
"25/09/2020";"15:58:00";"69";"Acidente s";"59,25";"BR-153/SP";"Sul";"Colisão Traseira";0;0;0;1;0;0;0;0;0;1;3;0;0;0;0
"25/09/2020";"17:52:00";"83";"Acidente s";"338";"BR-153/SP";"Sul";"Tombamento";0;0;1;0;0;0;0;0;0;0;2;0;0;0;0
"26/09/2020";"02:11:00";"2";"Acidente c";"204,5";"BR-153/SP";"Sul";"Colisão Traseira";0;0;1;0;0;0;0;0;0;1;1;1;0;0;0
"26/09/2020";"07:59:00";"16";"Acidente s";"61";"BR-153/SP";"Norte";"Colisão Lateral";2;0;0;0;0;0;0;0;0;0;4;0;0;0;0
"26/09/2020";"10:16:00";"32";"Acidente s";"90,2";"BR-153/SP";"Sul";"Colisão Traseira";0;0;2;0;0;0;0;0;0;0;2;0;0;0;0
"26/09/2020";"14:38:00";"52";"Acidente c";"256";"BR-153/SP";"Norte";"Colisão Transversal";0;0;0;2;0;0;0;0;0;0;0;2;0;0;0
"26/09/2020";"20:29:00";"87";"Acidente c";"58";"BR-153/SP";"Norte";"Capotamento";1;0;0;0;0;0;0;0;0;0;0;1;0;0;0
"28/09/2020";"11:10:00";"35";"Acidente s";"62";"BR-153/SP";"Sul";"Colisão Traseira";1;0;1;0;0;0;0;0;0;0;2;0;0;0;0
"29/09/2020";"10:04:00";"28";"Acidente c";"274,5";"BR-153/SP";"Norte";"Tombamento";0;0;1;0;0;0;0;0;0;0;0;0;0;1;0
"29/09/2020";"11:35:00";"35";"Acidente c";"70";"BR-153/SP";"Sul";"Tombamento de Moto";0;0;0;1;0;0;0;0;0;0;0;2;0;0;0
"29/09/2020";"18:35:00";"78";"Acidente s";"64,1";"BR-153/SP";"Norte";"Colisão Traseira";2;0;0;0;0;0;0;0;0;0;2;0;0;0;0
"29/09/2020";"18:52:00";"81";"Acidente s";"63";"BR-153/SP";"Norte";"Colisão Lateral";1;0;1;0;0;0;0;0;0;0;2;0;0;0;0
"30/09/2020";"09:08:00";"30";"Acidente s";"61";"BR-153/SP";"Sul";"Colisão Traseira";2;0;0;0;0;0;0;0;0;0;3;0;0;0;0
"30/09/2020";"09:22:00";"31";"Acidente s";"96";"BR-153/SP";"Norte";"Saída de Pista";1;0;0;0;0;0;0;0;0;0;1;0;0;0;0
"30/09/2020";"22:11:00";"95";"Acidente c";"196,3";"BR-153/SP";"Norte";"Atropelamento de Animal";1;0;0;0;0;0;0;0;0;0;0;3;0;0;0
"01/10/2020";"20:51:00";"74";"Acidente s";"57";"BR-153/SP";"Sul";"Colisão Transversal";1;0;0;0;0;1;0;0;0;0;3;0;0;0;0