data;horario;n_da_ocorrencia;tipo_de_ocorrencia;km;trecho;sentido;tipo_de_acidente;automovel;bicicleta;caminhao;moto;onibus;outros;tracao_animal;transporte_de_cargas_especiais;trator_maquinas;utilitarios;ilesos;levemente_feridos;moderadamente_feridos;gravemente_feridos;mortos
"02/10/2020";"20:25:00";"87";"Acidente c";"73,85";"BR-153/SP";"Sul";"Tombamento de Moto";0;0;0;1;0;0;0;0;0;0;0;1;0;0;0
"02/10/2020";"23:29:00";"95";"Acidente c";"60,8";"BR-153/SP";"Sul";"Colisão Traseira";1;0;0;1;0;0;0;0;0;0;0;1;0;0;0
"03/10/2020";"06:49:00";"10";"Acidente c";"28,5";"BR-153/SP";"Sul";"Tombamento de Moto";0;0;0;1;0;0;0;0;0;0;0;1;0;0;0
"03/10/2020";"10:59:00";"25";"Acidente s";"63,9";"BR-153/SP";"Sul";"Colisão Traseira";1;0;0;0;0;0;0;0;0;1;3;0;0;0;0
"03/10/2020";"17:58:00";"72";"Acidente s";"59,4";"BR-153/SP";"Norte";"Saída de Pista";1;0;0;0;0;0;0;0;0;0;1;0;0;0;0
"03/10/2020";"21:49:00";"93";"Acidente c";"58,7";"BR-153/SP";"Norte";"Capotamento";1;0;0;0;0;0;0;0;0;0;0;1;1;1;0
"04/10/2020";"12:49:00";"29";"Acidente s";"58";"BR-153/SP";"Norte";"Colisão Traseira";1;0;0;0;0;0;0;0;0;1;2;0;0;0;0
"05/10/2020";"18:49:00";"85";"Acidente s";"171";"BR-153/SP";"Norte";"Colisão Traseira";0;0;1;0;0;0;0;0;0;1;3;0;0;0;0
"06/10/2020";"12:50:00";"41";"Acidente s";"98,9";"BR-153/SP";"Sul";"Colisão Traseira";1;0;1;0;0;0;0;0;0;0;2;0;0;0;0
"07/10/2020";"08:33:00";"15";"Acidente s";"61";"BR-153/SP";"Sul";"Colisão Traseira";1;0;0;0;0;0;0;0;0;1;5;0;0;0;0
"07/10/2020";"09:06:00";"20";"Acidente s";"63";"BR-153/SP";"Norte";"Engavetamento";0;0;0;0;0;1;0;0;0;2;4;0;0;0;0
"07/10/2020";"12:54:00";"37";"Acidente c";"256";"BR-153/SP";"Norte";"Colisão Traseira";1;0;0;1;0;0;0;0;0;0;2;1;0;0;0
"07/10/2020";"14:17:00";"46";"Acidente c";"70";"BR-153/SP";"Sul";"Saída de Pista";1;0;0;0;0;0;0;0;0;0;0;1;0;0;0
"09/10/2020";"00:12:00";"1";"Acidente c";"82,4";"BR-153/SP";"Sul";"Colisão Frontal";1;0;2;0;0;0;0;0;0;0;2;2;0;0;0
"09/10/2020";"15:23:00";"70";"Acidente s";"61,9";"BR-153/SP";"Sul";"Colisão Lateral";1;0;0;0;0;0;0;0;0;1;4;0;0;0;0
"09/10/2020";"16:29:00";"81";"Acidente c";"62,5";"BR-153/SP";"Norte";"Colisão Traseira";0;0;0;1;0;1;0;0;0;1;1;1;0;0;0
"11/10/2020";"00:00:00";"4";"Acidente c";"66";"BR-153/SP";"Sul";"Capotamento";1;0;0;0;0;0;0;0;0;0;0;0;1;0;0
"11/10/2020";"18:45:00";"62";"Acidente s";"322";"BR-153/SP";"Norte";"Saída de Pista";0;0;1;0;0;0;0;0;0;0;1;0;0;0;0
"12/10/2020";"01:55:00";"4";"Acidente s";"48";"BR-153/SP";"Sul";"Atropelamento de Animal";0;0;1;0;0;0;0;0;0;0;1;0;0;0;0
"12/10/2020";"03:20:00";"7";"Acidente s";"48";"BR-153/SP";"Sul";"Atropelamento de Animal";1;0;0;0;0;0;0;0;0;0;2;0;0;0;0
"12/10/2020";"17:26:00";"77";"Acidente c";"77,65";"BR-153/SP";"Norte";"Tombamento de Moto";0;0;0;1;0;0;0;0;0;0;0;1;0;0;0
"12/10/2020";"17:34:00";"80";"Acidente s";"50,8";"BR-153/SP";"Norte";"Colisão Transversal";1;0;0;0;0;0;0;0;0;1;4;0;0;0;0
"12/10/2020";"18:29:00";"87";"Acidente c";"83";"BR-153/SP";"Norte";"Tombamento de Moto";0;0;0;1;0;0;0;0;0;0;0;1;0;0;0
"13/10/2020";"07:01:00";"9";"Acidente s";"33";"BR-153/SP";"Sul";"Colisão Traseira";0;0;0;0;0;0;0;0;0;1;2;0;0;0;0
"13/10/2020";"08:43:00";"18";"Acidente s";"184";"BR-153/SP";"Norte";"Colisão Traseira";2;0;0;0;0;0;0;0;0;0;2;0;0;0;0
"13/10/2020";"09:38:00";"29";"Acidente s";"184";"BR-153/SP";"Norte";"Colisão Lateral";1;0;1;0;0;0;0;0;0;0;2;0;0;0;0
"13/10/2020";"13:44:00";"53";"Acidente s";"184,5";"BR-153/SP";"Norte";"Colisão Traseira";0;0;2;0;0;0;0;0;0;0;3;0;0;0;0
"13/10/2020";"23:26:00";"85";"Acidente s";"60,3";"BR-153/SP";"Norte";"Saída de Pista";1;0;0;0;0;0;0;0;0;0;1;0;0;0;0
"14/10/2020";"12:59:00";"46";"Acidente s";"63";"BR-153/SP";"Sul";"Colisão Traseira";2;0;0;0;0;0;0;0;0;0;2;0;0;0;0
"14/10/2020";"18:46:00";"76";"Acidente c";"61";"BR-153/SP";"Sul";"Saída de Pista";1;0;0;0;0;0;0;0;0;0;0;2;0;0;0
"14/10/2020";"20:22:00";"83";"Acidente s";"23,7";"BR-153/SP";"Sul";"Colisão Transversal";1;0;0;0;0;1;0;0;0;0;1;0;0;0;0
"15/10/2020";"07:32:00";"6";"Acidente c";"174";"BR-153/SP";"Norte";"Tombamento de Moto";0;0;0;1;0;0;0;0;0;0;0;1;0;0;0
"15/10/2020";"08:02:00";"7";"Acidente s";"170,9";"BR-153/SP";"Norte";"Colisão Lateral";2;0;0;0;0;0;0;0;0;0;2;0;0;0;0
"15/10/2020";"09:15:00";"15";"Acidente s";"98,9";"BR-153/SP";"Norte";"Choque na Praça - Cabine";0;0;1;0;0;0;0;0;0;0;1;0;0;0;0
"15/10/2020";"12:05:00";"33";"Acidente s";"22,8";"BR-153/SP";"Sul";"Colisão Traseira";1;0;1;0;0;0;0;0;0;0;4;0;0;0;0
"16/10/2020";"07:39:00";"8";"Acidente c";"144,6";"BR-153/SP";"Norte";"Colisão Lateral";2;0;0;0;0;0;0;0;0;0;2;1;0;0;0
"16/10/2020";"09:53:00";"19";"Acidente s";"5";"BR-153/SP";"Norte";"Saída de Pista";1;0;0;0;0;0;0;0;0;0;1;0;0;0;0
"16/10/2020";"11:07:00";"30";"Acidente s";"61,9";"BR-153/SP";"Sul";"Colisão Traseira";1;0;0;0;0;1;0;0;0;0;1;0;0;0;0
"16/10/2020";"13:03:00";"42";"Acidente c";"60";"BR-153/SP";"Sul";"Colisão Lateral";1;0;0;1;0;0;0;0;0;0;1;1;0;0;0
"16/10/2020";"18:23:00";"63";"Acidente s";"259";"BR-153/SP";"Sul";"Colisão Lateral";0;0;0;2;0;0;0;0;0;0;2;0;0;0;0
"16/10/2020";"19:21:00";"70";"Acidente s";"182";"BR-153/SP";"Sul";"Colisão Transversal";1;0;1;0;0;0;0;0;0;0;2;0;0;0;0
"17/10/2020";"10:39:00";"15";"Acidente c";"49";"BR-153/SP";"Norte";"Colisão Transversal";2;0;0;0;0;0;0;0;0;0;1;3;0;0;0
"17/10/2020";"11:09:00";"17";"Acidente c";"65,8";"BR-153/SP";"Norte";"Colisão Lateral";1;0;1;0;0;0;0;0;0;0;3;1;0;0;0
"18/10/2020";"01:23:00";"1";"Acidente c";"44,2";"BR-153/SP";"Norte";"Tombamento de Moto";0;0;0;1;0;0;0;0;0;0;0;2;0;0;0
"18/10/2020";"22:15:00";"50";"Acidente s";"54";"BR-153/SP";"Sul";"Colisão Transversal";1;0;0;0;0;0;0;0;0;0;2;0;0;0;0
"19/10/2020";"05:11:00";"8";"Acidente c";"14,5";"BR-153/SP";"Sul";"Saída de Pista";1;0;0;0;0;0;0;0;0;0;1;1;0;0;0
"20/10/2020";"07:43:00";"10";"Acidente c";"150";"BR-153/SP";"Norte";"Tombamento de Moto";0;0;0;1;0;0;0;0;0;0;0;2;0;0;0
"20/10/2020";"08:53:00";"16";"Acidente s";"62";"BR-153/SP";"Sul";"Engavetamento";0;0;2;0;0;0;0;0;0;1;3;0;0;0;0
"20/10/2020";"13:14:00";"39";"Acidente c";"312";"BR-153/SP";"Sul";"Capotamento";1;0;0;0;0;0;0;0;0;0;3;0;1;1;0
"21/10/2020";"07:43:00";"14";"Acidente c";"61,5";"BR-153/SP";"Norte";"Engavetamento";2;0;1;0;0;0;0;0;0;1;7;1;0;0;0
"21/10/2020";"08:26:00";"20";"Acidente s";"63";"BR-153/SP";"Norte";"Engavetamento";4;0;1;1;0;0;0;0;0;3;13;0;0;0;0
"21/10/2020";"08:42:00";"22";"Acidente s";"61";"BR-153/SP";"Sul";"Colisão Lateral";1;0;1;0;0;0;0;0;0;0;4;0;0;0;0
"21/10/2020";"12:34:00";"42";"Acidente s";"33";"BR-153/SP";"Norte";"Colisão Transversal";1;0;0;0;0;0;0;0;0;1;4;0;0;0;0
"21/10/2020";"16:51:00";"62";"Acidente s";"64";"BR-153/SP";"Norte";"Engavetamento";2;0;0;0;0;0;0;0;0;1;4;0;0;0;0
"21/10/2020";"17:03:00";"64";"Acidente s";"62";"BR-153/SP";"Sul";"Engavetamento";3;0;0;0;0;0;0;0;0;0;4;0;0;0;0
"21/10/2020";"20:27:00";"83";"Acidente s";"44";"BR-153/SP";"Sul";"Saída de Pista";0;0;0;0;0;0;0;0;0;1;2;0;0;0;0
"22/10/2020";"01:25:00";"5";"Acidente s";"8,95";"BR-153/SP";"Sul";"Saída de Pista";1;0;0;0;0;0;0;0;0;0;1;0;0;0;0
"22/10/2020";"19:02:00";"73";"Acidente s";"2";"BR-153/SP";"Sul";"Choque contra Objeto Fixo";1;0;0;0;0;0;0;0;0;0;1;0;0;0;0
"22/10/2020";"22:38:00";"83";"Acidente c";"112,8";"BR-153/SP";"Norte";"Atropelamento de Animal";0;0;0;1;0;0;0;0;0;0;0;0;0;1;0
"23/10/2020";"11:15:00";"42";"Acidente c";"58";"BR-153/SP";"Norte";"Colisão Lateral";0;0;0;1;0;0;0;0;0;1;2;1;0;0;0
"23/10/2020";"12:26:00";"48";"Acidente s";"185";"BR-153/SP";"Sul";"Saída de Pista";1;0;0;0;0;0;0;0;0;0;1;0;0;0;0
"23/10/2020";"14:08:00";"54";"Acidente c";"342,8";"BR-153/SP";"Sul";"Capotamento";0;0;0;0;0;0;0;0;0;1;0;1;0;0;0
"23/10/2020";"20:09:00";"86";"Acidente c";"158,5";"BR-153/SP";"Sul";"Colisão Traseira";0;0;1;1;0;0;0;0;0;0;2;0;1;0;0
"24/10/2020";"02:11:00";"6";"Acidente c";"79,5";"BR-153/SP";"Sul";"Colisão Frontal";1;0;0;0;0;0;0;0;0;1;1;0;1;0;0
"24/10/2020";"12:45:00";"47";"Acidente c";"269,5";"BR-153/SP";"Sul";"Tombamento de Moto";0;0;0;1;0;0;0;0;0;0;0;1;0;0;0
"24/10/2020";"21:27:00";"86";"Acidente s";"290,3";"BR-153/SP";"Sul";"Saída de Pista";1;0;0;0;0;0;0;0;0;0;4;0;0;0;0
"24/10/2020";"23:24:00";"88";"Acidente s";"27,7";"BR-153/SP";"Norte";"Saída de Pista";1;0;0;0;0;0;0;0;0;0;1;0;0;0;0
"24/10/2020";"23:27:00";"89";"Acidente c";"73,2";"BR-153/SP";"Sul";"Colisão Traseira";2;0;0;0;0;0;0;0;0;0;0;1;2;0;0
"25/10/2020";"19:05:00";"44";"Acidente s";"117,5";"BR-153/SP";"Norte";"Incidente";0;0;1;0;0;0;0;0;0;0;1;0;0;0;0
"25/10/2020";"20:55:00";"49";"Acidente c";"15";"BR-153/SP";"Sul";"Saída de Pista";0;0;1;0;0;0;0;0;0;0;0;1;0;0;0
"26/10/2020";"07:42:00";"19";"Acidente s";"198,3";"BR-153/SP";"Norte";"Colisão Transversal";1;0;0;0;0;0;0;0;0;1;2;0;0;0;0
"26/10/2020";"13:02:00";"44";"Acidente s";"35,8";"BR-153/SP";"Norte";"Colisão Traseira";2;0;0;0;0;0;0;0;0;0;3;0;0;0;0
"26/10/2020";"18:13:00";"65";"Acidente c";"62";"BR-153/SP";"Norte";"Colisão Traseira";1;0;0;1;0;0;0;0;0;0;3;1;0;0;0
"26/10/2020";"18:49:00";"69";"Acidente c";"106,1";"BR-153/SP";"Norte";"Colisão Transversal";1;0;1;0;0;0;0;0;0;0;2;1;0;0;0
"27/10/2020";"06:39:00";"7";"Acidente c";"42";"BR-153/SP";"Sul";"Colisão Transversal";1;0;0;1;0;0;0;0;0;0;1;1;0;0;0
"28/10/2020";"11:33:00";"35";"Acidente c";"182,7";"BR-153/SP";"Sul";"Colisão Transversal";2;0;0;0;0;0;0;0;0;0;2;2;0;0;0
"28/10/2020";"13:46:00";"41";"Acidente s";"55";"BR-153/SP";"Norte";"Colisão Lateral";2;0;0;0;0;0;0;0;0;0;2;0;0;0;0
"30/10/2020";"13:17:00";"46";"Acidente s";"174,4";"BR-153/SP";"Norte";"Colisão Lateral";0;0;0;1;0;0;0;0;0;1;3;0;0;0;0
"30/10/2020";"16:31:00";"70";"Acidente s";"62,5";"BR-153/SP";"Sul";"Colisão Traseira";1;0;0;0;0;1;0;0;0;0;5;0;0;0;0
"30/10/2020";"16:38:00";"71";"Acidente c";"57";"BR-153/SP";"Norte";"Saída de Pista";1;0;0;0;0;0;0;0;0;0;0;1;0;0;0
"31/10/2020";"09:42:00";"25";"Acidente s";"344,9";"BR-153/SP";"Norte";"Capotamento";1;0;0;0;0;0;0;0;0;0;4;0;0;0;0
"31/10/2020";"23:18:00";"65";"Acidente s";"61";"BR-153/SP";"Sul";"Outros";1;0;0;0;0;0;0;0;0;0;1;0;0;0;0
"01/11/2020";"19:42:00";"52";"Acidente s";"65";"BR-153/SP";"Sul";"Colisão Traseira";2;0;0;0;0;0;0;0;0;0;2;0;0;0;0
"02/11/2020";"01:06:00";"1";"Acidente c";"55,3";"BR-153/SP";"Sul";"Tombamento de Moto";0;0;0;1;0;0;0;0;0;0;0;0;1;0;0
"02/11/2020";"17:58:00";"51";"Acidente c";"18,9";"BR-153/SP";"Sul";"Tombamento de Moto";0;0;0;1;0;0;0;0;0;0;1;1;0;0;0
"02/11/2020";"21:46:00";"68";"Acidente c";"208,85";"BR-153/SP";"Sul";"Colisão Transversal";1;0;0;0;0;0;0;0;0;1;1;0;1;1;0
"03/11/2020";"07:06:00";"11";"Acidente c";"80";"BR-153/SP";"Sul";"Colisão Traseira";1;0;1;0;0;0;0;0;0;0;3;2;0;0;0
"03/11/2020";"07:29:00";"15";"Acidente c";"227";"BR-153/SP";"Norte";"Tombamento de Moto";0;0;0;1;0;0;0;0;0;0;0;2;0;0;0
"04/11/2020";"06:23:00";"6";"Acidente c";"71,8";"BR-153/SP";"Norte";"Tombamento de Moto";0;0;0;1;0;0;0;0;0;0;1;1;0;0;0
"04/11/2020";"13:21:00";"51";"Acidente s";"116";"BR-153/SP";"Sul";"Incidente";0;0;1;0;0;0;0;0;0;1;2;0;0;0;0
"05/11/2020";"06:54:00";"7";"Acidente c";"341";"BR-153/SP";"Norte";"Tombamento de Moto";0;0;0;1;0;0;0;0;0;0;0;1;0;0;0
"05/11/2020";"16:54:00";"59";"Acidente s";"171,6";"BR-153/SP";"Norte";"Colisão Traseira";2;0;0;0;0;0;0;0;0;0;2;0;0;0;0
"05/11/2020";"17:12:00";"60";"Acidente s";"61";"BR-153/SP";"Norte";"Colisão Traseira";1;0;0;0;0;0;0;0;0;1;2;0;0;0;0
"06/11/2020";"07:53:00";"5";"Acidente s";"61";"BR-153/SP";"Sul";"Colisão Lateral";0;0;0;1;0;1;0;0;0;0;1;0;0;0;0
"07/11/2020";"00:00:00";"77";"Acidente c";"75,9";"BR-153/SP";"Sul";"Tombamento de Moto";0;0;0;1;0;0;0;0;0;0;0;1;0;0;0
"07/11/2020";"10:17:00";"40";"Acidente c";"16,1";"BR-153/SP";"Sul";"Colisão Traseira";1;0;1;0;0;0;0;0;0;0;2;1;0;0;0
"07/11/2020";"12:25:00";"52";"Acidente s";"63";"BR-153/SP";"Sul";"Engavetamento";4;0;0;0;0;0;0;0;0;0;6;0;0;0;0
"08/11/2020";"08:11:00";"6";"Acidente s";"63";"BR-153/SP";"Sul";"Colisão Lateral";2;0;0;0;0;0;0;0;0;0;2;0;0;0;0
"08/11/2020";"12:38:00";"20";"Acidente c";"63";"BR-153/SP";"Norte";"Tombamento de Moto";0;0;0;1;0;0;0;0;0;0;1;1;0;0;0
"08/11/2020";"22:25:00";"67";"Acidente s";"57";"BR-153/SP";"Sul";"Saída de Pista";1;0;0;0;0;0;0;0;0;0;3;0;0;0;0
"09/11/2020";"06:36:00";"10";"Acidente s";"18";"BR-153/SP";"Sul";"Colisão Traseira";2;0;0;0;0;0;0;0;0;0;2;0;0;0;0
"09/11/2020";"22:08:00";"84";"Acidente s";"155";"BR-153/SP";"Sul";"Colisão Lateral";0;0;2;0;0;0;0;0;0;0;2;0;0;0;0
"10/11/2020";"09:21:00";"15";"Acidente s";"60";"BR-153/SP";"Sul";"Colisão Traseira";0;0;1;0;0;0;0;0;0;1;1;0;0;0;0
"11/11/2020";"23:55:00";"75";"Acidente c";"258";"BR-153/SP";"Norte";"Tombamento de Moto";0;0;0;1;0;0;0;0;0;0;1;1;0;0;0
"12/11/2020";"00:05:00";"1";"Acidente c";"57";"BR-153/SP";"Norte";"Tombamento";0;0;0;1;0;0;0;0;0;0;0;1;0;0;0
"13/11/2020";"09:35:00";"12";"Acidente c";"61";"BR-153/SP";"Norte";"Colisão Traseira";1;0;0;1;0;0;0;0;0;0;1;1;0;0;0
"13/11/2020";"12:11:00";"27";"Acidente s";"62,1";"BR-153/SP";"Sul";"Engavetamento";1;0;0;0;0;0;0;0;0;2;5;0;0;0;0
"13/11/2020";"14:13:00";"40";"Acidente s";"62,6";"BR-153/SP";"Sul";"Engavetamento";0;0;0;0;0;2;0;0;0;1;1;0;0;0;0
"13/11/2020";"15:04:00";"44";"Acidente s";"62,5";"BR-153/SP";"Norte";"Engavetamento";3;0;0;0;0;0;0;0;0;0;6;0;0;0;0
"13/11/2020";"18:14:00";"62";"Acidente s";"61,6";"BR-153/SP";"Norte";"Colisão Traseira";1;0;0;1;0;0;0;0;0;0;1;0;0;0;0
"14/11/2020";"01:38:00";"4";"Acidente s";"93";"BR-153/SP";"Sul";"Saída de Pista";0;0;0;0;0;0;0;0;0;1;1;0;0;0;0
"15/11/2020";"10:22:00";"13";"Acidente c";"76";"BR-153/SP";"Norte";"Colisão Frontal";1;0;2;0;0;0;0;0;0;1;3;0;0;0;1
"15/11/2020";"14:05:00";"18";"Acidente c";"258";"BR-153/SP";"Sul";"Tombamento de Moto";0;0;0;1;0;0;0;0;0;0;1;1;0;0;0
"15/11/2020";"15:11:00";"22";"Acidente c";"59";"BR-153/SP";"Norte";"Tombamento de Moto";0;0;0;1;0;0;0;0;0;0;1;0;1;0;0
"18/11/2020";"13:52:00";"40";"Acidente c";"206,8";"BR-153/SP";"Norte";"Tombamento";0;0;1;0;0;0;0;0;0;0;0;1;0;0;0
"18/11/2020";"14:36:00";"47";"Acidente c";"62,3";"BR-153/SP";"Norte";"Colisão Traseira";1;0;0;1;0;0;0;0;0;0;1;1;0;0;0
"19/11/2020";"10:18:00";"23";"Acidente s";"140";"BR-153/SP";"Sul";"Colisão Traseira";2;0;0;0;0;0;0;0;0;0;5;0;0;0;0
"19/11/2020";"23:13:00";"63";"Acidente c";"56";"BR-153/SP";"Norte";"Tombamento de Moto";0;0;0;1;0;0;0;0;0;0;0;1;0;0;0
"20/11/2020";"15:06:00";"43";"Acidente s";"64";"BR-153/SP";"Norte";"Saída de Pista";1;0;0;0;0;0;0;0;0;0;2;0;0;0;0
"20/11/2020";"16:56:00";"50";"Acidente s";"178";"BR-153/SP";"Sul";"Colisão Traseira";1;0;1;0;0;0;0;0;0;0;5;0;0;0;0
"21/11/2020";"02:40:00";"3";"Acidente s";"94,4";"BR-153/SP";"Norte";"Saída de Pista";1;0;0;0;0;0;0;0;0;0;1;0;0;0;0
"24/11/2020";"00:14:00";"1";"Acidente s";"47,9";"BR-153/SP";"Sul";"Atropelamento de Animal";1;0;0;0;0;0;0;0;0;0;1;0;0;0;0
"24/11/2020";"00:22:00";"2";"Acidente s";"69,7";"BR-153/SP";"Sul";"Saída de Pista";1;0;0;0;0;0;0;0;0;0;1;0;0;0;0
"24/11/2020";"02:15:00";"3";"Acidente c";"305";"BR-153/SP";"Norte";"Capotamento";1;0;0;0;0;0;0;0;0;0;0;1;0;0;0
"25/11/2020";"06:07:00";"4";"Acidente c";"70";"BR-153/SP";"Norte";"Tombamento de Moto";0;0;0;1;0;0;0;0;0;0;1;1;0;0;0
"25/11/2020";"07:44:00";"10";"Acidente s";"256";"BR-153/SP";"Sul";"Tombamento de Moto";0;0;0;1;0;0;0;0;0;0;1;0;0;0;0
"25/11/2020";"10:31:00";"24";"Acidente c";"76";"BR-153/SP";"Norte";"Colisão Traseira";1;0;0;1;0;0;0;0;0;0;2;0;1;1;0
"25/11/2020";"19:51:00";"72";"Acidente s";"25,8";"BR-153/SP";"Sul";"Colisão Traseira";2;0;0;0;0;0;0;0;0;0;3;0;0;0;0
"26/11/2020";"00:00:00";"73";"Acidente s";"58";"BR-153/SP";"Norte";"Tombamento de Moto";0;0;0;1;0;0;0;0;0;0;1;0;0;0;0
"26/11/2020";"11:13:00";"31";"Acidente s";"123";"BR-153/SP";"Norte";"Saída de Pista";0;0;1;0;0;0;0;0;0;0;3;0;0;0;0
"26/11/2020";"13:06:00";"43";"Acidente s";"156";"BR-153/SP";"Sul";"Colisão Transversal";0;0;2;0;0;0;0;0;0;0;1;0;0;0;0
"26/11/2020";"23:11:00";"81";"Acidente c";"119,1";"BR-153/SP";"Sul";"Colisão Transversal";2;0;0;0;0;0;0;0;0;0;1;2;0;0;0
"27/11/2020";"14:13:00";"33";"Acidente s";"62,6";"BR-153/SP";"Sul";"Engavetamento";3;0;0;0;0;0;0;0;0;0;5;0;0;0;0
"27/11/2020";"15:04:00";"38";"Acidente c";"52";"BR-153/SP";"Sul";"Colisão Transversal";0;0;0;2;0;0;0;0;0;0;0;2;0;0;0
"27/11/2020";"16:44:00";"49";"Acidente s";"18,6";"BR-153/SP";"Norte";"Colisão Lateral";1;0;0;0;0;1;0;0;0;0;4;0;0;0;0
"27/11/2020";"18:59:00";"58";"Acidente c";"61";"BR-153/SP";"Sul";"Colisão Traseira";1;0;1;0;0;0;0;0;0;0;5;1;0;0;0
"28/11/2020";"02:17:00";"5";"Acidente c";"131,8";"BR-153/SP";"Sul";"Saída de Pista";1;0;0;0;0;0;0;0;0;0;1;1;0;0;0
"28/11/2020";"09:44:00";"19";"Acidente s";"38";"BR-153/SP";"Norte";"Colisão Lateral";1;0;0;0;0;0;0;0;0;1;4;0;0;0;0
"28/11/2020";"21:35:00";"71";"Acidente s";"63";"BR-153/SP";"Sul";"Colisão Lateral";1;0;1;0;0;0;0;0;0;0;2;0;0;0;0
"28/11/2020";"21:54:00";"73";"Acidente s";"161";"BR-153/SP";"Sul";"Colisão Transversal";1;0;0;0;0;0;0;0;0;1;7;0;0;0;0
"30/11/2020";"19:44:00";"68";"Acidente s";"279";"BR-153/SP";"Sul";"Saída de Pista";1;0;0;0;0;0;0;0;0;0;1;0;0;0;0
"01/12/2020";"07:59:00";"7";"Acidente s";"61";"BR-153/SP";"Norte";"Colisão Traseira";1;0;0;0;0;1;0;0;0;0;1;0;0;0;0
"01/12/2020";"11:52:00";"26";"Acidente s";"200";"BR-153/SP";"Sul";"Colisão Lateral";1;0;1;0;0;0;0;0;0;0;2;0;0;0;0
"02/12/2020";"01:38:00";"1";"Acidente c";"63,5";"BR-153/SP";"Norte";"Choque contra Objeto Fixo";1;0;0;0;0;0;0;0;0;0;0;1;0;0;0
"02/12/2020";"21:55:00";"78";"Acidente c";"284,5";"BR-153/SP";"Norte";"Colisão Traseira";0;0;2;0;0;0;0;0;0;0;1;1;0;0;0
"03/12/2020";"16:42:00";"48";"Acidente s";"52";"BR-153/SP";"Norte";"Colisão Traseira";0;0;1;0;1;0;0;0;0;0;2;0;0;0;0
"04/12/2020";"10:41:00";"28";"Acidente c";"52,85";"BR-153/SP";"Sul";"Tombamento de Moto";0;0;0;1;0;0;0;0;0;0;0;1;0;0;0
"04/12/2020";"11:50:00";"35";"Acidente c";"57";"BR-153/SP";"Norte";"Colisão Traseira";1;0;1;0;0;0;0;0;0;0;1;1;0;0;0
"04/12/2020";"14:49:00";"52";"Acidente s";"62,5";"BR-153/SP";"Norte";"Colisão Lateral";1;0;0;1;0;0;0;0;0;0;2;0;0;0;0
"04/12/2020";"15:02:00";"53";"Acidente c";"62,2";"BR-153/SP";"Norte";"Engavetamento";3;0;0;1;0;0;0;0;0;0;5;1;0;0;0
"04/12/2020";"16:09:00";"62";"Acidente c";"114,2";"BR-153/SP";"Norte";"Colisão Traseira";1;0;0;0;0;0;0;0;0;1;1;1;0;0;0
"04/12/2020";"16:14:00";"63";"Acidente c";"60";"BR-153/SP";"Norte";"Colisão Traseira";1;0;0;1;0;0;0;0;0;0;1;1;0;0;0
"05/12/2020";"22:55:00";"72";"Acidente c";"113";"BR-153/SP";"Sul";"Saída de Pista";0;0;0;1;0;0;0;0;0;0;0;1;0;0;0
"06/12/2020";"15:21:00";"37";"Acidente s";"57";"BR-153/SP";"Norte";"Colisão Traseira";1;0;0;0;0;0;0;0;0;1;4;0;0;0;0
"07/12/2020";"12:33:00";"35";"Acidente s";"74";"BR-153/SP";"Sul";"Saída de Pista";1;0;0;0;0;0;0;0;0;0;2;0;0;0;0
"08/12/2020";"16:55:00";"44";"Acidente s";"37";"BR-153/SP";"Sul";"Colisão Lateral";1;0;1;0;0;0;0;0;0;0;3;0;0;0;0
"08/12/2020";"21:35:00";"62";"Acidente c";"57";"BR-153/SP";"Norte";"Tombamento de Moto";0;0;0;1;0;0;0;0;0;0;0;2;0;0;0
"10/12/2020";"06:54:00";"9";"Acidente c";"161,5";"BR-153/SP";"Sul";"Tombamento de Moto";0;0;0;1;0;0;0;0;0;0;0;0;1;0;0
"10/12/2020";"14:34:00";"51";"Acidente s";"53,5";"BR-153/SP";"Sul";"Saída de Pista";1;0;0;0;0;0;0;0;0;0;1;0;0;0;0
"10/12/2020";"17:30:00";"56";"Acidente c";"60";"BR-153/SP";"Norte";"Colisão Traseira";0;0;1;1;0;0;0;0;0;0;1;0;1;0;0
"10/12/2020";"17:56:00";"60";"Acidente c";"26";"BR-153/SP";"Sul";"Tombamento de Moto";0;0;0;1;0;0;0;0;0;0;0;1;0;0;0
"10/12/2020";"22:13:00";"76";"Acidente s";"70";"BR-153/SP";"Sul";"Colisão Traseira";1;0;1;0;0;0;0;0;0;0;2;0;0;0;0
"11/12/2020";"08:04:00";"18";"Acidente s";"289";"BR-153/SP";"Norte";"Colisão Lateral";1;0;1;0;0;0;0;0;0;0;3;0;0;0;0
"11/12/2020";"17:40:00";"52";"Acidente s";"62,3";"BR-153/SP";"Norte";"Engavetamento";2;0;0;0;0;0;0;0;0;2;10;0;0;0;0
"12/12/2020";"14:24:00";"46";"Acidente c";"66,5";"BR-153/SP";"Norte";"Capotamento";1;0;0;0;0;0;0;0;0;0;0;0;1;0;0
"12/12/2020";"18:09:00";"57";"Acidente c";"26";"BR-153/SP";"Norte";"Colisão Frontal";1;0;1;0;0;0;0;0;0;0;1;0;0;0;1
"13/12/2020";"23:12:00";"56";"Acidente c";"14";"BR-153/SP";"Norte";"Colisão Frontal";1;0;1;0;0;0;0;0;0;0;1;0;0;1;2
"14/12/2020";"08:48:00";"18";"Acidente s";"61";"BR-153/SP";"Sul";"Colisão Lateral";0;0;1;0;0;0;0;0;0;1;2;0;0;0;0
"16/12/2020";"05:51:00";"4";"Acidente s";"23,2";"BR-153/SP";"Sul";"Saída de Pista";0;0;1;0;0;0;0;0;0;0;1;0;0;0;0
"17/12/2020";"13:43:00";"50";"Acidente s";"227,3";"BR-153/SP";"Norte";"Colisão Traseira";1;0;1;0;0;0;0;0;0;0;2;0;0;0;0