data;horario;n_da_ocorrencia;tipo_de_ocorrencia;km;trecho;sentido;tipo_de_acidente;automovel;bicicleta;caminhao;moto;onibus;outros;tracao_animal;transporte_de_cargas_especiais;trator_maquinas;utilitarios;ilesos;levemente_feridos;moderadamente_feridos;gravemente_feridos;mortos
"17/12/2020";"17:17:00";"72";"Acidente c";"62";"BR-153/SP";"Norte";"Colisão Traseira";1;0;0;1;0;0;0;0;0;0;2;1;0;0;0
"18/12/2020";"00:00:00";"74";"Acidente s";"62";"BR-153/SP";"Sul";"Engavetamento";1;0;0;0;0;1;0;0;0;1;2;0;0;0;0
"18/12/2020";"05:26:00";"7";"Acidente s";"2";"BR-153/SP";"Sul";"Colisão Lateral";0;0;0;0;0;1;0;0;0;1;5;0;0;0;0
"18/12/2020";"19:18:00";"79";"Acidente c";"110";"BR-153/SP";"Sul";"Colisão Transversal";1;0;0;1;0;0;0;0;0;0;1;1;0;0;0
"18/12/2020";"20:14:00";"85";"Acidente s";"171";"BR-153/SP";"Sul";"Colisão Traseira";1;0;0;0;0;1;0;0;0;0;3;0;0;0;0
"19/12/2020";"21:54:00";"87";"Acidente s";"260";"BR-153/SP";"Sul";"Atropelamento de Animal";1;0;0;0;0;0;0;0;0;0;3;0;0;0;0
"19/12/2020";"23:31:00";"90";"Acidente s";"63";"BR-153/SP";"Sul";"Colisão Lateral";1;0;1;0;0;0;0;0;0;0;5;0;0;0;0
"20/12/2020";"05:22:00";"9";"Acidente c";"289,3";"BR-153/SP";"Norte";"Colisão Transversal";0;0;0;2;0;0;0;0;0;0;1;0;1;0;0
"20/12/2020";"10:27:00";"30";"Acidente s";"59,4";"BR-153/SP";"Sul";"Colisão Lateral";1;0;1;0;0;0;0;0;0;0;4;0;0;0;0
"22/12/2020";"00:00:00";"42";"Acidente s";"62,9";"BR-153/SP";"Sul";"Colisão Traseira";0;0;0;0;0;0;0;0;0;2;6;0;0;0;0
"22/12/2020";"10:12:00";"37";"Acidente s";"62,5";"BR-153/SP";"Sul";"Engavetamento";2;0;0;0;0;0;0;0;0;2;6;0;0;0;0
"22/12/2020";"11:19:00";"45";"Acidente c";"60";"BR-153/SP";"Sul";"Engavetamento";3;0;0;0;0;0;0;0;0;0;4;1;0;0;0
"22/12/2020";"11:50:00";"52";"Acidente s";"60";"BR-153/SP";"Sul";"Colisão Traseira";1;0;1;0;0;0;0;0;0;0;2;0;0;0;0
"23/12/2020";"10:48:00";"43";"Acidente s";"62";"BR-153/SP";"Sul";"Engavetamento";1;0;0;0;0;0;0;0;0;2;5;0;0;0;0
"23/12/2020";"15:40:00";"75";"Acidente s";"62,3";"BR-153/SP";"Sul";"Engavetamento";4;0;0;0;0;0;0;0;0;0;4;0;0;0;0
"24/12/2020";"17:32:00";"68";"Acidente c";"61";"BR-153/SP";"Norte";"Colisão Lateral";1;0;0;1;0;0;0;0;0;0;4;1;0;0;0
"24/12/2020";"20:05:00";"82";"Acidente s";"44";"BR-153/SP";"Norte";"Colisão Lateral";1;0;0;1;0;0;0;0;0;0;2;0;0;0;0
"25/12/2020";"03:57:00";"3";"Acidente c";"117,5";"BR-153/SP";"Sul";"Colisão Frontal";1;0;0;1;0;0;0;0;0;0;0;2;1;1;0
"25/12/2020";"10:01:00";"12";"Acidente c";"13,4";"BR-153/SP";"Norte";"Tombamento de Moto";0;0;0;1;0;0;0;0;0;0;0;2;0;0;0
"25/12/2020";"11:58:00";"21";"Acidente c";"327";"BR-153/SP";"Norte";"Colisão Transversal";1;0;0;0;0;0;0;0;0;1;1;1;1;0;0
"25/12/2020";"18:31:00";"46";"Acidente c";"195,1";"BR-153/SP";"Norte";"Colisão Transversal";2;0;0;0;0;0;0;0;0;0;6;1;0;0;0
"26/12/2020";"17:59:00";"42";"Acidente c";"21,06";"BR-153/SP";"Norte";"Capotamento";1;0;0;0;0;0;0;0;0;0;0;1;0;1;1
"27/12/2020";"00:00:00";"14";"Acidente s";"20";"BR-153/SP";"Norte";"Saída de Pista";1;0;0;0;0;0;0;0;0;0;1;0;0;0;0
"27/12/2020";"05:11:00";"4";"Acidente c";"43";"BR-153/SP";"Norte";"Colisão Lateral";0;0;1;0;1;0;0;0;0;0;42;1;0;0;0
"27/12/2020";"13:14:00";"30";"Acidente s";"102";"BR-153/SP";"Norte";"Saída de Pista";1;0;0;0;0;0;0;0;0;0;1;0;0;0;0
"28/12/2020";"00:00:00";"63";"Acidente s";"62,1";"BR-153/SP";"Sul";"Colisão Traseira";2;0;0;0;0;0;0;0;0;0;5;0;0;0;0
"28/12/2020";"07:11:00";"9";"Acidente c";"305";"BR-153/SP";"Norte";"Colisão Traseira";0;0;1;0;0;0;0;0;0;1;1;1;0;0;0
"28/12/2020";"07:50:00";"12";"Acidente c";"169,5";"BR-153/SP";"Sul";"Colisão Transversal";2;0;0;0;0;0;0;0;0;0;0;3;1;2;0
"28/12/2020";"18:19:00";"58";"Acidente s";"62";"BR-153/SP";"Sul";"Colisão Traseira";2;0;0;0;0;0;0;0;0;0;6;0;0;0;0
"28/12/2020";"19:58:00";"66";"Acidente c";"75,9";"BR-153/SP";"Sul";"Tombamento de Moto";0;0;0;1;0;0;0;0;0;0;0;1;0;0;0
"29/12/2020";"16:14:00";"38";"Acidente s";"37,95";"BR-153/SP";"Sul";"Colisão Traseira";2;0;0;0;0;0;0;0;0;0;7;0;0;0;0
"30/12/2020";"05:12:00";"3";"Acidente c";"27,7";"BR-153/SP";"Norte";"Saída de Pista";1;0;0;0;0;0;0;0;0;0;0;1;1;0;0
"30/12/2020";"07:53:00";"16";"Acidente s";"89";"BR-153/SP";"Norte";"Saída de Pista";0;0;1;0;0;0;0;0;0;0;1;0;0;0;0
"30/12/2020";"15:11:00";"49";"Acidente s";"63,8";"BR-153/SP";"Sul";"Colisão Lateral";1;0;1;0;0;0;0;0;0;0;3;0;0;0;0
"30/12/2020";"16:28:00";"53";"Acidente s";"22,9";"BR-153/SP";"Sul";"Saída de Pista";0;0;1;0;0;0;0;0;0;0;1;0;0;0;0
"01/01/2021";"04:35:00";"5";"Acidente s";"1,6";"BR-153/SP";"Norte";"Saída de Pista";1;0;0;0;0;0;0;0;0;0;1;0;0;0;0
"01/01/2021";"21:46:00";"39";"Acidente s";"268,1";"BR-153/SP";"Norte";"Colisão Lateral";2;0;0;0;0;0;0;0;0;0;8;0;0;0;0
"02/01/2021";"15:16:00";"37";"Acidente s";"39";"BR-153/SP";"Norte";"Colisão Transversal";1;0;0;0;0;0;0;0;0;1;8;0;0;0;0
"02/01/2021";"18:30:00";"48";"Acidente c";"67,05";"BR-153/SP";"Sul";"Tombamento de Moto";0;0;0;1;0;0;0;0;0;0;0;2;0;0;0
"02/01/2021";"20:44:00";"58";"Acidente c";"75";"BR-153/SP";"Sul";"Tombamento de Moto";0;0;0;1;0;0;0;0;0;0;0;1;0;0;0
"02/01/2021";"21:29:00";"59";"Acidente s";"88";"BR-153/SP";"Norte";"Colisão Traseira";1;0;0;0;0;0;0;0;0;1;2;0;0;0;0
"03/01/2021";"14:57:00";"26";"Acidente c";"267,5";"BR-153/SP";"Norte";"Saída de Pista";0;0;1;0;0;0;0;0;0;0;0;1;0;0;0
"03/01/2021";"23:49:00";"63";"Acidente s";"258,95";"BR-153/SP";"Norte";"Atropelamento de Animal";1;0;0;0;0;0;0;0;0;0;5;0;0;0;0
"08/01/2021";"15:25:00";"55";"Acidente s";"27";"BR-153/SP";"Sul";"Colisão Transversal";0;0;0;0;0;0;0;0;0;2;4;0;0;0;0
"09/01/2021";"13:36:00";"44";"Acidente s";"35,8";"BR-153/SP";"Sul";"Colisão Traseira";1;0;1;0;0;0;0;0;0;0;3;0;0;0;0
"09/01/2021";"18:01:00";"64";"Acidente c";"274,5";"BR-153/SP";"Sul";"Tombamento de Moto";0;0;0;1;0;0;0;0;0;0;0;1;0;0;0
"09/01/2021";"23:24:00";"78";"Acidente s";"50,3";"BR-153/SP";"Norte";"Colisão Transversal";0;0;0;1;0;0;0;0;0;1;3;0;0;0;0
"10/01/2021";"13:07:00";"34";"Acidente c";"112,3";"BR-153/SP";"Norte";"Colisão Traseira";2;0;0;0;0;0;0;0;0;0;3;1;0;0;0
"10/01/2021";"14:14:00";"39";"Acidente s";"282,5";"BR-153/SP";"Sul";"Colisão Lateral";1;0;0;0;0;1;0;0;0;0;2;0;0;0;0
"11/01/2021";"20:40:00";"77";"Acidente s";"60,3";"BR-153/SP";"Norte";"Saída de Pista";0;0;1;0;0;0;0;0;0;0;3;0;0;0;0
"12/01/2021";"13:25:00";"42";"Acidente s";"257";"BR-153/SP";"Norte";"Saída de Pista";1;0;0;0;0;0;0;0;0;0;1;0;0;0;0
"12/01/2021";"19:23:00";"63";"Acidente c";"2";"BR-153/SP";"Norte";"Saída de Pista";1;0;0;0;0;0;0;0;0;0;0;1;0;0;0
"12/01/2021";"19:55:00";"64";"Acidente s";"2,1";"BR-153/SP";"Norte";"Colisão Traseira";2;0;0;0;0;0;0;0;0;0;4;0;0;0;0
"13/01/2021";"11:14:00";"28";"Acidente s";"15";"BR-153/SP";"Sul";"Saída de Pista";0;0;1;0;0;0;0;0;0;0;1;0;0;0;0
"13/01/2021";"14:52:00";"39";"Acidente c";"104";"BR-153/SP";"Norte";"Colisão Traseira";0;0;2;0;0;0;0;0;0;0;1;1;0;0;0
"13/01/2021";"15:34:00";"45";"Acidente c";"62,6";"BR-153/SP";"Sul";"Colisão Traseira";1;0;1;0;0;0;0;0;0;0;1;1;0;0;0
"13/01/2021";"17:32:00";"55";"Acidente s";"58";"BR-153/SP";"Norte";"Colisão Transversal";1;0;0;0;0;1;0;0;0;0;2;0;0;0;0
"13/01/2021";"18:08:00";"59";"Acidente s";"71,5";"BR-153/SP";"Norte";"Choque contra Objeto Fixo";0;0;0;0;0;0;0;0;0;1;2;0;0;0;0
"13/01/2021";"20:50:00";"71";"Acidente s";"45,9";"BR-153/SP";"Norte";"Saída de Pista";1;0;0;0;0;0;0;0;0;0;1;0;0;0;0
"14/01/2021";"12:05:00";"26";"Acidente s";"74,4";"BR-153/SP";"Norte";"Saída de Pista";1;0;0;0;0;0;0;0;0;0;4;0;0;0;0
"14/01/2021";"17:57:00";"49";"Acidente s";"302,1";"BR-153/SP";"Sul";"Colisão Transversal";0;0;0;0;0;0;0;0;0;2;3;0;0;0;0
"14/01/2021";"19:54:00";"58";"Acidente s";"96,8";"BR-153/SP";"Sul";"Atropelamento de Animal";1;0;0;0;0;0;0;0;0;0;3;0;0;0;0
"15/01/2021";"21:06:00";"60";"Acidente c";"284,85";"BR-153/SP";"Norte";"Tombamento de Moto";0;0;0;1;0;0;0;0;0;0;0;1;0;0;0
"17/01/2021";"06:38:00";"6";"Acidente s";"58";"BR-153/SP";"Norte";"Colisão Traseira";2;0;0;0;0;0;0;0;0;0;7;0;0;0;0
"17/01/2021";"10:58:00";"18";"Acidente s";"3,5";"BR-153/SP";"Norte";"Colisão Traseira";0;0;2;0;0;0;0;0;0;0;2;0;0;0;0
"18/01/2021";"05:10:00";"5";"Acidente c";"171,5";"BR-153/SP";"Sul";"Colisão Traseira";1;0;1;0;0;0;0;0;0;0;1;1;0;0;0
"18/01/2021";"17:27:00";"77";"Acidente s";"61";"BR-153/SP";"Norte";"Colisão Traseira";1;0;0;0;0;1;0;0;0;0;5;0;0;0;0
"18/01/2021";"17:33:00";"79";"Acidente c";"64";"BR-153/SP";"Norte";"Colisão Traseira";0;0;0;1;0;1;0;0;0;0;0;1;0;0;0
"19/01/2021";"06:20:00";"4";"Acidente s";"82";"BR-153/SP";"Norte";"Colisão Traseira";2;0;0;0;0;0;0;0;0;0;5;0;0;0;0
"20/01/2021";"17:21:00";"54";"Acidente s";"62,5";"BR-153/SP";"Sul";"Engavetamento";0;0;0;0;0;1;0;0;0;2;3;0;0;0;0
"20/01/2021";"17:49:00";"57";"Acidente c";"57,6";"BR-153/SP";"Norte";"Tombamento de Moto";0;0;0;1;0;0;0;0;0;0;0;1;0;0;0
"23/01/2021";"05:20:00";"7";"Acidente c";"172,3";"BR-153/SP";"Sul";"Atropelamento  de Pedestre";0;0;0;0;0;1;0;0;0;0;0;0;0;1;0
"23/01/2021";"08:22:00";"16";"Acidente c";"189";"BR-153/SP";"Sul";"Colisão Frontal";0;0;1;1;0;0;0;0;0;0;1;0;0;1;1
"23/01/2021";"23:59:00";"70";"Acidente s";"72";"BR-153/SP";"Sul";"Saída de Pista";1;0;0;0;0;0;0;0;0;0;1;0;0;0;0
"24/01/2021";"05:42:00";"3";"Acidente s";"189,5";"BR-153/SP";"Norte";"Colisão Traseira";1;0;0;0;0;1;0;0;0;0;2;0;0;0;0
"24/01/2021";"09:03:00";"16";"Acidente s";"50,7";"BR-153/SP";"Sul";"Colisão Transversal";1;0;0;0;0;0;0;0;0;1;3;0;0;0;0
"24/01/2021";"15:23:00";"43";"Acidente c";"86";"BR-153/SP";"Norte";"Colisão Traseira";1;0;1;0;0;0;0;0;0;0;1;1;0;0;0
"25/01/2021";"14:43:00";"52";"Acidente s";"74";"BR-153/SP";"Norte";"Tombamento";0;0;0;0;0;0;0;0;0;1;1;0;0;0;0
"25/01/2021";"23:36:00";"74";"Acidente c";"331";"BR-153/SP";"Sul";"Colisão Traseira";0;0;1;0;1;0;0;0;0;0;18;0;1;0;0
"26/01/2021";"05:43:00";"5";"Acidente s";"66";"BR-153/SP";"Sul";"Colisão Traseira";1;0;1;0;0;0;0;0;0;0;2;0;0;0;0
"27/01/2021";"08:13:00";"13";"Acidente s";"59";"BR-153/SP";"Sul";"Colisão Traseira";1;0;0;0;0;0;0;0;0;0;1;0;0;0;0
"28/01/2021";"09:30:00";"17";"Acidente s";"62,1";"BR-153/SP";"Sul";"Colisão Traseira";2;0;0;0;0;0;0;0;0;0;2;0;0;0;0
"28/01/2021";"14:04:00";"40";"Acidente s";"104,5";"BR-153/SP";"Sul";"Colisão Traseira";0;0;0;0;0;1;0;0;0;1;1;0;0;0;0
"28/01/2021";"21:32:00";"66";"Acidente c";"54,2";"BR-153/SP";"Sul";"Atropelamento de Animal";1;0;0;0;0;0;0;0;0;0;1;0;1;0;0
"28/01/2021";"22:15:00";"67";"Acidente s";"54,2";"BR-153/SP";"Sul";"Atropelamento de Animal";1;0;0;0;0;0;0;0;0;0;2;0;0;0;0
"29/01/2021";"14:46:00";"27";"Acidente c";"66,5";"BR-153/SP";"Norte";"Tombamento de Moto";0;0;0;1;0;0;0;0;0;0;0;1;0;0;0
"29/01/2021";"18:08:00";"45";"Acidente s";"63";"BR-153/SP";"Norte";"Colisão Traseira";2;0;0;0;0;0;0;0;0;0;2;0;0;0;0
"29/01/2021";"21:14:00";"52";"Acidente c";"113";"BR-153/SP";"Sul";"Colisão Transversal";1;0;0;1;0;0;0;0;0;0;2;1;0;0;0
"30/01/2021";"04:37:00";"7";"Acidente s";"81";"BR-153/SP";"Sul";"Capotamento";1;0;0;0;0;0;0;0;0;0;1;0;0;0;0
"30/01/2021";"07:23:00";"10";"Acidente s";"3,7";"BR-153/SP";"Norte";"Saída de Pista";1;0;0;0;0;0;0;0;0;0;3;0;0;0;0
"30/01/2021";"07:37:00";"11";"Acidente s";"314,3";"BR-153/SP";"Sul";"Saída de Pista";0;0;1;0;0;0;0;0;0;0;1;0;0;0;0
"30/01/2021";"08:16:00";"14";"Acidente s";"18";"BR-153/SP";"Norte";"Colisão Transversal";1;0;1;0;0;0;0;0;0;0;3;0;0;0;0
"31/01/2021";"17:38:00";"61";"Acidente s";"72,8";"BR-153/SP";"Sul";"Saída de Pista";1;0;0;0;0;0;0;0;0;0;1;0;0;0;0
"31/01/2021";"23:44:00";"80";"Acidente s";"111";"BR-153/SP";"Norte";"Atropelamento de Animal";0;0;0;0;1;0;0;0;0;0;1;0;0;0;0
"01/02/2021";"18:00:00";"62";"Acidente c";"109";"BR-153/SP";"Norte";"Colisão Transversal";0;0;1;1;0;0;0;0;0;0;1;0;1;0;0
"03/02/2021";"06:31:00";"6";"Acidente s";"184,6";"BR-153/SP";"Sul";"Colisão Transversal";0;0;1;0;0;0;0;0;0;1;2;0;0;0;0
"03/02/2021";"09:05:00";"21";"Acidente s";"171";"BR-153/SP";"Sul";"Colisão Traseira";1;0;0;0;0;0;0;0;0;1;6;0;0;0;0
"03/02/2021";"20:37:00";"82";"Acidente c";"70";"BR-153/SP";"Norte";"Colisão Lateral";0;0;1;1;0;0;0;0;0;0;1;1;0;0;0
"03/02/2021";"20:52:00";"83";"Acidente s";"227,3";"BR-153/SP";"Sul";"Saída de Pista";0;0;0;0;0;1;0;0;0;1;1;0;0;0;0
"04/02/2021";"10:05:00";"33";"Acidente c";"62";"BR-153/SP";"Sul";"Engavetamento";4;0;0;0;0;0;0;0;0;1;7;1;0;0;0
"04/02/2021";"13:02:00";"56";"Acidente s";"63";"BR-153/SP";"Sul";"Colisão Traseira";2;0;0;0;0;0;0;0;0;0;2;0;0;0;0
"04/02/2021";"16:26:00";"68";"Acidente s";"106,5";"BR-153/SP";"Norte";"Colisão Traseira";0;0;0;0;0;0;0;0;0;1;1;0;0;0;0
"05/02/2021";"15:52:00";"52";"Acidente s";"62,2";"BR-153/SP";"Sul";"Colisão Traseira";1;0;0;0;0;0;0;0;0;1;4;0;0;0;0
"06/02/2021";"02:45:00";"5";"Acidente c";"138";"BR-153/SP";"Sul";"Tombamento de Moto";0;0;0;1;0;0;0;0;0;0;0;0;1;0;0
"06/02/2021";"09:06:00";"24";"Acidente c";"73,3";"BR-153/SP";"Norte";"Colisão Traseira";2;0;0;0;0;0;0;0;0;0;1;2;0;0;0
"06/02/2021";"10:09:00";"28";"Acidente c";"261";"BR-153/SP";"Norte";"Colisão Lateral";1;0;1;0;0;0;0;0;0;0;1;0;1;0;0
"07/02/2021";"00:57:00";"2";"Acidente s";"45,3";"BR-153/SP";"Norte";"Saída de Pista";0;0;0;0;0;0;0;0;0;1;1;0;0;0;0
"07/02/2021";"03:50:00";"6";"Acidente s";"2";"BR-153/SP";"Sul";"Choque contra Objeto Fixo";0;0;0;0;0;0;0;0;0;1;2;0;0;0;0
"07/02/2021";"17:47:00";"50";"Acidente c";"54";"BR-153/SP";"Sul";"Saída de Pista";1;0;0;0;0;0;0;0;0;0;0;1;0;0;0
"07/02/2021";"22:48:00";"73";"Acidente s";"77";"BR-153/SP";"Norte";"Saída de Pista";0;0;0;0;0;0;0;0;0;1;1;0;0;0;0
"08/02/2021";"03:39:00";"5";"Acidente s";"64";"BR-153/SP";"Norte";"Capotamento";1;0;0;0;0;0;0;0;0;0;1;0;0;0;0
"08/02/2021";"16:54:00";"60";"Acidente s";"73,25";"BR-153/SP";"Norte";"Tombamento de Moto";0;0;0;1;0;0;0;0;0;0;2;0;0;0;0
"09/02/2021";"11:47:00";"31";"Acidente s";"59";"BR-153/SP";"Norte";"Saída de Pista";1;0;0;0;0;0;0;0;0;0;1;0;0;0;0
"10/02/2021";"10:02:00";"27";"Acidente c";"62";"BR-153/SP";"Sul";"Engavetamento";0;0;0;0;0;0;0;0;0;3;3;1;0;0;0
"10/02/2021";"17:04:00";"60";"Acidente s";"23,5";"BR-153/SP";"Norte";"Colisão Traseira";2;0;0;0;0;0;0;0;0;0;2;0;0;0;0
"10/02/2021";"17:44:00";"65";"Acidente s";"69";"BR-153/SP";"Sul";"Choque contra Objeto Fixo";1;0;0;0;0;0;0;0;0;0;1;0;0;0;0
"11/02/2021";"11:24:00";"21";"Acidente c";"280";"BR-153/SP";"Sul";"Colisão Transversal";2;0;0;0;0;0;0;0;0;0;0;2;2;0;0
"12/02/2021";"15:43:00";"57";"Acidente s";"62,5";"BR-153/SP";"Sul";"Colisão Traseira";1;0;0;0;0;0;0;0;0;1;2;0;0;0;0
"12/02/2021";"16:20:00";"60";"Acidente c";"59,2";"BR-153/SP";"Norte";"Tombamento de Moto";0;0;0;1;0;0;0;0;0;0;0;0;1;0;0
"12/02/2021";"18:41:00";"67";"Acidente s";"62,5";"BR-153/SP";"Sul";"Colisão Traseira";0;0;0;0;0;1;0;0;0;1;2;0;0;0;0
"13/02/2021";"00:27:00";"1";"Acidente s";"85";"BR-153/SP";"Sul";"Colisão Traseira";2;0;0;0;0;0;0;0;0;0;5;0;0;0;0
"13/02/2021";"06:37:00";"8";"Acidente s";"39";"BR-153/SP";"Norte";"Saída de Pista";1;0;0;0;0;0;0;0;0;0;2;0;0;0;0
"13/02/2021";"20:29:00";"67";"Acidente s";"62,1";"BR-153/SP";"Norte";"Colisão Traseira";1;0;0;0;0;1;0;0;0;0;1;0;0;0;0
"14/02/2021";"11:46:00";"22";"Acidente c";"63,7";"BR-153/SP";"Sul";"Tombamento de Moto";0;0;0;1;0;0;0;0;0;0;0;0;1;0;0
"14/02/2021";"18:45:00";"48";"Acidente s";"120";"BR-153/SP";"Norte";"Colisão Traseira";0;0;1;0;1;0;0;0;0;0;2;0;0;0;0
"14/02/2021";"19:18:00";"49";"Acidente c";"18,3";"BR-153/SP";"Norte";"Colisão Frontal";2;0;0;0;0;0;0;0;0;0;0;0;1;0;1
"14/02/2021";"20:19:00";"52";"Acidente s";"64";"BR-153/SP";"Norte";"Colisão Frontal";1;0;0;0;0;0;0;0;0;1;6;0;0;0;0
"14/02/2021";"20:26:00";"53";"Acidente c";"42,9";"BR-153/SP";"Sul";"Colisão Lateral";0;0;1;1;0;0;0;0;0;0;1;2;0;0;0
"14/02/2021";"23:29:00";"56";"Acidente s";"25";"BR-153/SP";"Norte";"Tombamento de Moto";0;0;0;1;0;0;0;0;0;0;1;0;0;0;0
"15/02/2021";"03:33:00";"2";"Acidente s";"195";"BR-153/SP";"Norte";"Saída de Pista";1;0;0;0;0;0;0;0;0;0;1;0;0;0;0
"15/02/2021";"04:10:00";"3";"Acidente s";"306";"BR-153/SP";"Norte";"Saída de Pista";0;0;1;0;0;0;0;0;0;0;1;0;0;0;0
"16/02/2021";"08:35:00";"15";"Acidente c";"42,1";"BR-153/SP";"Sul";"Tombamento de Moto";0;0;1;1;0;0;0;0;0;0;0;1;0;0;0
"17/02/2021";"10:45:00";"28";"Acidente s";"34,2";"BR-153/SP";"Sul";"Tombamento de Moto";0;0;0;1;0;0;0;0;0;0;2;0;0;0;0
"19/02/2021";"00:00:00";"1";"Acidente c";"44";"BR-153/SP";"Norte";"Colisão Traseira";2;0;0;0;0;0;0;0;0;0;0;3;1;1;0
"19/02/2021";"11:27:00";"35";"Acidente c";"73";"BR-153/SP";"Sul";"Tombamento de Moto";0;0;0;1;0;0;0;0;0;0;0;1;0;0;0
"20/02/2021";"15:54:00";"69";"Acidente c";"173,3";"BR-153/SP";"Norte";"Saída de Pista";1;0;0;0;0;0;0;0;0;0;0;1;0;0;0
"20/02/2021";"21:55:00";"89";"Acidente s";"98,9";"BR-153/SP";"Sul";"Colisão Traseira";1;0;0;0;0;0;0;0;0;0;2;0;0;0;0
"21/02/2021";"06:34:00";"8";"Acidente s";"61";"BR-153/SP";"Norte";"Saída de Pista";1;0;0;0;0;0;0;0;0;0;1;0;0;0;0
"21/02/2021";"17:27:00";"48";"Acidente c";"1,5";"BR-153/SP";"Sul";"Colisão Traseira";1;0;0;0;0;0;0;0;0;1;4;2;0;0;0
"22/02/2021";"07:34:00";"8";"Acidente s";"58";"BR-153/SP";"Sul";"Engavetamento";3;0;0;0;0;0;0;0;0;0;3;0;0;0;0
"22/02/2021";"11:10:00";"29";"Acidente s";"51,6";"BR-153/SP";"Norte";"Colisão Transversal";0;0;0;1;0;0;0;0;0;1;3;0;0;0;0
"23/02/2021";"05:38:00";"3";"Acidente c";"49";"BR-153/SP";"Sul";"Outros";0;0;0;0;1;1;0;0;0;0;0;1;0;0;0
"23/02/2021";"07:29:00";"7";"Acidente s";"97";"BR-153/SP";"Norte";"Saída de Pista";1;0;0;0;0;0;0;0;0;0;2;0;0;0;0
"23/02/2021";"09:14:00";"14";"Acidente c";"341,9";"BR-153/SP";"Sul";"Tombamento";0;0;1;0;0;0;0;0;0;0;0;0;1;0;0
"23/02/2021";"09:18:00";"15";"Acidente s";"303";"BR-153/SP";"Sul";"Saída de Pista";0;0;1;0;0;0;0;0;0;0;3;0;0;0;0
"23/02/2021";"16:47:00";"55";"Acidente s";"64";"BR-153/SP";"Norte";"Colisão Lateral";1;0;1;0;0;0;0;0;0;0;2;0;0;0;0
"23/02/2021";"17:33:00";"60";"Acidente s";"63";"BR-153/SP";"Norte";"Colisão Lateral";0;0;1;0;0;0;0;0;0;1;4;0;0;0;0
"24/02/2021";"02:13:00";"2";"Acidente s";"75";"BR-153/SP";"Norte";"Choque contra Objeto Fixo";1;0;0;0;0;0;0;0;0;0;1;0;0;0;0
"24/02/2021";"15:00:00";"53";"Acidente s";"322,7";"BR-153/SP";"Norte";"Colisão Lateral";1;0;1;0;0;0;0;0;0;0;3;0;0;0;0
"24/02/2021";"15:54:00";"59";"Acidente c";"255";"BR-153/SP";"Sul";"Tombamento de Moto";0;0;0;1;0;0;0;0;0;0;1;1;0;0;0
"24/02/2021";"18:57:00";"79";"Acidente s";"155";"BR-153/SP";"Sul";"Colisão Lateral";1;0;1;0;0;0;0;0;0;0;3;0;0;0;0
"25/02/2021";"06:24:00";"5";"Acidente c";"87,9";"BR-153/SP";"Sul";"Saída de Pista";0;0;1;0;0;0;0;0;0;0;2;1;0;0;0
"25/02/2021";"08:29:00";"29";"Acidente s";"255";"BR-153/SP";"Norte";"Colisão Traseira";2;0;0;0;0;0;0;0;0;0;4;0;0;0;0
"26/02/2021";"05:11:00";"4";"Acidente s";"58";"BR-153/SP";"Norte";"Colisão Lateral";0;0;1;0;1;0;0;0;0;0;2;0;0;0;0
"26/02/2021";"15:06:00";"56";"Acidente s";"256,4";"BR-153/SP";"Norte";"Tombamento";0;0;1;0;0;0;0;0;0;0;1;0;0;0;0
"26/02/2021";"17:08:00";"65";"Acidente s";"58,7";"BR-153/SP";"Norte";"Colisão Lateral";1;0;0;1;0;0;0;0;0;0;2;0;0;0;0
"27/02/2021";"11:24:00";"36";"Acidente c";"256,3";"BR-153/SP";"Sul";"Tombamento de Moto";0;0;0;1;0;0;0;0;0;0;0;1;0;0;0
"27/02/2021";"16:51:00";"58";"Acidente c";"61";"BR-153/SP";"Norte";"Saída de Pista";1;0;0;0;0;0;0;0;0;0;0;1;0;0;0
"27/02/2021";"17:12:00";"61";"Acidente c";"18,6";"BR-153/SP";"Sul";"Tombamento de Moto";0;0;1;1;0;0;0;0;0;0;1;1;0;0;0
"28/02/2021";"12:16:00";"45";"Acidente c";"108";"BR-153/SP";"Norte";"Tombamento de Moto";0;0;0;1;0;0;0;0;0;0;0;2;0;0;0
"28/02/2021";"23:52:00";"99";"Acidente s";"105,8";"BR-153/SP";"Norte";"Atropelamento de Animal";0;0;1;0;0;0;0;0;0;0;1;0;0;0;0
"02/03/2021";"18:24:00";"50";"Acidente c";"61";"BR-153/SP";"Sul";"Tombamento de Moto";0;0;0;1;0;0;0;0;0;0;0;2;0;0;0
"03/03/2021";"04:50:00";"3";"Acidente c";"73,6";"BR-153/SP";"Sul";"Atropelamento de Animal";0;0;0;1;0;0;0;0;0;0;0;1;0;0;0
"03/03/2021";"06:31:00";"6";"Acidente s";"58";"BR-153/SP";"Sul";"Colisão Traseira";2;0;0;0;0;0;0;0;0;0;3;0;0;0;0
"03/03/2021";"09:19:00";"11";"Acidente s";"256";"BR-153/SP";"Norte";"Saída de Pista";1;0;0;0;0;0;0;0;0;0;2;0;0;0;0
"03/03/2021";"13:18:00";"35";"Acidente c";"331";"BR-153/SP";"Norte";"Colisão Transversal";1;0;0;0;0;0;0;0;0;1;0;0;1;1;0
"04/03/2021";"10:38:00";"21";"Acidente c";"263";"BR-153/SP";"Sul";"Tombamento de Moto";0;0;0;1;0;0;0;0;0;0;0;1;0;0;0
"06/03/2021";"06:30:00";"4";"Acidente s";"206";"BR-153/SP";"Sul";"Saída de Pista";1;0;0;0;0;0;0;0;0;0;1;0;0;0;0
"09/03/2021";"08:06:00";"13";"Acidente s";"61";"BR-153/SP";"Sul";"Colisão Traseira";2;0;0;0;0;0;0;0;0;0;3;0;0;0;0