data;horario;n_da_ocorrencia;tipo_de_ocorrencia;km;trecho;sentido;tipo_de_acidente;automovel;bicicleta;caminhao;moto;onibus;outros;tracao_animal;transporte_de_cargas_especiais;trator_maquinas;utilitarios;ilesos;levemente_feridos;moderadamente_feridos;gravemente_feridos;mortos
"09/03/2021";"16:37:00";"50";"Acidente c";"186,5";"BR-153/SP";"Norte";"Choque contra objeto na faixa de rolamento";0;0;0;0;0;0;0;0;0;1;0;2;0;0;0
"09/03/2021";"17:36:00";"55";"Acidente c";"173,2";"BR-153/SP";"Sul";"Tombamento de Moto";0;0;0;1;0;0;0;0;0;0;0;1;0;0;0
"09/03/2021";"22:03:00";"69";"Acidente c";"99";"BR-153/SP";"Sul";"Choque contra objeto na faixa de rolamento";0;0;1;1;0;0;0;0;0;0;0;1;0;0;0
"10/03/2021";"14:06:00";"55";"Acidente c";"72";"BR-153/SP";"Norte";"Tombamento de Moto";0;0;0;1;0;0;0;0;0;0;0;1;0;0;0
"10/03/2021";"15:09:00";"62";"Acidente c";"119";"BR-153/SP";"Sul";"Colisão Frontal";2;0;0;0;0;0;0;0;0;0;0;0;1;1;0
"11/03/2021";"14:26:00";"40";"Acidente s";"62,15";"BR-153/SP";"Sul";"Colisão Traseira";0;0;1;0;0;0;0;0;0;1;2;0;0;0;0
"12/03/2021";"07:29:00";"8";"Acidente s";"61";"BR-153/SP";"Sul";"Colisão Traseira";0;0;0;0;1;0;0;0;0;1;23;0;0;0;0
"13/03/2021";"06:22:00";"4";"Acidente c";"110,7";"BR-153/SP";"Sul";"Saída de Pista";0;0;0;0;0;0;0;0;0;1;0;1;0;0;0
"13/03/2021";"14:27:00";"32";"Acidente c";"62";"BR-153/SP";"Sul";"Colisão Lateral";0;0;0;2;0;0;0;0;0;0;0;2;0;0;0
"15/03/2021";"10:11:00";"25";"Acidente s";"74";"BR-153/SP";"Norte";"Choque contra objeto na faixa de rolamento";1;0;0;0;0;0;0;0;0;0;2;0;0;0;0
"15/03/2021";"11:57:00";"43";"Acidente s";"23,06";"BR-153/SP";"Norte";"Colisão Traseira";0;0;0;0;0;0;0;0;0;2;4;0;0;0;0
"15/03/2021";"14:03:00";"51";"Acidente s";"35,8";"BR-153/SP";"Norte";"Colisão Traseira";0;0;0;0;0;0;0;0;0;2;2;0;0;0;0
"16/03/2021";"07:13:00";"10";"Acidente s";"98,9";"BR-153/SP";"Sul";"Colisão Frontal";0;0;2;0;0;0;0;0;0;0;2;0;0;0;0
"16/03/2021";"08:03:00";"16";"Acidente s";"62";"BR-153/SP";"Sul";"Colisão Transversal";1;0;1;0;0;0;0;0;0;0;2;0;0;0;0
"16/03/2021";"19:32:00";"92";"Acidente s";"98,9";"BR-153/SP";"Sul";"Colisão Traseira";1;0;0;0;0;0;0;0;0;1;2;0;0;0;0
"16/03/2021";"22:06:00";"100";"Acidente c";"174,4";"BR-153/SP";"Sul";"Colisão Transversal";1;0;0;1;0;0;0;0;0;0;2;0;0;1;0
"17/03/2021";"13:54:00";"26";"Acidente s";"289,5";"BR-153/SP";"Sul";"Saída de Pista";0;0;1;0;0;0;0;0;0;0;1;0;0;0;0
"19/03/2021";"06:47:00";"11";"Acidente s";"279,5";"BR-153/SP";"Sul";"Colisão Lateral";0;0;1;0;0;0;0;0;0;1;3;0;0;0;0
"19/03/2021";"11:38:00";"41";"Acidente s";"25";"BR-153/SP";"Norte";"Tombamento";0;0;1;0;0;0;0;0;0;0;1;0;0;0;0
"19/03/2021";"14:25:00";"48";"Acidente c";"327";"BR-153/SP";"Sul";"Tombamento de Moto";0;0;0;1;0;0;0;0;0;0;0;0;2;0;0
"19/03/2021";"19:33:00";"66";"Acidente c";"108,5";"BR-153/SP";"Norte";"Engavetamento";2;0;0;0;0;0;0;0;0;1;8;1;0;0;0
"20/03/2021";"06:36:00";"4";"Acidente c";"64";"BR-153/SP";"Norte";"Saída de Pista";1;0;0;0;0;0;0;0;0;0;0;2;0;0;0
"21/03/2021";"17:21:00";"32";"Acidente c";"41,8";"BR-153/SP";"Sul";"Colisão Transversal";2;0;0;0;0;0;0;0;0;0;1;4;0;0;0
"21/03/2021";"21:40:00";"49";"Acidente s";"52";"BR-153/SP";"Norte";"Saída de Pista";0;0;0;0;0;0;0;0;0;1;1;0;0;0;0
"22/03/2021";"20:48:00";"75";"Acidente c";"75,05";"BR-153/SP";"Norte";"Colisão Traseira";1;0;0;0;0;0;0;0;0;1;2;2;0;0;0
"22/03/2021";"22:18:00";"77";"Acidente s";"81,5";"BR-153/SP";"Sul";"Atropelamento de Animal";0;0;1;0;0;0;0;0;0;0;1;0;0;0;0
"23/03/2021";"05:49:00";"4";"Acidente s";"57";"BR-153/SP";"Sul";"Colisão Lateral";1;0;0;0;0;0;0;0;0;0;2;0;0;0;0
"23/03/2021";"05:55:00";"5";"Acidente c";"57";"BR-153/SP";"Sul";"Tombamento de Moto";0;0;0;1;0;0;0;0;0;0;0;1;0;0;0
"23/03/2021";"05:58:00";"6";"Acidente s";"57";"BR-153/SP";"Sul";"Tombamento de Moto";0;0;0;1;0;0;0;0;0;0;2;0;0;0;0
"24/03/2021";"18:17:00";"71";"Acidente s";"168";"BR-153/SP";"Sul";"Choque contra objeto na faixa de rolamento";0;0;0;0;0;0;0;0;0;1;1;0;0;0;0
"25/03/2021";"11:00:00";"32";"Acidente c";"206,4";"BR-153/SP";"Sul";"Colisão Traseira";0;0;2;0;0;0;0;0;0;1;1;0;3;0;0
"25/03/2021";"11:34:00";"37";"Acidente s";"98,9";"BR-153/SP";"Norte";"Colisão Traseira";0;0;1;0;1;0;0;0;0;0;21;0;0;0;0
"25/03/2021";"14:35:00";"51";"Acidente s";"278";"BR-153/SP";"Sul";"Choque contra Objeto Fixo";0;0;2;0;0;0;0;0;0;0;2;0;0;0;0
"25/03/2021";"16:26:00";"65";"Acidente c";"120";"BR-153/SP";"Sul";"Colisão Transversal";1;0;2;0;0;0;0;0;0;0;2;3;1;0;0
"25/03/2021";"18:55:00";"79";"Acidente c";"60";"BR-153/SP";"Norte";"Tombamento de Moto";0;0;0;1;0;0;0;0;0;0;0;1;0;0;0
"26/03/2021";"16:57:00";"43";"Acidente s";"74,1";"BR-153/SP";"Norte";"Tombamento";1;0;0;0;0;0;0;0;0;0;1;0;0;0;0
"27/03/2021";"12:18:00";"31";"Acidente s";"334,5";"BR-153/SP";"Sul";"Tombamento de Moto";0;0;0;1;0;0;0;0;0;0;2;0;0;0;0
"27/03/2021";"19:38:00";"65";"Acidente c";"62";"BR-153/SP";"Sul";"Colisão Traseira";1;0;0;2;0;1;0;0;0;0;5;1;0;0;0
"28/03/2021";"20:26:00";"59";"Acidente c";"145,8";"BR-153/SP";"Norte";"Colisão Frontal";1;0;1;0;0;0;0;0;0;0;1;0;0;0;1
"29/03/2021";"10:37:00";"21";"Acidente s";"35,8";"BR-153/SP";"Sul";"Colisão Traseira";2;0;0;0;0;0;0;0;0;0;2;0;0;0;0
"29/03/2021";"18:01:00";"50";"Acidente s";"25,8";"BR-153/SP";"Sul";"Colisão Traseira";0;0;0;1;0;0;0;0;0;1;2;0;0;0;0
"30/03/2021";"16:43:00";"53";"Acidente s";"286";"BR-153/SP";"Sul";"Colisão Lateral";0;0;2;0;0;0;0;0;0;0;23;0;0;0;0
"30/03/2021";"19:34:00";"69";"Acidente c";"63,7";"BR-153/SP";"Norte";"Choque contra Objeto Fixo";0;0;0;1;0;0;0;0;0;0;0;0;0;1;0
"31/03/2021";"19:04:00";"55";"Acidente s";"268,1";"BR-153/SP";"Sul";"Colisão Lateral";1;0;1;0;0;0;0;0;0;0;3;0;0;0;0
"31/03/2021";"19:32:00";"59";"Acidente c";"60,6";"BR-153/SP";"Sul";"Tombamento de Moto";0;0;0;1;0;0;0;0;0;0;0;1;0;0;0
"01/04/2021";"18:23:00";"70";"Acidente c";"152,2";"BR-153/SP";"Norte";"Capotamento";1;0;0;0;0;0;0;0;0;0;0;0;1;0;0
"01/04/2021";"19:22:00";"79";"Acidente s";"176,55";"BR-153/SP";"Norte";"Tombamento";0;0;1;0;0;0;0;0;0;0;1;0;0;0;0
"01/04/2021";"22:05:00";"88";"Acidente c";"9,5";"BR-153/SP";"Norte";"Colisão Traseira";1;0;0;0;0;0;0;0;0;0;4;1;0;0;0
"02/04/2021";"01:33:00";"3";"Acidente c";"61,5";"BR-153/SP";"Sul";"Choque contra Objeto Fixo";1;0;0;0;0;0;0;0;0;0;0;1;0;0;0
"02/04/2021";"13:08:00";"20";"Acidente c";"204,8";"BR-153/SP";"Sul";"Colisão Traseira";0;0;1;0;0;0;0;0;0;1;1;1;0;0;0
"02/04/2021";"18:11:00";"37";"Acidente s";"324";"BR-153/SP";"Norte";"Saída de Pista";1;0;0;0;0;0;0;0;0;0;2;0;0;0;0
"04/04/2021";"17:39:00";"55";"Acidente c";"111";"BR-153/SP";"Norte";"Tombamento de Moto";0;0;0;1;0;0;0;0;0;0;0;1;0;0;0
"05/04/2021";"07:21:00";"5";"Acidente s";"62";"BR-153/SP";"Sul";"Saída de Pista";1;0;0;0;0;1;0;0;0;0;3;0;0;0;0
"06/04/2021";"17:57:00";"62";"Acidente s";"60,1";"BR-153/SP";"Sul";"Engavetamento";4;0;1;0;0;0;0;0;0;0;5;0;0;0;0
"07/04/2021";"22:28:00";"85";"Acidente s";"258";"BR-153/SP";"Sul";"Atropelamento de Animal";0;0;1;0;0;0;0;0;0;0;1;0;0;0;0
"08/04/2021";"13:33:00";"37";"Acidente c";"67";"BR-153/SP";"Sul";"Tombamento de Moto";0;0;0;1;0;0;0;0;0;0;0;2;0;0;0
"09/04/2021";"06:08:00";"2";"Acidente c";"119";"BR-153/SP";"Sul";"Colisão Transversal";0;0;2;0;0;0;0;0;0;0;1;2;0;0;0
"09/04/2021";"08:27:00";"16";"Acidente s";"62";"BR-153/SP";"Sul";"Engavetamento";3;0;0;0;0;0;0;0;0;0;3;0;0;0;0
"09/04/2021";"08:56:00";"20";"Acidente s";"61";"BR-153/SP";"Sul";"Engavetamento";3;0;0;0;0;0;0;0;0;0;4;0;0;0;0
"09/04/2021";"14:18:00";"42";"Acidente s";"119";"BR-153/SP";"Sul";"Tombamento de Moto";0;0;0;1;0;0;0;0;0;0;1;0;0;0;0
"09/04/2021";"19:01:00";"69";"Acidente c";"73,2";"BR-153/SP";"Norte";"Capotamento";0;0;0;0;0;0;0;0;0;1;0;0;0;1;0
"11/04/2021";"00:41:00";"3";"Acidente c";"47";"BR-153/SP";"Sul";"Atropelamento de Animal";0;0;0;0;0;0;0;0;0;1;1;3;0;0;0
"14/04/2021";"10:30:00";"24";"Acidente s";"62";"BR-153/SP";"Norte";"Engavetamento";2;0;0;0;0;0;0;0;0;1;5;0;0;0;0
"14/04/2021";"13:43:00";"41";"Acidente s";"88";"BR-153/SP";"Norte";"Saída de Pista";1;0;0;0;0;0;0;0;0;0;2;0;0;0;0
"14/04/2021";"16:46:00";"54";"Acidente s";"60,5";"BR-153/SP";"Sul";"Colisão Traseira";0;0;0;0;0;0;0;0;0;2;4;0;0;0;0
"15/04/2021";"06:46:00";"4";"Acidente c";"273";"BR-153/SP";"Sul";"Tombamento de Moto";0;0;0;1;0;0;0;0;0;0;0;1;0;0;0
"15/04/2021";"15:46:00";"55";"Acidente s";"2,3";"BR-153/SP";"Norte";"Colisão Transversal";1;0;1;0;0;0;0;0;0;0;5;0;0;0;0
"15/04/2021";"23:59:00";"69";"Acidente c";"324";"BR-153/SP";"Sul";"Tombamento de Moto";0;0;0;1;0;0;0;0;0;0;0;1;0;0;0
"16/04/2021";"17:17:00";"55";"Acidente s";"93,5";"BR-153/SP";"Norte";"Saída de Pista";1;0;0;0;0;0;0;0;0;0;1;0;0;0;0
"16/04/2021";"20:59:00";"70";"Acidente s";"43,1";"BR-153/SP";"Sul";"Colisão Lateral";0;0;1;0;0;1;0;0;0;0;1;0;0;0;0
"16/04/2021";"21:40:00";"74";"Acidente s";"66";"BR-153/SP";"Norte";"Saída de Pista";1;0;0;0;0;0;0;0;0;0;1;0;0;0;0
"17/04/2021";"19:53:00";"49";"Acidente s";"47,5";"BR-153/SP";"Norte";"Colisão Lateral";2;0;0;0;0;0;0;0;0;1;3;0;0;0;0
"18/04/2021";"18:42:00";"31";"Acidente s";"51,5";"BR-153/SP";"Sul";"Colisão Lateral";1;0;1;0;0;0;0;0;0;0;2;0;0;0;0
"19/04/2021";"09:10:00";"20";"Acidente s";"62";"BR-153/SP";"Sul";"Colisão Traseira";2;0;0;0;0;0;0;0;0;0;4;0;0;0;0
"19/04/2021";"18:04:00";"56";"Acidente s";"44";"BR-153/SP";"Norte";"Tombamento de Moto";0;0;1;1;0;0;0;0;0;0;2;0;0;0;0
"20/04/2021";"17:09:00";"52";"Acidente s";"58,7";"BR-153/SP";"Norte";"Colisão Lateral";1;0;2;0;0;0;0;0;0;0;5;0;0;0;0
"20/04/2021";"20:34:00";"63";"Acidente c";"326,9";"BR-153/SP";"Sul";"Tombamento de Moto";0;0;0;1;0;0;0;0;0;0;1;1;0;0;0
"21/04/2021";"13:26:00";"32";"Acidente s";"151";"BR-153/SP";"Norte";"Atropelamento de Animal";0;0;0;1;0;0;0;0;0;0;1;0;0;0;0
"22/04/2021";"12:32:00";"47";"Acidente s";"37";"BR-153/SP";"Norte";"Colisão Transversal";1;0;0;1;0;0;0;0;0;0;2;0;0;0;0
"23/04/2021";"15:44:00";"57";"Acidente s";"63";"BR-153/SP";"Sul";"Colisão Transversal";1;0;0;0;0;0;0;0;0;1;3;0;0;0;0
"24/04/2021";"03:16:00";"3";"Acidente c";"61,3";"BR-153/SP";"Sul";"Colisão Traseira";1;0;0;0;0;0;0;0;0;1;2;1;0;0;0
"24/04/2021";"21:08:00";"74";"Acidente s";"273";"BR-153/SP";"Norte";"Saída de Pista";0;0;1;0;0;0;0;0;0;0;1;0;0;0;0
"25/04/2021";"02:22:00";"6";"Acidente c";"0";"BR-153/SP";"Sul";"Colisão Frontal";0;0;0;1;0;0;0;0;0;0;0;0;0;0;1
"25/04/2021";"06:34:00";"10";"Acidente c";"1,3";"BR-153/SP";"Norte";"Colisão Traseira";1;0;0;0;0;0;0;0;0;1;0;2;0;0;0
"25/04/2021";"07:07:00";"13";"Acidente c";"191,8";"BR-153/SP";"Norte";"Saída de Pista";1;0;0;0;0;0;0;0;0;0;1;2;0;0;0
"25/04/2021";"12:04:00";"33";"Acidente c";"62";"BR-153/SP";"Norte";"Colisão Lateral";1;0;0;1;0;0;0;0;0;0;2;1;0;0;0
"26/04/2021";"14:44:00";"41";"Acidente s";"62,5";"BR-153/SP";"Sul";"Colisão Traseira";2;0;0;0;0;0;0;0;0;0;2;0;0;0;0
"27/04/2021";"18:07:00";"51";"Acidente s";"23,8";"BR-153/SP";"Sul";"Colisão Lateral";1;0;0;0;0;0;0;0;0;1;2;0;0;0;0
"27/04/2021";"20:37:00";"56";"Acidente s";"99";"BR-153/SP";"Norte";"Tombamento";0;0;1;0;0;0;0;0;0;0;1;0;0;0;0
"28/04/2021";"07:12:00";"5";"Acidente s";"59,8";"BR-153/SP";"Sul";"Colisão Traseira";1;0;0;1;0;0;0;0;0;0;2;0;0;0;0
"29/04/2021";"19:22:00";"68";"Acidente s";"61";"BR-153/SP";"Sul";"Colisão Traseira";0;0;0;0;0;0;0;0;0;2;2;0;0;0;0
"29/04/2021";"20:10:00";"70";"Acidente c";"44,6";"BR-153/SP";"Sul";"Colisão Traseira";0;0;1;0;0;0;0;0;0;1;1;0;1;0;0
"29/04/2021";"23:10:00";"76";"Acidente s";"61";"BR-153/SP";"Sul";"Colisão Lateral";1;0;0;1;0;0;0;0;0;0;3;0;0;0;0
"30/04/2021";"06:47:00";"9";"Acidente c";"206";"BR-153/SP";"Norte";"Saída de Pista";0;0;0;0;0;0;0;0;0;1;0;1;0;0;0
"30/04/2021";"14:11:00";"35";"Acidente s";"255";"BR-153/SP";"Norte";"Tombamento";0;0;1;0;0;0;0;0;0;0;1;0;0;0;0
"30/04/2021";"18:19:00";"53";"Acidente s";"256";"BR-153/SP";"Norte";"Colisão Traseira";1;0;0;1;0;0;0;0;0;0;2;0;0;0;0
"01/05/2021";"19:23:00";"50";"Acidente c";"60,95";"BR-153/SP";"Sul";"Colisão Transversal";1;0;0;1;0;0;0;0;0;0;3;1;0;0;0
"02/05/2021";"02:00:00";"3";"Acidente c";"132,2";"BR-153/SP";"Norte";"Saída de Pista";1;0;0;0;0;0;0;0;0;0;0;1;0;0;0
"03/05/2021";"06:49:00";"7";"Acidente s";"87";"BR-153/SP";"Norte";"Colisão Traseira";2;0;0;0;0;0;0;0;0;0;3;0;0;0;0
"03/05/2021";"08:02:00";"12";"Acidente c";"57";"BR-153/SP";"Sul";"Colisão Lateral";0;0;0;2;0;0;0;0;0;0;1;1;0;0;0
"03/05/2021";"18:16:00";"66";"Acidente s";"61";"BR-153/SP";"Sul";"Colisão Traseira";1;0;1;0;0;0;0;0;0;0;2;0;0;0;0
"04/05/2021";"11:28:00";"34";"Acidente s";"5";"BR-153/SP";"Norte";"Colisão Transversal";1;0;1;0;0;0;0;0;0;0;2;0;0;0;0
"04/05/2021";"14:15:00";"47";"Acidente c";"58";"BR-153/SP";"Sul";"Colisão Traseira";1;0;0;1;0;0;0;0;0;0;1;1;0;0;0
"04/05/2021";"14:18:00";"48";"Acidente c";"69";"BR-153/SP";"Norte";"Tombamento de Moto";0;0;0;1;0;0;0;0;0;0;1;1;0;0;0
"04/05/2021";"15:30:00";"56";"Acidente s";"63";"BR-153/SP";"Sul";"Colisão Traseira";0;0;1;0;0;0;0;0;0;1;2;0;0;0;0
"04/05/2021";"16:11:00";"60";"Acidente s";"60";"BR-153/SP";"Sul";"Engavetamento";2;0;0;0;0;0;0;0;0;2;11;0;0;0;0
"05/05/2021";"17:56:00";"58";"Acidente s";"60";"BR-153/SP";"Sul";"Tombamento de Moto";0;0;0;1;0;0;0;0;0;0;1;0;0;0;0
"06/05/2021";"20:40:00";"63";"Acidente s";"174,4";"BR-153/SP";"Sul";"Colisão Transversal";2;0;0;0;0;0;0;0;0;0;4;0;0;0;0
"07/05/2021";"07:44:00";"10";"Acidente s";"60";"BR-153/SP";"Sul";"Engavetamento";2;0;0;0;0;0;0;0;0;1;4;0;0;0;0
"07/05/2021";"08:36:00";"14";"Acidente c";"182,2";"BR-153/SP";"Norte";"Colisão Traseira";0;0;0;0;0;0;0;0;0;2;3;1;0;0;0
"08/05/2021";"14:54:00";"42";"Acidente s";"53";"BR-153/SP";"Sul";"Tombamento de Moto";0;0;0;1;0;0;0;0;0;0;1;0;0;0;0
"08/05/2021";"15:50:00";"45";"Acidente s";"284";"BR-153/SP";"Norte";"Engavetamento";0;0;2;0;0;0;0;0;0;1;3;0;0;0;0
"09/05/2021";"06:29:00";"4";"Acidente c";"210";"BR-153/SP";"Norte";"Saída de Pista";1;0;0;0;0;0;0;0;0;0;0;1;0;0;0
"09/05/2021";"16:02:00";"31";"Acidente c";"1";"BR-153/SP";"Sul";"Colisão Traseira";1;0;0;1;0;0;0;0;0;0;5;1;0;0;0
"10/05/2021";"07:08:00";"10";"Acidente s";"85";"BR-153/SP";"Norte";"Colisão Transversal";1;0;0;0;0;0;0;0;0;1;2;0;0;0;0
"10/05/2021";"18:46:00";"71";"Acidente s";"62";"BR-153/SP";"Norte";"Colisão Traseira";0;0;1;0;0;0;0;0;0;1;4;0;0;0;0
"10/05/2021";"22:59:00";"79";"Acidente s";"60,4";"BR-153/SP";"Sul";"Saída de Pista";1;0;0;0;0;0;0;0;0;0;1;0;0;0;0
"11/05/2021";"08:20:00";"14";"Acidente c";"107";"BR-153/SP";"Norte";"Tombamento de Moto";0;0;0;1;0;0;0;0;0;0;0;1;0;0;0
"12/05/2021";"14:05:00";"48";"Acidente s";"59";"BR-153/SP";"Sul";"Colisão Traseira";1;0;0;0;0;0;0;0;0;0;3;0;0;0;0
"13/05/2021";"17:45:00";"58";"Acidente c";"62";"BR-153/SP";"Norte";"Tombamento de Moto";0;0;0;1;0;0;0;0;0;0;0;1;0;0;0
"14/05/2021";"13:51:00";"35";"Acidente c";"83";"BR-153/SP";"Norte";"Capotamento";1;0;0;0;0;0;0;0;0;0;0;1;1;0;0
"14/05/2021";"18:39:00";"52";"Acidente s";"74";"BR-153/SP";"Sul";"Colisão Traseira";2;0;0;0;0;0;0;0;0;0;2;0;0;0;0
"15/05/2021";"08:27:00";"11";"Acidente c";"56";"BR-153/SP";"Norte";"Tombamento de Moto";0;0;0;1;0;0;0;0;0;0;0;2;0;0;0
"15/05/2021";"08:38:00";"13";"Acidente c";"58";"BR-153/SP";"Norte";"Tombamento de Moto";0;0;0;1;0;0;0;0;0;0;0;0;1;0;0
"15/05/2021";"18:04:00";"47";"Acidente c";"3,85";"BR-153/SP";"Norte";"Capotamento";1;0;0;0;0;0;0;0;0;0;0;4;0;0;0
"16/05/2021";"01:43:00";"4";"Acidente c";"106,02";"BR-153/SP";"Norte";"Atropelamento de Animal";1;0;0;0;0;0;0;0;0;0;0;1;0;0;0
"16/05/2021";"17:42:00";"40";"Acidente s";"60,6";"BR-153/SP";"Norte";"Colisão Traseira";2;0;0;0;0;0;0;0;0;0;5;0;0;0;0
"16/05/2021";"18:14:00";"44";"Acidente s";"313";"BR-153/SP";"Norte";"Saída de Pista";1;0;0;0;0;0;0;0;0;0;2;0;0;0;0
"16/05/2021";"18:40:00";"50";"Acidente c";"115";"BR-153/SP";"Norte";"Colisão Lateral";0;0;1;0;0;0;0;0;0;1;1;1;0;0;0
"17/05/2021";"12:31:00";"42";"Acidente c";"67";"BR-153/SP";"Norte";"Tombamento de Moto";0;0;0;1;0;0;0;0;0;0;0;2;0;0;0
"19/05/2021";"03:36:00";"2";"Acidente c";"73,8";"BR-153/SP";"Sul";"Tombamento de Moto";0;0;0;1;0;0;0;0;0;0;0;2;0;0;0
"19/05/2021";"08:00:00";"10";"Acidente c";"55,97";"BR-153/SP";"Sul";"Tombamento de Moto";0;0;0;1;0;0;0;0;0;0;0;1;0;0;0
"19/05/2021";"08:03:00";"11";"Acidente c";"307,4";"BR-153/SP";"Sul";"Tombamento";0;0;1;0;0;0;0;0;0;0;0;0;1;0;1
"19/05/2021";"18:22:00";"60";"Acidente s";"255";"BR-153/SP";"Norte";"Colisão Traseira";2;0;0;0;0;0;0;0;0;0;3;0;0;0;0
"21/05/2021";"07:30:00";"11";"Acidente c";"174";"BR-153/SP";"Norte";"Colisão Transversal";0;0;0;0;0;0;0;0;0;2;1;1;0;0;0
"21/05/2021";"13:06:00";"42";"Acidente s";"49";"BR-153/SP";"Norte";"Colisão Traseira";2;0;0;0;0;0;0;0;0;0;2;0;0;0;0
"21/05/2021";"18:53:00";"69";"Acidente s";"44";"BR-153/SP";"Norte";"Colisão Transversal";2;0;0;0;0;0;0;0;0;0;7;0;0;0;0
"22/05/2021";"07:54:00";"9";"Acidente s";"74,3";"BR-153/SP";"Norte";"Capotamento";1;0;0;0;0;0;0;0;0;0;1;0;0;0;0
"22/05/2021";"10:18:00";"16";"Acidente c";"227,1";"BR-153/SP";"Sul";"Saída de Pista";1;0;0;0;0;0;0;0;0;0;1;1;0;0;0
"22/05/2021";"13:45:00";"29";"Acidente s";"63,7";"BR-153/SP";"Norte";"Saída de Pista";0;0;0;0;0;0;0;0;0;1;2;0;0;0;0
"23/05/2021";"08:33:00";"7";"Acidente c";"61";"BR-153/SP";"Sul";"Capotamento";1;0;0;0;0;0;0;0;0;0;1;1;0;0;0
"23/05/2021";"13:12:00";"26";"Acidente s";"57";"BR-153/SP";"Sul";"Colisão Traseira";1;0;0;0;0;0;0;0;0;1;2;0;0;0;0
"23/05/2021";"17:02:00";"37";"Acidente c";"175";"BR-153/SP";"Sul";"Colisão Frontal";1;0;1;0;0;0;0;0;0;0;1;0;0;1;0
"23/05/2021";"19:35:00";"45";"Acidente s";"225";"BR-153/SP";"Norte";"Saída de Pista";1;0;0;0;0;0;0;0;0;0;1;0;0;0;0
"24/05/2021";"01:44:00";"3";"Acidente c";"54";"BR-153/SP";"Norte";"Atropelamento de Animal";1;0;1;0;0;0;0;0;0;0;1;1;0;0;0
"24/05/2021";"18:35:00";"55";"Acidente c";"59,3";"BR-153/SP";"Norte";"Tombamento de Moto";0;0;0;1;0;0;0;0;0;0;0;1;0;0;0
"25/05/2021";"09:56:00";"17";"Acidente s";"56";"BR-153/SP";"Sul";"Colisão Traseira";1;0;0;0;0;0;0;0;0;1;3;0;0;0;0
"26/05/2021";"21:29:00";"60";"Acidente s";"39";"BR-153/SP";"Norte";"Saída de Pista";1;0;0;0;0;0;0;0;0;0;2;0;0;0;0
"29/05/2021";"04:39:00";"10";"Acidente s";"112";"BR-153/SP";"Norte";"Saída de Pista";1;0;0;0;0;0;0;0;0;0;2;0;0;0;0
"30/05/2021";"18:29:00";"34";"Acidente s";"60";"BR-153/SP";"Norte";"Saída de Pista";0;0;0;0;0;0;0;0;0;1;1;0;0;0;0
"31/05/2021";"17:38:00";"46";"Acidente s";"60";"BR-153/SP";"Norte";"Colisão Lateral";0;0;1;0;0;0;0;0;0;1;8;0;0;0;0
"01/06/2021";"07:17:00";"6";"Acidente c";"61";"BR-153/SP";"Sul";"Colisão Lateral";1;0;0;1;0;0;0;0;0;0;1;1;0;0;0
"01/06/2021";"17:23:00";"45";"Acidente c";"210,5";"BR-153/SP";"Norte";"Saída de Pista";0;0;0;0;0;0;0;0;0;2;1;7;0;0;0
"02/06/2021";"11:00:00";"19";"Acidente s";"59";"BR-153/SP";"Sul";"Colisão Traseira";2;0;0;0;0;0;0;0;0;0;4;0;0;0;0
"02/06/2021";"12:31:00";"22";"Acidente s";"113";"BR-153/SP";"Norte";"Colisão Lateral";0;0;2;0;0;0;0;0;0;0;2;0;0;0;0
"02/06/2021";"18:51:00";"55";"Acidente s";"108";"BR-153/SP";"Norte";"Colisão Lateral";2;0;0;0;0;0;0;0;0;0;7;0;0;0;0
"04/06/2021";"15:19:00";"31";"Acidente c";"63";"BR-153/SP";"Sul";"Colisão Lateral";1;0;0;1;0;0;0;0;0;0;1;1;0;0;0
"04/06/2021";"19:26:00";"49";"Acidente c";"60";"BR-153/SP";"Norte";"Colisão Lateral";1;0;0;1;0;0;0;0;0;0;4;1;0;0;0
"05/06/2021";"06:00:00";"6";"Acidente c";"71";"BR-153/SP";"Norte";"Tombamento de Moto";0;0;0;1;0;0;0;0;0;0;0;1;0;0;0
"05/06/2021";"22:52:00";"71";"Acidente c";"263,4";"BR-153/SP";"Norte";"Saída de Pista";1;0;0;0;0;0;0;0;0;0;0;1;0;0;0
"07/06/2021";"15:06:00";"39";"Acidente s";"16,1";"BR-153/SP";"Norte";"Colisão Traseira";0;0;0;0;0;0;0;0;0;2;3;0;0;0;0
"08/06/2021";"09:59:00";"25";"Acidente s";"45,48";"BR-153/SP";"Sul";"Saída de Pista";0;0;0;0;0;0;0;0;0;1;4;0;0;0;0
"08/06/2021";"17:44:00";"44";"Acidente s";"61";"BR-153/SP";"Norte";"Colisão Frontal";1;0;1;0;0;0;0;0;0;0;3;0;0;0;0
"09/06/2021";"08:35:00";"10";"Acidente s";"99,3";"BR-153/SP";"Norte";"Capotamento";0;0;0;0;0;0;0;0;0;1;3;0;0;0;0
"09/06/2021";"19:57:00";"56";"Acidente s";"329,1";"BR-153/SP";"Norte";"Saída de Pista";1;0;0;0;0;0;0;0;0;0;1;0;0;0;0
"10/06/2021";"16:50:00";"43";"Acidente s";"257,7";"BR-153/SP";"Norte";"Saída de Pista";0;0;1;0;0;0;0;0;0;0;1;0;0;0;0
"11/06/2021";"06:40:00";"6";"Acidente c";"192";"BR-153/SP";"Sul";"Colisão Traseira";2;0;0;0;0;0;0;0;0;0;0;2;0;0;0
"11/06/2021";"10:38:00";"21";"Acidente s";"170";"BR-153/SP";"Sul";"Saída de Pista";0;0;0;0;0;0;0;0;0;1;2;0;0;0;0