data;horario;n_da_ocorrencia;tipo_de_ocorrencia;km;trecho;sentido;tipo_de_acidente;automovel;bicicleta;caminhao;moto;onibus;outros;tracao_animal;transporte_de_cargas_especiais;trator_maquinas;utilitarios;ilesos;levemente_feridos;moderadamente_feridos;gravemente_feridos;mortos
"24/08/2021";"11:00:00";"24";"Acidente c";"64";"BR-153/SP";"Norte";"Engavetamento";2;0;0;0;0;0;0;0;0;1;2;1;0;0;0
"25/08/2021";"12:52:00";"37";"Acidente s";"195,1";"BR-153/SP";"Sul";"Saída de Pista";0;0;1;0;0;0;0;0;0;0;1;0;0;0;0
"25/08/2021";"21:05:00";"96";"Acidente s";"75,4";"BR-153/SP";"Sul";"Colisão Traseira";2;0;0;0;0;0;0;0;0;0;2;0;0;0;0
"25/08/2021";"22:49:00";"99";"Acidente s";"46";"BR-153/SP";"Sul";"Colisão Traseira";2;0;0;0;0;0;0;0;0;0;4;0;0;0;0
"26/08/2021";"06:28:00";"15";"Acidente c";"317,5";"BR-153/SP";"Sul";"Atropelamento de Animal";0;0;0;1;0;0;0;0;0;0;0;1;0;0;0
"26/08/2021";"17:02:00";"63";"Acidente c";"151,1";"BR-153/SP";"Norte";"Colisão Transversal";1;0;0;1;0;0;0;0;0;0;2;0;1;0;0
"26/08/2021";"19:54:00";"92";"Acidente s";"156,9";"BR-153/SP";"Sul";"Saída de Pista";1;0;0;0;0;0;0;0;0;0;2;0;0;0;0
"26/08/2021";"23:59:00";"99";"Acidente s";"165";"BR-153/SP";"Sul";"Colisão Lateral";0;0;2;0;0;0;0;0;0;1;4;0;0;0;0
"27/08/2021";"17:15:00";"56";"Acidente s";"18";"BR-153/SP";"Sul";"Colisão Transversal";2;0;0;0;0;0;0;0;0;0;4;0;0;0;0
"27/08/2021";"18:26:00";"62";"Acidente c";"72";"BR-153/SP";"Norte";"Colisão Traseira";1;0;0;1;0;0;0;0;0;0;1;1;0;0;0
"28/08/2021";"08:15:00";"12";"Acidente s";"65";"BR-153/SP";"Sul";"Colisão Traseira";1;0;1;0;0;0;0;0;0;0;1;0;0;0;0
"28/08/2021";"11:40:00";"34";"Acidente s";"61";"BR-153/SP";"Norte";"Colisão Lateral";1;0;1;0;0;0;0;0;0;0;3;0;0;0;0
"28/08/2021";"11:41:00";"35";"Acidente c";"121,9";"BR-153/SP";"Norte";"Colisão Lateral";1;0;2;0;0;0;0;0;0;0;2;0;1;0;0
"28/08/2021";"15:39:00";"52";"Acidente s";"64,1";"BR-153/SP";"Norte";"Engavetamento";3;0;0;0;0;0;0;0;0;1;7;0;0;0;0
"30/08/2021";"06:15:00";"1";"Acidente c";"46";"BR-153/SP";"Sul";"Colisão Lateral";1;0;0;0;0;0;0;0;0;1;1;1;0;0;0
"30/08/2021";"07:23:00";"4";"Acidente c";"63";"BR-153/SP";"Norte";"Tombamento de Moto";0;0;0;1;0;0;0;0;0;0;0;1;0;0;0
"30/08/2021";"17:05:00";"56";"Acidente s";"134,05";"BR-153/SP";"Sul";"Capotamento";0;0;1;0;0;0;0;0;0;0;2;0;0;0;0
"31/08/2021";"07:58:00";"15";"Acidente s";"65";"BR-153/SP";"Norte";"Engavetamento";2;0;0;0;0;0;0;0;0;1;3;0;0;0;0
"31/08/2021";"16:48:00";"82";"Acidente s";"221,6";"BR-153/SP";"Norte";"Colisão Lateral";0;0;1;0;0;0;0;0;0;1;4;0;0;0;0
"31/08/2021";"18:25:00";"89";"Acidente s";"64";"BR-153/SP";"Norte";"Colisão Traseira";1;0;1;0;0;0;0;0;0;0;3;0;0;0;0
"02/09/2021";"20:15:00";"76";"Acidente c";"64,5";"BR-153/SP";"Norte";"Colisão Traseira";2;0;0;0;0;0;0;0;0;0;2;1;0;0;0
"03/09/2021";"13:21:00";"32";"Acidente s";"163";"BR-153/SP";"Sul";"Saída de Pista";0;0;1;0;0;0;0;0;0;0;2;0;0;0;0
"03/09/2021";"19:13:00";"71";"Acidente s";"220,8";"BR-153/SP";"Norte";"Atropelamento de Animal";1;0;0;0;0;0;0;0;0;0;1;0;0;0;0
"03/09/2021";"22:23:00";"84";"Acidente s";"54";"BR-153/SP";"Norte";"Colisão Traseira";1;0;0;0;0;0;0;0;0;1;4;0;0;0;0
"05/09/2021";"11:25:00";"20";"Acidente c";"64";"BR-153/SP";"Norte";"Tombamento de Moto";0;0;0;1;0;0;0;0;0;0;0;1;0;0;0
"05/09/2021";"18:46:00";"49";"Acidente c";"50,05";"BR-153/SP";"Sul";"Tombamento de Moto";0;0;0;1;0;0;0;0;0;0;0;0;2;0;0
"05/09/2021";"19:56:00";"58";"Acidente s";"58";"BR-153/SP";"Norte";"Colisão Lateral";0;0;1;0;0;0;0;0;0;1;5;0;0;0;0
"05/09/2021";"22:51:00";"65";"Acidente s";"24,5";"BR-153/SP";"Norte";"Saída de Pista";1;0;0;0;0;0;0;0;0;0;2;0;0;0;0
"06/09/2021";"08:17:00";"20";"Acidente c";"64";"BR-153/SP";"Norte";"Colisão Lateral";0;0;0;1;0;0;0;0;0;1;2;1;0;0;0
"07/09/2021";"01:44:00";"1";"Acidente c";"72,7";"BR-153/SP";"Sul";"Tombamento de Moto";1;0;0;0;0;0;0;0;0;0;0;1;0;0;0
"07/09/2021";"18:59:00";"60";"Acidente s";"137,6";"BR-153/SP";"Norte";"Colisão Lateral";1;0;0;0;0;1;0;0;0;0;2;0;0;0;0
"08/09/2021";"14:50:00";"56";"Acidente s";"149,7";"BR-153/SP";"Sul";"Capotamento";1;0;0;0;0;0;0;0;0;0;3;0;0;0;0
"09/09/2021";"00:34:00";"1";"Acidente s";"344";"BR-153/SP";"Norte";"Atropelamento de Animal";1;0;0;0;0;0;0;0;0;0;1;0;0;0;0
"09/09/2021";"15:00:00";"44";"Acidente c";"208";"BR-153/SP";"Norte";"Colisão Transversal";1;0;0;0;0;0;0;0;0;1;1;2;0;0;0
"10/09/2021";"18:35:00";"44";"Acidente c";"39,5";"BR-153/SP";"Norte";"Colisão Transversal";1;0;0;0;0;0;0;0;0;1;1;1;1;0;0
"11/09/2021";"03:45:00";"2";"Acidente s";"82";"BR-153/SP";"Norte";"Saída de Pista";1;0;0;0;0;0;0;0;0;0;4;0;0;0;0
"11/09/2021";"17:24:00";"38";"Acidente c";"27";"BR-153/SP";"Norte";"Saída de Pista";0;0;0;0;0;0;0;0;0;1;0;1;0;0;0
"11/09/2021";"18:40:00";"45";"Acidente c";"108";"BR-153/SP";"Norte";"Colisão Transversal";2;0;0;0;0;0;0;0;0;0;3;1;0;0;0
"11/09/2021";"19:27:00";"50";"Acidente c";"58,4";"BR-153/SP";"Norte";"Tombamento de Moto";0;0;0;1;0;0;0;0;0;0;0;1;0;0;0
"12/09/2021";"02:07:00";"3";"Acidente s";"107,3";"BR-153/SP";"Sul";"Saída de Pista";1;0;0;0;0;0;0;0;0;0;1;0;0;0;0
"12/09/2021";"02:53:00";"4";"Acidente s";"62";"BR-153/SP";"Norte";"Saída de Pista";1;0;0;0;0;0;0;0;0;0;1;0;0;0;0
"12/09/2021";"07:11:00";"10";"Acidente s";"337";"BR-153/SP";"Sul";"Saída de Pista";1;0;0;0;0;0;0;0;0;0;1;0;0;0;0
"12/09/2021";"15:37:00";"55";"Acidente s";"122,5";"BR-153/SP";"Sul";"Tombamento de Moto";0;0;0;1;0;0;0;0;0;0;1;0;0;0;0
"12/09/2021";"21:22:00";"93";"Acidente c";"71";"BR-153/SP";"Norte";"Capotamento";1;0;0;0;0;0;0;0;0;0;0;1;0;0;0
"12/09/2021";"22:33:00";"95";"Acidente c";"106,6";"BR-153/SP";"Sul";"Colisão Lateral";0;0;0;1;0;0;0;0;0;1;2;1;0;0;0
"13/09/2021";"07:56:00";"14";"Acidente s";"64";"BR-153/SP";"Norte";"Colisão Lateral";1;0;1;0;0;0;0;0;0;0;2;0;0;0;0
"14/09/2021";"21:41:00";"70";"Acidente s";"72,7";"BR-153/SP";"Sul";"Saída de Pista";1;0;0;0;0;0;0;0;0;0;1;0;0;0;0
"15/09/2021";"19:42:00";"87";"Acidente s";"71,5";"BR-153/SP";"Norte";"Colisão Lateral";1;0;0;0;0;0;0;0;0;0;3;0;0;0;0
"16/09/2021";"09:49:00";"14";"Acidente c";"61";"BR-153/SP";"Sul";"Colisão Traseira";0;0;1;1;0;0;0;0;0;0;1;0;0;0;1
"16/09/2021";"11:53:00";"18";"Acidente s";"62";"BR-153/SP";"Norte";"Colisão Traseira";2;0;0;0;0;0;0;0;0;0;3;0;0;0;0
"16/09/2021";"22:15:00";"61";"Acidente s";"1,4";"BR-153/SP";"Sul";"Colisão Lateral";1;0;1;0;0;0;0;0;0;0;3;0;0;0;0
"17/09/2021";"15:58:00";"40";"Acidente s";"275,4";"BR-153/SP";"Sul";"Colisão Traseira";0;0;1;0;0;0;0;0;0;1;2;0;0;0;0
"18/09/2021";"19:02:00";"69";"Acidente c";"27,7";"BR-153/SP";"Sul";"Colisão Transversal";1;0;0;0;0;0;0;0;0;1;2;3;0;0;0
"20/09/2021";"00:27:00";"1";"Acidente c";"14";"BR-153/SP";"Norte";"Saída de Pista";1;0;0;0;0;0;0;0;0;0;0;1;1;0;0
"20/09/2021";"07:43:00";"10";"Acidente s";"64";"BR-153/SP";"Norte";"Colisão Traseira";1;0;1;0;0;0;0;0;0;0;2;0;0;0;0
"20/09/2021";"17:38:00";"80";"Acidente c";"68";"BR-153/SP";"Norte";"Capotamento";1;0;0;0;0;0;0;0;0;0;0;1;0;0;0
"20/09/2021";"17:55:00";"85";"Acidente c";"72";"BR-153/SP";"Sul";"Tombamento de Moto";0;0;0;1;0;0;0;0;0;0;1;1;0;0;0
"20/09/2021";"18:26:00";"88";"Acidente s";"63";"BR-153/SP";"Norte";"Colisão Transversal";1;0;1;0;0;0;0;0;0;0;2;0;0;0;0
"22/09/2021";"09:20:00";"12";"Acidente c";"155";"BR-153/SP";"Sul";"Colisão Frontal";1;0;0;0;0;0;0;0;0;1;1;3;1;0;0
"22/09/2021";"10:39:00";"24";"Acidente c";"30";"BR-153/SP";"Norte";"Colisão Transversal";1;0;1;0;0;0;0;0;0;0;1;1;0;0;0
"24/09/2021";"17:06:00";"41";"Acidente c";"64";"BR-153/SP";"Norte";"Colisão Traseira";1;0;1;0;0;0;0;0;0;0;4;1;0;0;0
"24/09/2021";"17:53:00";"44";"Acidente c";"75,8";"BR-153/SP";"Sul";"Tombamento de Moto";0;0;0;1;0;0;0;0;0;0;0;2;0;0;0
"24/09/2021";"19:19:00";"53";"Acidente c";"38";"BR-153/SP";"Sul";"Saída de Pista";0;0;0;1;0;0;0;0;0;0;0;1;0;0;0
"25/09/2021";"13:14:00";"30";"Acidente s";"61";"BR-153/SP";"Norte";"Colisão Traseira";1;0;1;0;0;0;0;0;0;0;3;0;0;0;0
"25/09/2021";"16:05:00";"49";"Acidente s";"61,2";"BR-153/SP";"Sul";"Colisão Traseira";1;0;0;0;0;1;0;0;0;0;3;0;0;0;0
"28/09/2021";"23:46:00";"83";"Acidente s";"98,9";"BR-153/SP";"Norte";"Colisão Traseira";1;0;1;0;0;0;0;0;0;0;5;0;0;0;0
"29/09/2021";"00:31:00";"1";"Acidente c";"44";"BR-153/SP";"Norte";"Colisão Frontal";1;0;1;0;0;0;0;0;0;0;1;1;1;2;0
"29/09/2021";"07:02:00";"15";"Acidente s";"192";"BR-153/SP";"Norte";"Tombamento de Moto";0;0;0;1;0;0;0;0;0;0;2;0;0;0;0
"29/09/2021";"10:34:00";"31";"Acidente s";"46";"BR-153/SP";"Norte";"Tombamento";0;0;0;0;0;0;0;0;0;1;2;0;0;0;0
"30/09/2021";"11:29:00";"48";"Acidente c";"92,4";"BR-153/SP";"Sul";"Engavetamento";2;0;0;0;0;0;0;0;0;2;3;2;0;0;0
"30/09/2021";"11:44:00";"50";"Acidente s";"93,4";"BR-153/SP";"Sul";"Engavetamento";0;0;2;0;0;0;0;0;0;1;3;0;0;0;0
"30/09/2021";"17:49:00";"92";"Acidente s";"63";"BR-153/SP";"Norte";"Colisão Lateral";0;0;1;0;0;0;0;0;0;1;2;0;0;0;0
"01/10/2021";"07:47:00";"15";"Acidente c";"82";"BR-153/SP";"Norte";"Colisão Transversal";0;0;0;1;0;0;0;0;0;1;1;1;0;0;0
"01/10/2021";"10:03:00";"31";"Acidente c";"64";"BR-153/SP";"Sul";"Colisão Lateral";0;0;1;1;0;0;0;0;0;0;2;1;0;0;0
"01/10/2021";"14:39:00";"56";"Acidente s";"278,4";"BR-153/SP";"Sul";"Saída de Pista";1;0;0;0;0;0;0;0;0;0;1;0;0;0;0
"01/10/2021";"18:41:00";"79";"Acidente c";"74,2";"BR-153/SP";"Norte";"Saída de Pista";1;0;0;0;0;0;0;0;0;0;0;2;0;0;0
"02/10/2021";"00:43:00";"1";"Acidente s";"112";"BR-153/SP";"Norte";"Saída de Pista";1;0;0;0;0;0;0;0;0;0;5;0;0;0;0
"03/10/2021";"12:51:00";"31";"Acidente s";"344";"BR-153/SP";"Norte";"Saída de Pista";1;0;0;0;0;0;0;0;0;0;2;0;0;0;0
"03/10/2021";"18:34:00";"58";"Acidente c";"2";"BR-153/SP";"Sul";"Colisão Frontal";1;0;0;1;0;0;0;0;0;0;2;0;1;0;0
"05/10/2021";"13:21:00";"19";"Acidente s";"183,8";"BR-153/SP";"Norte";"Colisão Traseira";2;0;0;0;0;0;0;0;0;0;3;0;0;0;0
"05/10/2021";"14:57:00";"25";"Acidente s";"3,2";"BR-153/SP";"Sul";"Colisão Transversal";2;0;0;0;0;0;0;0;0;0;6;0;0;0;0
"05/10/2021";"21:42:00";"50";"Acidente c";"51,6";"BR-153/SP";"Sul";"Colisão Transversal";2;0;0;0;0;0;0;0;0;0;2;1;1;1;0
"06/10/2021";"07:38:00";"18";"Acidente c";"50";"BR-153/SP";"Sul";"Colisão Traseira";0;0;0;1;0;0;0;0;0;1;1;0;2;0;0
"06/10/2021";"09:09:00";"25";"Acidente s";"337,2";"BR-153/SP";"Norte";"Saída de Pista";1;0;0;0;0;0;0;0;0;0;1;0;0;0;0
"07/10/2021";"06:28:00";"12";"Acidente s";"268,1";"BR-153/SP";"Norte";"Colisão Frontal";0;0;2;0;0;0;0;0;0;0;3;0;0;0;0
"07/10/2021";"07:13:00";"14";"Acidente c";"191,5";"BR-153/SP";"Sul";"Tombamento de Moto";0;0;0;1;0;0;0;0;0;0;0;1;0;0;0
"08/10/2021";"07:01:00";"10";"Acidente c";"62";"BR-153/SP";"Sul";"Colisão Lateral";1;0;0;1;0;0;0;0;0;0;1;2;0;0;0
"08/10/2021";"07:13:00";"12";"Acidente s";"61,9";"BR-153/SP";"Sul";"Colisão Traseira";1;0;1;0;0;0;0;0;0;0;3;0;0;0;0
"09/10/2021";"08:31:00";"9";"Acidente c";"274";"BR-153/SP";"Norte";"Tombamento";0;0;1;0;0;0;0;0;0;0;0;0;1;0;0
"09/10/2021";"10:31:00";"19";"Acidente s";"189";"BR-153/SP";"Norte";"Colisão Traseira";1;0;0;0;0;0;0;0;0;0;4;0;0;0;0
"09/10/2021";"13:52:00";"33";"Acidente c";"61,6";"BR-153/SP";"Sul";"Engavetamento";2;0;0;0;0;1;0;0;0;0;1;2;0;0;0
"09/10/2021";"15:03:00";"44";"Acidente s";"27,6";"BR-153/SP";"Norte";"Colisão Traseira";1;0;0;0;0;1;0;0;0;0;2;0;0;0;0
"09/10/2021";"15:49:00";"50";"Acidente c";"120";"BR-153/SP";"Sul";"Colisão Transversal";2;0;0;0;0;0;0;0;0;0;2;3;2;0;0
"09/10/2021";"18:59:00";"62";"Acidente c";"49";"BR-153/SP";"Sul";"Colisão Transversal";0;0;0;0;0;0;0;0;0;2;4;2;0;0;0
"10/10/2021";"03:57:00";"7";"Acidente c";"103,7";"BR-153/SP";"Sul";"Colisão Frontal";1;0;1;0;0;0;0;0;0;0;1;0;1;0;0
"12/10/2021";"06:10:00";"5";"Acidente c";"53,5";"BR-153/SP";"Sul";"Tombamento de Moto";0;0;0;1;0;0;0;0;0;0;0;2;0;0;0
"12/10/2021";"13:05:00";"20";"Acidente s";"160";"BR-153/SP";"Sul";"Saída de Pista";1;0;0;0;0;0;0;0;0;0;2;0;0;0;0
"12/10/2021";"14:12:00";"24";"Acidente s";"99";"BR-153/SP";"Norte";"Colisão Lateral";1;0;1;0;0;0;0;0;0;0;5;0;0;0;0
"12/10/2021";"19:41:00";"52";"Acidente c";"86,8";"BR-153/SP";"Norte";"Saída de Pista";1;0;0;0;0;0;0;0;0;0;0;1;0;0;0
"13/10/2021";"03:01:00";"4";"Acidente c";"82,9";"BR-153/SP";"Sul";"Capotamento";1;0;0;0;0;0;0;0;0;0;0;1;1;0;0
"13/10/2021";"08:21:00";"16";"Acidente s";"59";"BR-153/SP";"Norte";"Colisão Lateral";1;0;1;0;0;0;0;0;0;0;4;0;0;0;0
"13/10/2021";"08:48:00";"19";"Acidente s";"126";"BR-153/SP";"Sul";"Saída de Pista";1;0;0;0;0;0;0;0;0;0;2;0;0;0;0
"13/10/2021";"21:00:00";"77";"Acidente c";"43,4";"BR-153/SP";"Norte";"Atropelamento  de Pedestre";1;0;0;0;0;0;0;0;0;0;2;0;0;1;0
"14/10/2021";"08:00:00";"10";"Acidente c";"57";"BR-153/SP";"Sul";"Tombamento de Moto";0;0;0;1;0;0;0;0;0;0;0;1;0;0;0
"14/10/2021";"10:14:00";"26";"Acidente s";"109";"BR-153/SP";"Norte";"Queda de carga sobre a pista";1;0;1;0;0;0;0;0;0;0;8;0;0;0;0
"15/10/2021";"19:30:00";"67";"Acidente c";"177";"BR-153/SP";"Norte";"Tombamento de Moto";0;0;0;1;0;0;0;0;0;0;0;0;1;0;0
"15/10/2021";"19:57:00";"74";"Acidente s";"256";"BR-153/SP";"Sul";"Colisão Traseira";1;0;0;0;0;0;0;0;0;1;4;0;0;0;0
"16/10/2021";"09:06:00";"24";"Acidente s";"61,5";"BR-153/SP";"Sul";"Engavetamento";1;0;1;0;0;0;0;0;0;1;5;0;0;0;0
"16/10/2021";"11:13:00";"44";"Acidente c";"257,6";"BR-153/SP";"Norte";"Tombamento de Moto";0;0;0;1;0;0;0;0;0;0;0;1;0;0;0
"16/10/2021";"13:07:00";"52";"Acidente c";"205,8";"BR-153/SP";"Norte";"Saída de Pista";1;0;0;0;0;0;0;0;0;0;0;0;1;0;0
"16/10/2021";"19:09:00";"75";"Acidente c";"142";"BR-153/SP";"Sul";"Colisão Frontal";1;0;0;0;0;0;0;0;0;1;0;1;3;0;0
"16/10/2021";"19:53:00";"80";"Acidente c";"259";"BR-153/SP";"Norte";"Atropelamento de Ciclista";1;1;0;0;0;0;0;0;0;0;3;0;1;0;0
"16/10/2021";"23:19:00";"86";"Acidente s";"54,5";"BR-153/SP";"Sul";"Saída de Pista";1;0;0;0;0;0;0;0;0;0;2;0;0;0;0
"17/10/2021";"04:53:00";"10";"Acidente s";"35,8";"BR-153/SP";"Norte";"Colisão Traseira";1;0;0;0;0;0;0;0;0;0;2;0;0;0;0
"17/10/2021";"17:15:00";"50";"Acidente c";"53,4";"BR-153/SP";"Sul";"Tombamento de Moto";0;0;0;1;0;0;0;0;0;0;0;1;0;0;0
"17/10/2021";"23:43:00";"73";"Acidente s";"57";"BR-153/SP";"Sul";"Choque contra Objeto Fixo";0;0;0;0;0;0;0;0;0;1;1;0;0;0;0
"17/10/2021";"23:52:00";"74";"Acidente s";"63,7";"BR-153/SP";"Sul";"Tombamento de Moto";1;0;0;1;0;0;0;0;0;0;3;0;0;0;0
"18/10/2021";"09:44:00";"28";"Acidente s";"149,1";"BR-153/SP";"Sul";"Colisão Traseira";0;0;2;0;0;0;0;0;0;0;3;0;0;0;0
"18/10/2021";"21:01:00";"76";"Acidente c";"268,1";"BR-153/SP";"Sul";"Colisão Traseira";0;0;0;1;0;0;0;0;0;1;1;0;1;0;0
"18/10/2021";"21:05:00";"78";"Acidente s";"63,8";"BR-153/SP";"Sul";"Capotamento";1;0;0;0;0;0;0;0;0;0;1;0;0;0;0
"19/10/2021";"09:22:00";"14";"Acidente s";"65";"BR-153/SP";"Norte";"Colisão Lateral";0;0;2;0;0;0;0;0;0;0;4;0;0;0;0
"19/10/2021";"17:44:00";"57";"Acidente s";"63,95";"BR-153/SP";"Sul";"Tombamento de Moto";0;0;0;1;0;0;0;0;0;0;1;0;0;0;0
"19/10/2021";"20:03:00";"69";"Acidente c";"159,8";"BR-153/SP";"Norte";"Colisão Traseira";1;0;0;0;0;0;0;0;0;1;2;2;0;0;0
"20/10/2021";"18:31:00";"54";"Acidente s";"69,7";"BR-153/SP";"Norte";"Colisão Lateral";1;0;1;0;0;0;0;0;0;0;2;0;0;0;0
"21/10/2021";"15:02:00";"43";"Acidente s";"85,2";"BR-153/SP";"Norte";"Colisão Lateral";1;0;1;0;0;0;0;0;0;0;2;0;0;0;0
"22/10/2021";"08:06:00";"21";"Acidente s";"63";"BR-153/SP";"Sul";"Colisão Traseira";2;0;0;0;0;0;0;0;0;0;2;0;0;0;0
"22/10/2021";"16:07:00";"57";"Acidente s";"63,7";"BR-153/SP";"Norte";"Colisão Traseira";1;0;1;0;0;0;0;0;0;0;3;0;0;0;0
"22/10/2021";"16:20:00";"59";"Acidente s";"63,7";"BR-153/SP";"Norte";"Colisão Transversal";1;0;1;0;0;0;0;0;0;0;3;0;0;0;0
"22/10/2021";"16:27:00";"60";"Acidente s";"63,7";"BR-153/SP";"Norte";"Colisão Transversal";1;0;1;0;0;0;0;0;0;0;2;0;0;0;0
"22/10/2021";"16:42:00";"61";"Acidente s";"63,7";"BR-153/SP";"Norte";"Colisão Transversal";1;0;1;0;0;0;0;0;0;0;2;0;0;0;0
"22/10/2021";"17:35:00";"65";"Acidente s";"61,5";"BR-153/SP";"Norte";"Colisão Traseira";1;0;1;0;0;0;0;0;0;0;3;0;0;0;0
"22/10/2021";"17:53:00";"66";"Acidente c";"62,7";"BR-153/SP";"Norte";"Tombamento de Moto";0;0;0;1;0;0;0;0;0;0;0;1;0;0;0
"22/10/2021";"18:25:00";"69";"Acidente c";"75,5";"BR-153/SP";"Sul";"Colisão Traseira";1;0;0;1;0;0;0;0;0;0;1;1;0;0;0
"22/10/2021";"18:55:00";"72";"Acidente s";"75,5";"BR-153/SP";"Sul";"Colisão Lateral";1;0;0;0;0;0;0;0;0;1;2;0;0;0;0
"23/10/2021";"09:04:00";"19";"Acidente s";"64";"BR-153/SP";"Norte";"Colisão Lateral";1;0;1;0;0;0;0;0;0;0;4;0;0;0;0
"23/10/2021";"18:27:00";"62";"Acidente c";"66,4";"BR-153/SP";"Norte";"Tombamento de Moto";0;0;0;1;0;0;0;0;0;0;0;2;0;0;0
"24/10/2021";"09:42:00";"54";"Acidente c";"55";"BR-153/SP";"Norte";"Tombamento de Moto";0;0;0;1;0;0;0;0;0;0;0;2;0;0;0
"24/10/2021";"16:13:00";"101";"Acidente s";"64";"BR-153/SP";"Sul";"Engavetamento";1;0;0;0;0;0;0;0;0;0;1;0;0;0;0
"24/10/2021";"17:18:00";"109";"Acidente c";"79,7";"BR-153/SP";"Norte";"Saída de Pista";1;0;2;0;0;0;0;0;0;0;3;0;1;0;0
"25/10/2021";"04:34:00";"3";"Acidente s";"71,5";"BR-153/SP";"Norte";"Colisão Lateral";0;0;2;0;0;0;0;0;0;0;3;0;0;0;0
"25/10/2021";"19:45:00";"92";"Acidente s";"203";"BR-153/SP";"Sul";"Atropelamento de Animal";2;0;0;0;0;0;0;0;0;0;5;0;0;0;0
"26/10/2021";"07:17:00";"12";"Acidente c";"73";"BR-153/SP";"Sul";"Colisão Lateral";1;1;0;0;0;0;0;0;0;0;0;2;0;0;0
"26/10/2021";"09:30:00";"33";"Acidente c";"97,8";"BR-153/SP";"Sul";"Saída de Pista";1;0;0;0;0;0;0;0;0;0;0;1;0;0;0
"26/10/2021";"18:35:00";"82";"Acidente s";"42,8";"BR-153/SP";"Sul";"Colisão Frontal";1;0;1;0;0;0;0;0;0;0;6;0;0;0;0
"27/10/2021";"10:06:00";"32";"Acidente c";"174,4";"BR-153/SP";"Sul";"Colisão Transversal";0;0;2;0;0;0;0;0;0;0;2;1;0;0;0
"27/10/2021";"15:54:00";"70";"Acidente s";"184,05";"BR-153/SP";"Sul";"Choque contra Objeto Fixo";0;0;1;0;0;0;0;0;0;0;1;0;0;0;0
"27/10/2021";"16:27:00";"73";"Acidente c";"64";"BR-153/SP";"Sul";"Saída de Pista";1;0;1;0;0;1;0;0;0;0;1;1;0;0;0
"27/10/2021";"17:30:00";"79";"Acidente s";"64,15";"BR-153/SP";"Norte";"Colisão Traseira";1;0;1;0;0;0;0;0;0;0;2;0;0;0;0
"28/10/2021";"07:27:00";"14";"Acidente s";"164,2";"BR-153/SP";"Norte";"Tombamento de Moto";0;0;0;1;0;0;0;0;0;0;1;0;0;0;0
"29/10/2021";"07:08:00";"3";"Acidente s";"72,4";"BR-153/SP";"Norte";"Colisão Lateral";0;0;0;2;0;0;0;0;0;0;2;0;0;0;0
"29/10/2021";"12:45:00";"25";"Acidente c";"228,4";"BR-153/SP";"Norte";"Colisão Traseira";1;0;0;1;0;0;0;0;0;0;1;0;0;0;1
"29/10/2021";"17:00:00";"51";"Acidente s";"59,2";"BR-153/SP";"Norte";"Colisão Lateral";1;0;1;0;0;0;0;0;0;0;3;0;0;0;0
"30/10/2021";"09:09:00";"24";"Acidente c";"64,5";"BR-153/SP";"Sul";"Tombamento de Moto";0;0;0;1;0;0;0;0;0;0;0;1;0;0;0
"30/10/2021";"21:37:00";"67";"Acidente c";"98";"BR-153/SP";"Norte";"Colisão Frontal";2;0;0;0;0;0;0;0;0;0;1;1;0;1;0
"31/10/2021";"06:19:00";"4";"Acidente s";"42";"BR-153/SP";"Norte";"Saída de Pista";1;0;0;0;0;0;0;0;0;0;2;0;0;0;0
"31/10/2021";"13:03:00";"24";"Acidente s";"342";"BR-153/SP";"Norte";"Saída de Pista";1;0;0;0;0;0;0;0;0;0;3;0;0;0;0
"01/11/2021";"03:10:00";"5";"Acidente s";"64";"BR-153/SP";"Norte";"Saída de Pista";1;0;0;0;0;0;0;0;0;0;2;0;0;0;0
"01/11/2021";"12:54:00";"45";"Acidente s";"75";"BR-153/SP";"Sul";"Colisão Traseira";1;0;1;0;0;0;0;0;0;0;4;0;0;0;0
"01/11/2021";"18:30:00";"68";"Acidente s";"193,4";"BR-153/SP";"Norte";"Colisão Traseira";1;0;0;0;0;0;0;0;0;1;4;0;0;0;0
"03/11/2021";"06:37:00";"9";"Acidente s";"35,8";"BR-153/SP";"Sul";"Colisão Traseira";0;0;1;0;0;0;0;0;0;1;2;0;0;0;0
"03/11/2021";"07:14:00";"11";"Acidente s";"325,7";"BR-153/SP";"Norte";"Tombamento";0;0;1;0;0;0;0;0;0;0;1;0;0;0;0
"03/11/2021";"11:09:00";"27";"Acidente c";"78";"BR-153/SP";"Norte";"Engavetamento";2;0;1;0;0;0;0;0;0;0;5;1;0;0;0
"04/11/2021";"07:01:00";"8";"Acidente s";"329";"BR-153/SP";"Norte";"Colisão Lateral";1;0;1;0;0;0;0;0;0;0;2;0;0;0;0
"04/11/2021";"08:01:00";"17";"Acidente s";"64";"BR-153/SP";"Norte";"Tombamento";0;0;1;0;0;0;0;0;0;0;1;0;0;0;0
"04/11/2021";"08:50:00";"21";"Acidente s";"52";"BR-153/SP";"Norte";"Colisão Transversal";1;0;1;0;0;0;0;0;0;0;2;0;0;0;0
"05/11/2021";"19:04:00";"83";"Acidente s";"54,4";"BR-153/SP";"Sul";"Tombamento de Moto";0;0;0;1;0;0;0;0;0;0;1;0;0;0;0
"05/11/2021";"20:22:00";"88";"Acidente c";"87,6";"BR-153/SP";"Norte";"Saída de Pista";1;0;0;0;0;0;0;0;0;0;1;1;0;0;0
"06/11/2021";"01:59:00";"2";"Acidente c";"53";"BR-153/SP";"Norte";"Saída de Pista";0;0;0;1;0;0;0;0;0;0;0;0;1;0;0
"06/11/2021";"13:15:00";"26";"Acidente s";"61,8";"BR-153/SP";"Sul";"Colisão Lateral";1;0;1;0;0;0;0;0;0;0;2;0;0;0;0