data;horario;n_da_ocorrencia;tipo_de_ocorrencia;km;trecho;sentido;tipo_de_acidente;automovel;bicicleta;caminhao;moto;onibus;outros;tracao_animal;transporte_de_cargas_especiais;trator_maquinas;utilitarios;ilesos;levemente_feridos;moderadamente_feridos;gravemente_feridos;mortos
"26/01/2022";"13:25:00";"61";"Acidente s";"31,9";"BR-153/SP";"Norte";"Colisão Transversal";1;0;1;0;0;0;0;0;0;0;2;0;0;0;0
"26/01/2022";"23:27:00";"90";"Acidente s";"15";"BR-153/SP";"Sul";"Saída de Pista";1;0;0;0;0;0;0;0;0;0;1;0;0;0;0
"27/01/2022";"00:05:00";"1";"Acidente s";"15";"BR-153/SP";"Norte";"Colisão Frontal";1;0;1;0;0;0;0;0;0;0;2;0;0;0;0
"27/01/2022";"09:15:00";"23";"Acidente c";"255";"BR-153/SP";"Sul";"Tombamento de Moto";0;0;0;1;0;0;0;0;0;0;0;0;1;0;0
"28/01/2022";"13:20:00";"51";"Acidente c";"58,8";"BR-153/SP";"Norte";"Colisão Traseira";0;0;2;0;0;0;0;0;0;0;1;0;1;0;0
"28/01/2022";"14:51:00";"55";"Acidente s";"199,8";"BR-153/SP";"Sul";"Saída de Pista";0;0;1;0;0;0;0;0;0;0;1;0;0;0;0
"28/01/2022";"21:53:00";"78";"Acidente s";"203";"BR-153/SP";"Norte";"Saída de Pista";1;0;0;0;0;0;0;0;0;0;1;0;0;0;0
"30/01/2022";"07:55:00";"10";"Acidente c";"75,6";"BR-153/SP";"Sul";"Tombamento de Moto";0;0;0;1;0;0;0;0;0;0;0;1;0;0;0
"01/02/2022";"08:27:00";"17";"Acidente s";"62,5";"BR-153/SP";"Sul";"Engavetamento";2;0;0;0;0;0;0;0;0;3;11;0;0;0;0
"01/02/2022";"13:07:00";"47";"Acidente s";"45";"BR-153/SP";"Norte";"Colisão Transversal";1;0;1;0;0;0;0;0;0;0;4;0;0;0;0
"01/02/2022";"17:38:00";"79";"Acidente s";"32";"BR-153/SP";"Norte";"Tombamento de Moto";0;0;0;1;0;0;0;0;0;0;1;0;0;0;0
"02/02/2022";"08:22:00";"20";"Acidente s";"61,9";"BR-153/SP";"Sul";"Colisão Traseira";1;0;1;0;0;0;0;0;0;0;3;0;0;0;0
"02/02/2022";"09:15:00";"28";"Acidente c";"344";"BR-153/SP";"Norte";"Saída de Pista";0;0;1;0;0;0;0;0;0;0;0;0;1;0;0
"03/02/2022";"17:19:00";"60";"Acidente s";"62";"BR-153/SP";"Sul";"Colisão Traseira";1;0;0;0;0;0;0;0;0;1;2;0;0;0;0
"04/02/2022";"00:47:00";"3";"Acidente s";"44";"BR-153/SP";"Sul";"Saída de Pista";0;0;0;0;0;0;0;0;0;1;1;0;0;0;0
"05/02/2022";"09:59:00";"26";"Acidente s";"0";"BR-153/SP";"Norte";"Colisão Traseira";2;0;1;0;0;0;0;0;0;0;5;0;0;0;0
"05/02/2022";"17:57:00";"56";"Acidente c";"157";"BR-153/SP";"Norte";"Colisão Frontal";1;0;1;0;0;0;0;0;0;0;1;0;0;0;1
"05/02/2022";"21:05:00";"74";"Acidente c";"63,5";"BR-153/SP";"Sul";"Colisão Traseira";0;0;0;2;0;0;0;0;0;0;1;0;0;1;0
"06/02/2022";"15:17:00";"38";"Acidente s";"57,6";"BR-153/SP";"Sul";"Saída de Pista";1;0;0;0;0;0;0;0;0;0;2;0;0;0;0
"06/02/2022";"19:48:00";"64";"Acidente s";"39,5";"BR-153/SP";"Sul";"Saída de Pista";0;0;0;0;0;0;0;0;0;1;1;0;0;0;0
"07/02/2022";"07:37:00";"13";"Acidente s";"73,5";"BR-153/SP";"Norte";"Colisão Traseira";2;0;0;0;0;0;0;0;0;0;2;0;0;0;0
"07/02/2022";"16:01:00";"40";"Acidente s";"64";"BR-153/SP";"Norte";"Colisão Traseira";1;0;0;0;0;0;0;0;0;1;3;0;0;0;0
"08/02/2022";"13:38:00";"46";"Acidente c";"219";"BR-153/SP";"Norte";"Saída de Pista";0;0;0;1;0;0;0;0;0;0;0;1;0;0;0
"09/02/2022";"07:04:00";"12";"Acidente s";"61,05";"BR-153/SP";"Sul";"Engavetamento";2;0;0;0;1;0;0;0;0;0;14;0;0;0;0
"10/02/2022";"13:10:00";"30";"Acidente c";"61";"BR-153/SP";"Sul";"Tombamento de Moto";0;0;0;1;0;0;0;0;0;0;0;1;0;0;0
"10/02/2022";"19:18:00";"54";"Acidente c";"31";"BR-153/SP";"Sul";"Colisão Transversal";1;0;1;0;0;0;0;0;0;0;3;0;0;1;2
"11/02/2022";"18:09:00";"76";"Acidente s";"62,6";"BR-153/SP";"Sul";"Colisão Traseira";2;0;0;0;0;0;0;0;0;0;2;0;0;0;0
"11/02/2022";"18:31:00";"78";"Acidente c";"62,6";"BR-153/SP";"Sul";"Colisão Traseira";2;0;0;0;0;0;0;0;0;0;3;1;0;0;0
"11/02/2022";"19:22:00";"80";"Acidente c";"54,5";"BR-153/SP";"Sul";"Saída de Pista";1;0;0;0;0;0;0;0;0;0;0;1;0;0;0
"12/02/2022";"10:55:00";"26";"Acidente s";"60,5";"BR-153/SP";"Sul";"Colisão Traseira";2;0;0;0;0;0;0;0;0;0;4;0;0;0;0
"12/02/2022";"11:00:00";"27";"Acidente s";"19";"BR-153/SP";"Sul";"Saída de Pista";1;0;0;0;0;0;0;0;0;0;2;0;0;0;0
"12/02/2022";"11:40:00";"28";"Acidente s";"60";"BR-153/SP";"Sul";"Engavetamento";3;0;0;0;0;0;0;0;0;0;4;0;0;0;0
"12/02/2022";"17:14:00";"46";"Acidente c";"52,7";"BR-153/SP";"Sul";"Tombamento de Moto";0;0;0;1;0;0;0;0;0;0;0;1;0;0;0
"12/02/2022";"18:55:00";"56";"Acidente s";"151";"BR-153/SP";"Norte";"Saída de Pista";1;0;0;0;0;0;0;0;0;0;1;0;0;0;0
"13/02/2022";"01:48:00";"6";"Acidente s";"227";"BR-153/SP";"Norte";"Tombamento";1;0;0;0;0;0;0;0;0;0;2;0;0;0;0
"13/02/2022";"03:19:00";"10";"Acidente s";"228";"BR-153/SP";"Norte";"Engavetamento";3;0;0;0;0;0;0;0;0;0;7;0;0;0;0
"13/02/2022";"06:34:00";"15";"Acidente s";"200";"BR-153/SP";"Sul";"Saída de Pista";1;0;0;0;0;0;0;0;0;0;3;0;0;0;0
"13/02/2022";"09:07:00";"23";"Acidente s";"61";"BR-153/SP";"Sul";"Incidente";2;0;0;0;0;0;0;0;0;0;3;0;0;0;0
"13/02/2022";"10:47:00";"27";"Acidente s";"322,7";"BR-153/SP";"Norte";"Colisão Lateral";0;0;0;0;0;0;0;0;0;2;3;0;0;0;0
"15/02/2022";"08:15:00";"15";"Acidente s";"57";"BR-153/SP";"Sul";"Colisão Lateral";1;0;1;0;0;0;0;0;0;0;3;0;0;0;0
"16/02/2022";"07:34:00";"12";"Acidente s";"61";"BR-153/SP";"Sul";"Engavetamento";4;0;0;0;0;0;0;0;0;0;6;0;0;0;0
"16/02/2022";"10:14:00";"26";"Acidente s";"64";"BR-153/SP";"Norte";"Colisão Lateral";1;0;1;0;0;0;0;0;0;0;2;0;0;0;0
"16/02/2022";"10:51:00";"30";"Acidente s";"64,3";"BR-153/SP";"Norte";"Colisão Traseira";1;0;1;0;0;0;0;0;0;0;3;0;0;0;0
"16/02/2022";"14:05:00";"43";"Acidente s";"64,2";"BR-153/SP";"Norte";"Colisão Lateral";1;0;1;0;0;0;0;0;0;0;2;0;0;0;0
"16/02/2022";"18:17:00";"56";"Acidente s";"255";"BR-153/SP";"Sul";"Colisão Traseira";1;0;0;0;0;0;0;0;0;1;2;0;0;0;0
"16/02/2022";"21:04:00";"65";"Acidente c";"85";"BR-153/SP";"Norte";"Capotamento";1;0;0;0;0;0;0;0;0;0;2;0;2;0;0
"17/02/2022";"05:29:00";"6";"Acidente s";"85";"BR-153/SP";"Norte";"Colisão Lateral";1;0;0;0;0;0;0;0;0;1;4;0;0;0;0
"17/02/2022";"07:44:00";"11";"Acidente s";"60";"BR-153/SP";"Sul";"Colisão Traseira";2;0;0;0;0;0;0;0;0;0;2;0;0;0;0
"17/02/2022";"12:19:00";"34";"Acidente c";"71,7";"BR-153/SP";"Norte";"Engavetamento";2;0;0;0;0;0;0;0;0;1;4;1;0;0;0
"17/02/2022";"15:33:00";"44";"Acidente s";"338,5";"BR-153/SP";"Norte";"Colisão Traseira";1;0;1;0;0;0;0;0;0;0;3;0;0;0;0
"17/02/2022";"15:50:00";"46";"Acidente s";"154";"BR-153/SP";"Sul";"Saída de Pista";1;0;0;0;0;0;0;0;0;0;1;0;0;0;0
"17/02/2022";"17:27:00";"49";"Acidente c";"61,9";"BR-153/SP";"Norte";"Tombamento de Moto";1;0;0;0;0;0;0;0;0;0;0;1;0;0;0
"18/02/2022";"05:20:00";"8";"Acidente s";"262,5";"BR-153/SP";"Norte";"Saída de Pista";1;0;0;0;0;0;0;0;0;0;1;0;0;0;0
"18/02/2022";"15:48:00";"38";"Acidente s";"35,5";"BR-153/SP";"Sul";"Colisão Traseira";1;0;0;0;0;0;0;0;0;1;3;0;0;0;0
"19/02/2022";"06:47:00";"5";"Acidente c";"177,4";"BR-153/SP";"Sul";"Colisão Frontal";1;0;2;0;0;0;0;0;0;0;2;0;0;0;1
"19/02/2022";"07:54:00";"8";"Acidente s";"223";"BR-153/SP";"Norte";"Colisão Traseira";1;0;0;0;0;0;0;0;0;1;2;0;0;0;0
"19/02/2022";"14:16:00";"56";"Acidente c";"195,1";"BR-153/SP";"Sul";"Colisão Transversal";0;0;0;1;0;0;0;0;0;1;2;1;0;0;0
"19/02/2022";"15:32:00";"61";"Acidente s";"75";"BR-153/SP";"Norte";"Saída de Pista";1;0;0;0;0;0;0;0;0;0;1;0;0;0;0
"19/02/2022";"16:06:00";"64";"Acidente s";"73";"BR-153/SP";"Norte";"Saída de Pista";1;0;0;0;0;0;0;0;0;0;5;0;0;0;0
"19/02/2022";"21:03:00";"82";"Acidente s";"341,5";"BR-153/SP";"Sul";"Saída de Pista";1;0;0;0;0;0;0;0;0;0;1;0;0;0;0
"19/02/2022";"21:44:00";"87";"Acidente c";"42";"BR-153/SP";"Sul";"Colisão Lateral";1;0;1;0;0;0;0;0;0;0;2;2;0;1;0
"20/02/2022";"04:39:00";"6";"Acidente s";"99";"BR-153/SP";"Norte";"Saída de Pista";0;0;0;0;0;0;0;0;0;1;2;0;0;0;0
"20/02/2022";"17:38:00";"51";"Acidente c";"66,5";"BR-153/SP";"Norte";"Colisão Traseira";1;0;0;0;0;1;0;0;0;0;0;1;0;0;0
"20/02/2022";"19:33:00";"64";"Acidente s";"54";"BR-153/SP";"Norte";"Atropelamento de Animal";0;0;1;0;0;0;0;0;0;0;1;0;0;0;0
"21/02/2022";"07:49:00";"10";"Acidente c";"59";"BR-153/SP";"Sul";"Engavetamento";3;0;1;0;1;0;0;0;0;1;26;1;0;0;0
"21/02/2022";"08:41:00";"15";"Acidente s";"311";"BR-153/SP";"Norte";"Tombamento";0;0;1;0;0;0;0;0;0;0;1;0;0;0;0
"22/02/2022";"14:00:00";"37";"Acidente s";"57,6";"BR-153/SP";"Sul";"Colisão Traseira";1;0;1;0;0;0;0;0;0;0;3;0;0;0;0
"22/02/2022";"15:33:00";"46";"Acidente s";"17";"BR-153/SP";"Norte";"Saída de Pista";0;0;0;0;0;0;0;0;0;1;1;0;0;0;0
"23/02/2022";"09:11:00";"14";"Acidente c";"57";"BR-153/SP";"Sul";"Colisão Lateral";1;0;0;1;0;0;0;0;0;0;1;1;0;0;0
"23/02/2022";"10:44:00";"28";"Acidente s";"42";"BR-153/SP";"Norte";"Colisão Transversal";0;0;1;1;0;0;0;0;0;0;2;0;0;0;0
"23/02/2022";"11:05:00";"29";"Acidente c";"71";"BR-153/SP";"Norte";"Tombamento de Moto";0;0;0;1;0;0;0;0;0;0;0;1;0;0;0
"23/02/2022";"18:13:00";"62";"Acidente s";"65";"BR-153/SP";"Norte";"Engavetamento";3;0;0;0;0;0;0;0;0;0;5;0;0;0;0
"24/02/2022";"07:20:00";"5";"Acidente s";"60";"BR-153/SP";"Sul";"Colisão Traseira";2;0;0;0;0;0;0;0;0;0;2;0;0;0;0
"24/02/2022";"19:16:00";"72";"Acidente s";"153,6";"BR-153/SP";"Norte";"Saída de Pista";1;0;0;0;0;0;0;0;0;0;1;0;0;0;0
"25/02/2022";"07:05:00";"8";"Acidente c";"61,6";"BR-153/SP";"Sul";"Tombamento de Moto";0;0;0;1;0;0;0;0;0;0;0;2;0;0;0
"25/02/2022";"11:03:00";"21";"Acidente c";"77";"BR-153/SP";"Sul";"Colisão Traseira";1;0;0;1;0;0;0;0;0;0;2;0;1;0;0
"25/02/2022";"15:36:00";"40";"Acidente c";"59";"BR-153/SP";"Sul";"Colisão Traseira";0;0;2;0;0;0;0;0;0;0;1;1;0;0;0
"25/02/2022";"19:18:00";"58";"Acidente c";"61,9";"BR-153/SP";"Sul";"Colisão Lateral";0;0;0;1;0;0;0;0;0;1;1;1;0;0;0
"26/02/2022";"09:35:00";"20";"Acidente c";"256,9";"BR-153/SP";"Norte";"Tombamento de Moto";0;0;0;1;0;0;0;0;0;0;0;2;0;0;0
"26/02/2022";"18:03:00";"57";"Acidente c";"85";"BR-153/SP";"Norte";"Colisão Transversal";0;0;1;0;0;0;0;0;0;1;2;0;1;2;0
"27/02/2022";"20:59:00";"50";"Acidente c";"273,3";"BR-153/SP";"Norte";"Capotamento";1;0;0;0;0;0;0;0;0;0;0;0;1;0;0
"28/02/2022";"09:20:00";"15";"Acidente c";"31";"BR-153/SP";"Norte";"Colisão Transversal";0;0;0;0;0;0;0;0;0;2;4;2;0;0;0
"28/02/2022";"13:00:00";"31";"Acidente c";"75";"BR-153/SP";"Norte";"Colisão Traseira";1;0;0;1;0;0;0;0;0;0;1;1;0;0;0
"01/03/2022";"05:13:00";"4";"Acidente s";"180";"BR-153/SP";"Norte";"Colisão Traseira";0;0;1;0;0;0;0;0;0;1;20;0;0;0;0
"01/03/2022";"08:45:00";"21";"Acidente c";"182";"BR-153/SP";"Norte";"Tombamento de Moto";0;0;0;1;0;0;0;0;0;0;0;1;0;0;0
"02/03/2022";"07:35:00";"9";"Acidente s";"61,8";"BR-153/SP";"Sul";"Colisão Traseira";0;0;0;0;1;0;0;0;0;1;2;0;0;0;0
"05/03/2022";"12:47:00";"22";"Acidente s";"63,85";"BR-153/SP";"Sul";"Colisão Traseira";1;0;0;0;0;0;0;0;0;0;3;0;0;0;0
"06/03/2022";"19:46:00";"60";"Acidente s";"107,8";"BR-153/SP";"Norte";"Colisão Transversal";1;0;0;1;0;0;0;0;0;0;3;0;0;0;0
"06/03/2022";"22:08:00";"66";"Acidente c";"108";"BR-153/SP";"Sul";"Tombamento de Moto";0;0;0;1;0;0;0;0;0;0;0;1;0;0;0
"06/03/2022";"22:50:00";"67";"Acidente c";"163,5";"BR-153/SP";"Sul";"Tombamento de Moto";0;0;0;1;0;0;0;0;0;0;0;0;1;0;0
"07/03/2022";"06:43:00";"9";"Acidente s";"62";"BR-153/SP";"Sul";"Colisão Traseira";2;0;0;0;0;0;0;0;0;0;6;0;0;0;0
"07/03/2022";"15:55:00";"39";"Acidente s";"300";"BR-153/SP";"Norte";"Saída de Pista";1;0;0;0;0;0;0;0;0;0;1;0;0;0;0
"08/03/2022";"11:42:00";"27";"Acidente s";"62";"BR-153/SP";"Norte";"Colisão Lateral";0;0;1;0;0;0;0;0;0;1;2;0;0;0;0
"08/03/2022";"13:22:00";"35";"Acidente s";"62";"BR-153/SP";"Norte";"Engavetamento";5;0;0;0;0;0;0;0;0;0;9;0;0;0;0
"10/03/2022";"10:56:00";"25";"Acidente c";"283,1";"BR-153/SP";"Sul";"Tombamento";0;0;1;0;0;0;0;0;0;0;0;0;1;0;0
"10/03/2022";"17:23:00";"50";"Acidente c";"65,6";"BR-153/SP";"Norte";"Tombamento de Moto";0;0;0;1;0;0;0;0;0;0;0;1;0;0;0
"11/03/2022";"13:36:00";"38";"Acidente s";"331";"BR-153/SP";"Sul";"Colisão Lateral";1;0;2;0;0;0;0;0;0;0;6;0;0;0;0
"12/03/2022";"00:20:00";"2";"Acidente c";"116";"BR-153/SP";"Sul";"Colisão Frontal";0;0;0;1;0;0;0;0;0;1;1;1;0;0;0
"12/03/2022";"12:37:00";"28";"Acidente c";"67";"BR-153/SP";"Norte";"Saída de Pista";1;0;0;0;0;0;0;0;0;0;0;0;1;0;0
"12/03/2022";"12:58:00";"31";"Acidente s";"99,2";"BR-153/SP";"Norte";"Colisão Transversal";0;0;1;0;0;0;0;0;0;1;3;0;0;0;0
"13/03/2022";"13:12:00";"19";"Acidente c";"101,6";"BR-153/SP";"Norte";"Tombamento";0;0;1;0;0;0;0;0;0;0;0;1;0;0;0
"13/03/2022";"15:37:00";"27";"Acidente c";"62,2";"BR-153/SP";"Norte";"Engavetamento";0;0;4;0;0;0;0;0;0;0;3;0;1;0;0
"16/03/2022";"08:03:00";"19";"Acidente c";"76";"BR-153/SP";"Norte";"Capotamento";0;0;0;0;0;0;0;0;0;1;1;1;1;0;0
"16/03/2022";"13:28:00";"38";"Acidente s";"35,8";"BR-153/SP";"Norte";"Colisão Traseira";1;0;0;0;0;1;0;0;0;0;2;0;0;0;0
"17/03/2022";"02:53:00";"2";"Acidente c";"98,9";"BR-153/SP";"Sul";"Choque contra Objeto Fixo";0;0;0;0;0;0;0;0;0;1;1;1;0;0;0
"17/03/2022";"06:50:00";"6";"Acidente s";"62";"BR-153/SP";"Sul";"Engavetamento";3;0;0;0;0;0;0;0;0;0;7;0;0;0;0
"17/03/2022";"16:12:00";"66";"Acidente s";"62,4";"BR-153/SP";"Sul";"Colisão Traseira";1;0;0;0;0;0;0;0;0;1;2;0;0;0;0
"17/03/2022";"18:18:00";"83";"Acidente c";"68,2";"BR-153/SP";"Sul";"Colisão Traseira";2;0;0;1;0;0;0;0;0;0;5;0;1;0;0
"17/03/2022";"18:30:00";"86";"Acidente s";"68,6";"BR-153/SP";"Sul";"Colisão Traseira";0;0;0;0;0;0;0;0;0;2;4;0;0;0;0
"18/03/2022";"14:41:00";"56";"Acidente s";"70";"BR-153/SP";"Norte";"Outros";0;0;1;0;0;0;0;0;0;0;1;0;0;0;0
"18/03/2022";"20:30:00";"95";"Acidente c";"24,6";"BR-153/SP";"Norte";"Atropelamento de Animal";0;0;0;1;0;0;0;0;0;0;0;1;0;0;0
"19/03/2022";"04:20:00";"6";"Acidente s";"63,8";"BR-153/SP";"Norte";"Saída de Pista";1;0;0;0;0;0;0;0;0;0;1;0;0;0;0
"19/03/2022";"20:14:00";"84";"Acidente c";"35,8";"BR-153/SP";"Norte";"Choque contra Objeto Fixo";0;0;0;1;0;0;0;0;0;0;0;1;0;0;0
"20/03/2022";"10:23:00";"16";"Acidente c";"317,9";"BR-153/SP";"Norte";"Colisão Lateral";1;0;1;0;0;0;0;0;0;0;3;2;0;0;0
"20/03/2022";"15:39:00";"37";"Acidente s";"61,6";"BR-153/SP";"Norte";"Saída de Pista";1;0;0;0;0;0;0;0;0;2;8;0;0;0;0
"20/03/2022";"16:34:00";"38";"Acidente c";"61,6";"BR-153/SP";"Norte";"Colisão Traseira";1;0;0;1;0;0;0;0;0;0;3;1;0;0;0
"20/03/2022";"19:50:00";"54";"Acidente c";"75,8";"BR-153/SP";"Sul";"Colisão Traseira";2;0;0;0;0;0;0;0;0;0;2;2;0;0;0
"21/03/2022";"22:22:00";"67";"Acidente s";"160,3";"BR-153/SP";"Sul";"Colisão Lateral";1;0;1;0;0;0;0;0;0;0;3;0;0;0;0
"22/03/2022";"05:21:00";"2";"Acidente s";"258,5";"BR-153/SP";"Norte";"Atropelamento de Animal";0;0;1;0;0;0;0;0;0;0;1;0;0;0;0
"22/03/2022";"09:19:00";"14";"Acidente s";"106";"BR-153/SP";"Sul";"Colisão Traseira";0;0;2;0;0;0;0;0;0;0;2;0;0;0;0
"22/03/2022";"17:37:00";"58";"Acidente s";"71,2";"BR-153/SP";"Sul";"Tombamento de Moto";0;0;0;1;0;0;0;0;0;0;2;0;0;0;0
"23/03/2022";"19:19:00";"65";"Acidente c";"158,7";"BR-153/SP";"Norte";"Colisão Lateral";0;0;0;1;0;0;0;0;0;1;2;1;0;0;0
"24/03/2022";"09:17:00";"15";"Acidente c";"174,4";"BR-153/SP";"Norte";"Colisão Transversal";0;0;0;2;0;0;0;0;0;0;0;2;0;0;0
"24/03/2022";"15:49:00";"36";"Acidente c";"154,7";"BR-153/SP";"Norte";"Colisão Transversal";0;0;0;1;0;0;0;0;0;1;1;1;0;0;0
"24/03/2022";"17:59:00";"44";"Acidente s";"209,1";"BR-153/SP";"Sul";"Saída de Pista";0;0;1;0;0;0;0;0;0;0;1;0;0;0;0
"24/03/2022";"19:38:00";"50";"Acidente s";"74,5";"BR-153/SP";"Norte";"Atropelamento de Animal";2;0;0;0;0;0;0;0;0;0;2;0;0;0;0
"25/03/2022";"14:39:00";"60";"Acidente s";"268,1";"BR-153/SP";"Norte";"Colisão Traseira";0;0;2;0;0;0;0;0;0;0;2;0;0;0;0
"26/03/2022";"09:12:00";"20";"Acidente c";"71,9";"BR-153/SP";"Norte";"Colisão Lateral";0;0;1;0;0;0;0;0;0;1;1;1;0;0;0
"26/03/2022";"09:50:00";"21";"Acidente s";"88";"BR-153/SP";"Sul";"Capotamento";1;0;0;0;0;0;0;0;0;0;2;0;0;0;0
"26/03/2022";"15:59:00";"43";"Acidente s";"256";"BR-153/SP";"Norte";"Colisão Lateral";0;0;1;0;0;0;0;0;0;1;3;0;0;0;0
"26/03/2022";"16:05:00";"44";"Acidente s";"94,4";"BR-153/SP";"Sul";"Colisão Traseira";1;0;0;0;0;0;0;0;0;1;7;0;0;0;0
"26/03/2022";"22:00:00";"64";"Acidente c";"51,6";"BR-153/SP";"Sul";"Colisão Traseira";0;0;0;1;0;0;0;0;0;0;0;2;0;0;0
"27/03/2022";"02:30:00";"3";"Acidente c";"108,9";"BR-153/SP";"Sul";"Colisão Traseira";1;0;0;0;0;0;0;0;0;1;0;2;0;0;0
"27/03/2022";"03:36:00";"6";"Acidente c";"193,9";"BR-153/SP";"Norte";"Colisão Traseira";0;0;0;1;0;0;0;0;0;0;0;0;0;1;0
"27/03/2022";"06:39:00";"9";"Acidente s";"78";"BR-153/SP";"Norte";"Saída de Pista";0;0;0;0;0;0;0;0;0;2;4;0;0;0;0
"28/03/2022";"07:25:00";"5";"Acidente c";"62";"BR-153/SP";"Sul";"Colisão Traseira";0;0;0;1;0;0;0;0;0;0;0;1;0;0;0
"28/03/2022";"08:43:00";"15";"Acidente s";"105,8";"BR-153/SP";"Sul";"Colisão Lateral";0;0;2;0;0;0;0;0;0;0;2;0;0;0;0
"28/03/2022";"08:55:00";"17";"Acidente s";"62";"BR-153/SP";"Sul";"Choque contra Objeto Fixo";0;0;1;0;0;0;0;0;0;0;1;0;0;0;0
"28/03/2022";"11:01:00";"34";"Acidente s";"61";"BR-153/SP";"Sul";"Saída de Pista";0;0;1;0;0;0;0;0;0;0;2;0;0;0;0
"29/03/2022";"05:43:00";"2";"Acidente s";"98,5";"BR-153/SP";"Sul";"Colisão Lateral";2;0;0;0;0;0;0;0;0;0;3;0;0;0;0
"29/03/2022";"14:00:00";"39";"Acidente s";"93,6";"BR-153/SP";"Norte";"Colisão Traseira";0;0;1;0;0;0;0;0;0;1;3;0;0;0;0
"31/03/2022";"07:55:00";"12";"Acidente c";"73";"BR-153/SP";"Norte";"Tombamento de Moto";0;0;0;1;0;0;0;0;0;0;0;2;0;0;0
"31/03/2022";"18:28:00";"68";"Acidente s";"339,5";"BR-153/SP";"Sul";"Saída de Pista";1;0;0;0;0;0;0;0;0;0;1;0;0;0;0
"01/04/2022";"08:41:00";"16";"Acidente s";"214";"BR-153/SP";"Norte";"Saída de Pista";1;0;0;0;0;0;0;0;0;0;1;0;0;0;0
"02/04/2022";"03:05:00";"2";"Acidente s";"322,7";"BR-153/SP";"Norte";"Saída de Pista";0;0;1;0;0;0;0;0;0;0;1;0;0;0;0
"02/04/2022";"15:37:00";"48";"Acidente s";"57,6";"BR-153/SP";"Sul";"Choque contra Objeto Fixo";0;0;0;0;0;0;0;0;0;1;1;0;0;0;0
"04/04/2022";"08:01:00";"15";"Acidente s";"61,9";"BR-153/SP";"Sul";"Colisão Traseira";1;0;0;0;0;0;0;0;0;0;1;0;0;0;0
"04/04/2022";"12:29:00";"50";"Acidente s";"63";"BR-153/SP";"Sul";"Colisão Traseira";2;0;0;0;0;0;0;0;0;0;3;0;0;0;0
"04/04/2022";"14:21:00";"58";"Acidente s";"141,2";"BR-153/SP";"Norte";"Saída de Pista";1;0;0;0;0;0;0;0;0;0;4;0;0;0;0
"04/04/2022";"17:19:00";"75";"Acidente c";"68";"BR-153/SP";"Norte";"Colisão Lateral";1;0;0;1;0;0;0;0;0;0;2;1;0;0;0
"04/04/2022";"19:27:00";"91";"Acidente s";"22,8";"BR-153/SP";"Norte";"Colisão Traseira";0;0;1;0;1;0;0;0;0;0;45;0;0;0;0
"05/04/2022";"09:00:00";"15";"Acidente s";"62";"BR-153/SP";"Sul";"Engavetamento";1;0;0;0;0;0;0;0;0;3;9;0;0;0;0
"05/04/2022";"21:50:00";"84";"Acidente s";"258,5";"BR-153/SP";"Sul";"Atropelamento de Animal";0;0;1;0;0;0;0;0;0;0;1;0;0;0;0
"06/04/2022";"03:22:00";"4";"Acidente s";"56,8";"BR-153/SP";"Norte";"Saída de Pista";0;0;1;0;0;0;0;0;0;0;1;0;0;0;0
"07/04/2022";"13:34:00";"43";"Acidente s";"64,2";"BR-153/SP";"Norte";"Colisão Traseira";2;0;0;0;0;0;0;0;0;0;4;0;0;0;0
"07/04/2022";"14:47:00";"48";"Acidente s";"3,4";"BR-153/SP";"Norte";"Colisão Traseira";0;0;2;0;0;0;0;0;0;0;2;0;0;0;0
"08/04/2022";"09:09:00";"19";"Acidente c";"98,9";"BR-153/SP";"Norte";"Engavetamento";1;0;0;1;0;0;0;0;0;1;2;1;0;0;0
"08/04/2022";"16:18:00";"50";"Acidente s";"33";"BR-153/SP";"Norte";"Colisão Traseira";1;0;0;0;0;0;0;0;0;1;2;0;0;0;0
"09/04/2022";"11:55:00";"28";"Acidente s";"60";"BR-153/SP";"Norte";"Saída de Pista";0;0;1;0;0;0;0;0;0;0;1;0;0;0;0
"09/04/2022";"20:51:00";"63";"Acidente s";"114,5";"BR-153/SP";"Norte";"Atropelamento de Animal";1;0;0;0;0;0;0;0;0;0;1;0;0;0;0
"10/04/2022";"08:24:00";"11";"Acidente c";"333";"BR-153/SP";"Norte";"Saída de Pista";1;0;0;0;0;0;0;0;0;0;0;1;0;0;0
"11/04/2022";"03:59:00";"4";"Acidente s";"206,2";"BR-153/SP";"Sul";"Atropelamento de Animal";0;0;0;0;0;0;0;0;0;0;1;0;0;0;0
"11/04/2022";"04:57:00";"6";"Acidente s";"222";"BR-153/SP";"Sul";"Tombamento";0;0;1;0;0;0;0;0;0;0;1;0;0;0;0
"11/04/2022";"14:30:00";"53";"Acidente c";"78";"BR-153/SP";"Sul";"Saída de Pista";1;0;0;0;0;0;0;0;0;1;2;1;0;0;1
"11/04/2022";"20:06:00";"77";"Acidente s";"141";"BR-153/SP";"Norte";"Saída de Pista";0;0;1;0;0;0;0;0;0;0;1;0;0;0;0
"12/04/2022";"06:26:00";"7";"Acidente c";"94,7";"BR-153/SP";"Norte";"Tombamento de Moto";0;0;0;1;0;0;0;0;0;0;0;1;0;0;0
"12/04/2022";"18:59:00";"68";"Acidente c";"74,8";"BR-153/SP";"Norte";"Atropelamento  de Pedestre";0;0;0;1;0;0;0;0;0;0;0;1;0;1;0
"13/04/2022";"06:26:00";"3";"Acidente c";"108";"BR-153/SP";"Norte";"Colisão Transversal";1;0;1;0;0;0;0;0;0;0;1;1;0;0;0
"13/04/2022";"19:37:00";"63";"Acidente c";"61,8";"BR-153/SP";"Norte";"Tombamento de Moto";0;0;0;1;0;0;0;0;0;0;0;2;0;0;0