data;horario;n_da_ocorrencia;tipo_de_ocorrencia;km;trecho;sentido;tipo_de_acidente;automovel;bicicleta;caminhao;moto;onibus;outros;tracao_animal;transporte_de_cargas_especiais;trator_maquinas;utilitarios;ilesos;levemente_feridos;moderadamente_feridos;gravemente_feridos;mortos
"14/04/2022";"14:47:00";"52";"Acidente s";"62,6";"BR-153/SP";"Sul";"Engavetamento";3;0;0;0;0;0;0;0;0;2;9;0;0;0;0
"14/04/2022";"18:10:00";"62";"Acidente s";"268,1";"BR-153/SP";"Norte";"Colisão Traseira";1;0;0;0;0;0;0;0;0;1;2;0;0;0;0
"15/04/2022";"08:43:00";"8";"Acidente s";"217,4";"BR-153/SP";"Sul";"Saída de Pista";0;0;1;0;0;0;0;0;0;0;1;0;0;0;0
"16/04/2022";"21:31:00";"80";"Acidente c";"267,8";"BR-153/SP";"Norte";"Tombamento de Moto";0;0;0;1;0;0;0;0;0;0;0;1;0;0;0
"17/04/2022";"12:43:00";"23";"Acidente s";"18";"BR-153/SP";"Sul";"Saída de Pista";1;0;0;0;0;0;0;0;0;0;1;0;0;0;0
"17/04/2022";"14:04:00";"24";"Acidente c";"76,7";"BR-153/SP";"Sul";"Colisão Lateral";1;0;0;0;0;0;0;0;0;1;0;3;0;0;0
"17/04/2022";"19:39:00";"54";"Acidente s";"114";"BR-153/SP";"Sul";"Colisão Traseira";1;0;1;0;0;0;0;0;0;0;3;0;0;0;0
"18/04/2022";"06:25:00";"7";"Acidente c";"95,6";"BR-153/SP";"Norte";"Colisão Transversal";0;0;1;1;0;0;0;0;0;0;1;0;0;1;0
"18/04/2022";"07:57:00";"20";"Acidente s";"61";"BR-153/SP";"Sul";"Colisão Traseira";1;0;0;0;0;0;0;0;0;1;7;0;0;0;0
"19/04/2022";"18:27:00";"60";"Acidente s";"64";"BR-153/SP";"Norte";"Colisão Lateral";1;0;1;0;0;0;0;0;0;0;2;0;0;0;0
"21/04/2022";"11:44:00";"29";"Acidente s";"73";"BR-153/SP";"Norte";"Saída de Pista";1;0;0;0;0;0;0;0;0;0;4;0;0;0;0
"23/04/2022";"00:41:00";"2";"Acidente s";"85";"BR-153/SP";"Norte";"Saída de Pista";0;0;0;0;0;0;0;0;0;1;2;0;0;0;0
"23/04/2022";"14:47:00";"40";"Acidente c";"75";"BR-153/SP";"Sul";"Capotamento";1;0;0;0;0;0;0;0;0;0;0;1;0;0;0
"23/04/2022";"15:03:00";"42";"Acidente c";"30";"BR-153/SP";"Sul";"Saída de Pista";0;0;0;0;0;0;0;0;0;1;0;1;0;0;0
"24/04/2022";"04:44:00";"2";"Acidente c";"19";"BR-153/SP";"Norte";"Colisão Transversal";1;0;1;0;0;0;0;0;0;0;2;2;0;0;0
"24/04/2022";"08:45:00";"11";"Acidente s";"60";"BR-153/SP";"Sul";"Colisão Lateral";1;0;1;0;0;0;0;0;0;0;2;0;0;0;0
"24/04/2022";"13:06:00";"31";"Acidente c";"316,1";"BR-153/SP";"Sul";"Tombamento";0;0;1;0;0;0;0;0;0;0;0;1;0;0;0
"24/04/2022";"17:30:00";"44";"Acidente c";"68,25";"BR-153/SP";"Norte";"Tombamento de Moto";0;0;0;1;0;0;0;0;0;0;0;1;0;0;0
"24/04/2022";"18:44:00";"52";"Acidente c";"63,2";"BR-153/SP";"Sul";"Capotamento";1;0;0;0;0;0;0;0;0;0;1;1;0;0;0
"24/04/2022";"19:18:00";"58";"Acidente s";"63,2";"BR-153/SP";"Sul";"Tombamento de Moto";0;0;0;1;0;0;0;0;0;0;1;0;0;0;0
"25/04/2022";"14:02:00";"42";"Acidente s";"82,3";"BR-153/SP";"Sul";"Colisão Traseira";1;0;1;0;0;0;0;0;0;0;3;0;0;0;0
"26/04/2022";"22:50:00";"85";"Acidente c";"156";"BR-153/SP";"Norte";"Tombamento de Moto";0;0;0;1;0;0;0;0;0;0;0;0;2;0;0
"27/04/2022";"14:45:00";"62";"Acidente s";"62,4";"BR-153/SP";"Sul";"Colisão Traseira";1;0;0;0;0;0;0;0;0;1;3;0;0;0;0
"27/04/2022";"17:25:00";"81";"Acidente c";"62,3";"BR-153/SP";"Norte";"Tombamento de Moto";0;0;0;1;0;0;0;0;0;0;0;1;0;0;0
"28/04/2022";"16:50:00";"85";"Acidente c";"280";"BR-153/SP";"Sul";"Tombamento";0;0;1;0;0;0;0;0;0;0;0;1;0;0;0
"28/04/2022";"23:47:00";"108";"Acidente c";"59";"BR-153/SP";"Norte";"Atropelamento  de Pedestre";0;0;0;0;0;1;0;0;0;0;1;0;0;0;1
"29/04/2022";"17:18:00";"64";"Acidente c";"44,3";"BR-153/SP";"Sul";"Colisão Traseira";1;0;0;0;0;1;0;0;0;0;1;1;0;0;0
"29/04/2022";"20:49:00";"78";"Acidente c";"78,8";"BR-153/SP";"Norte";"Colisão Frontal";1;0;1;0;0;0;0;0;0;0;2;0;1;0;0
"30/04/2022";"10:25:00";"25";"Acidente s";"62";"BR-153/SP";"Sul";"Choque contra objeto na faixa de rolamento";2;0;0;0;0;0;0;0;0;1;4;0;0;0;0
"30/04/2022";"12:36:00";"32";"Acidente s";"169,8";"BR-153/SP";"Sul";"Colisão Lateral";1;0;0;0;0;0;0;0;0;1;2;0;0;0;0
"30/04/2022";"17:30:00";"52";"Acidente s";"80,8";"BR-153/SP";"Sul";"Engavetamento";1;0;0;0;0;0;0;0;0;2;6;0;0;0;0
"30/04/2022";"19:36:00";"64";"Acidente s";"158";"BR-153/SP";"Norte";"Colisão Lateral";2;0;0;0;0;0;0;0;0;0;3;0;0;0;0
"01/05/2022";"11:20:00";"14";"Acidente c";"128,2";"BR-153/SP";"Norte";"Saída de Pista";1;0;0;0;0;0;0;0;0;0;1;1;1;0;0
"02/05/2022";"08:47:00";"23";"Acidente s";"61,4";"BR-153/SP";"Sul";"Colisão Traseira";1;0;0;0;0;0;0;0;0;0;2;0;0;0;0
"02/05/2022";"12:13:00";"54";"Acidente s";"80";"BR-153/SP";"Norte";"Colisão Transversal";1;0;0;0;0;0;0;0;0;0;1;0;0;0;0
"03/05/2022";"07:32:00";"8";"Acidente c";"255,1";"BR-153/SP";"Norte";"Engavetamento";4;0;0;0;0;0;0;0;0;0;4;1;0;0;0
"04/05/2022";"10:01:00";"29";"Acidente c";"63,4";"BR-153/SP";"Sul";"Colisão Traseira";0;0;0;2;0;0;0;0;0;1;2;0;1;0;0
"04/05/2022";"10:40:00";"34";"Acidente s";"62,3";"BR-153/SP";"Sul";"Colisão Traseira";1;0;1;0;0;0;0;0;0;0;2;0;0;0;0
"04/05/2022";"19:03:00";"69";"Acidente s";"72,9";"BR-153/SP";"Sul";"Colisão Traseira";1;0;0;0;0;1;0;0;0;0;2;0;0;0;0
"05/05/2022";"00:07:00";"1";"Acidente s";"40,8";"BR-153/SP";"Norte";"Atropelamento de Animal";0;0;0;0;0;0;0;0;0;1;1;0;0;0;0
"05/05/2022";"16:35:00";"64";"Acidente c";"311,4";"BR-153/SP";"Norte";"Colisão Frontal";0;0;2;0;0;0;0;0;0;0;0;0;0;0;2
"06/05/2022";"00:16:00";"1";"Acidente s";"60";"BR-153/SP";"Sul";"Colisão Traseira";0;0;0;0;0;0;0;0;0;1;1;0;0;0;0
"06/05/2022";"15:49:00";"62";"Acidente s";"94,6";"BR-153/SP";"Sul";"Colisão Lateral";2;0;1;0;0;0;0;0;0;0;7;0;0;0;0
"06/05/2022";"18:20:00";"78";"Acidente s";"51,9";"BR-153/SP";"Sul";"Colisão Transversal";1;0;0;0;0;0;0;0;0;1;2;0;0;0;0
"06/05/2022";"18:35:00";"80";"Acidente s";"62";"BR-153/SP";"Norte";"Colisão Traseira";1;0;1;0;0;0;0;0;0;0;2;0;0;0;0
"06/05/2022";"18:47:00";"82";"Acidente s";"62";"BR-153/SP";"Sul";"Colisão Traseira";1;0;0;1;0;0;0;0;0;0;2;0;0;0;0
"06/05/2022";"19:03:00";"83";"Acidente c";"96,7";"BR-153/SP";"Norte";"Atropelamento de Ciclista";1;1;0;0;0;0;0;0;0;0;1;0;1;0;0
"07/05/2022";"08:51:00";"9";"Acidente s";"61";"BR-153/SP";"Sul";"Saída de Pista";1;0;0;0;0;0;0;0;0;0;1;0;0;0;0
"07/05/2022";"09:05:00";"10";"Acidente c";"12";"BR-153/SP";"Norte";"Saída de Pista";0;0;0;1;0;0;0;0;0;0;0;0;0;1;0
"08/05/2022";"15:49:00";"44";"Acidente s";"257";"BR-153/SP";"Sul";"Saída de Pista";1;0;0;0;0;0;0;0;0;0;1;0;0;0;0
"10/05/2022";"18:08:00";"58";"Acidente s";"82";"BR-153/SP";"Norte";"Colisão Traseira";1;0;0;0;0;0;0;0;0;1;2;0;0;0;0
"11/05/2022";"05:56:00";"3";"Acidente c";"112";"BR-153/SP";"Sul";"Atropelamento de Animal";1;0;0;1;0;0;0;0;0;0;1;1;0;0;0
"11/05/2022";"08:30:00";"14";"Acidente s";"68";"BR-153/SP";"Norte";"Saída de Pista";1;0;0;0;0;0;0;0;0;0;1;0;0;0;0
"12/05/2022";"05:34:00";"3";"Acidente s";"87";"BR-153/SP";"Norte";"Saída de Pista";0;0;1;0;0;0;0;0;0;0;1;0;0;0;0
"13/05/2022";"05:39:00";"6";"Acidente s";"99";"BR-153/SP";"Norte";"Saída de Pista";0;0;0;0;0;0;0;0;0;1;3;0;0;0;0
"13/05/2022";"07:56:00";"10";"Acidente c";"59";"BR-153/SP";"Sul";"Engavetamento";2;0;0;1;0;0;0;0;0;0;2;0;1;0;0
"13/05/2022";"16:23:00";"52";"Acidente s";"62";"BR-153/SP";"Sul";"Engavetamento";2;0;0;1;0;1;0;0;0;1;10;0;0;0;0
"13/05/2022";"18:06:00";"61";"Acidente s";"256";"BR-153/SP";"Norte";"Tombamento de Moto";0;0;0;1;0;0;0;0;0;0;1;0;0;0;0
"15/05/2022";"04:50:00";"8";"Acidente s";"63";"BR-153/SP";"Norte";"Saída de Pista";1;0;0;0;0;0;0;0;0;0;1;0;0;0;0
"15/05/2022";"18:41:00";"53";"Acidente s";"75";"BR-153/SP";"Norte";"Colisão Traseira";2;0;0;0;0;0;0;0;0;0;2;0;0;0;0
"16/05/2022";"17:01:00";"62";"Acidente c";"74";"BR-153/SP";"Sul";"Tombamento de Moto";0;0;0;1;0;0;0;0;0;0;0;1;0;0;0
"16/05/2022";"18:49:00";"70";"Acidente s";"64";"BR-153/SP";"Norte";"Colisão Traseira";2;0;0;0;0;0;0;0;0;0;4;0;0;0;0
"16/05/2022";"21:23:00";"78";"Acidente c";"63";"BR-153/SP";"Sul";"Tombamento de Moto";0;0;0;1;0;0;0;0;0;0;1;1;0;0;0
"16/05/2022";"21:26:00";"79";"Acidente s";"42";"BR-153/SP";"Norte";"Saída de Pista";1;0;0;0;0;0;0;0;0;0;1;0;0;0;0
"17/05/2022";"13:30:00";"51";"Acidente s";"98,9";"BR-153/SP";"Norte";"Colisão Traseira";2;0;0;0;0;0;0;0;0;0;2;0;0;0;0
"18/05/2022";"13:20:00";"43";"Acidente s";"62,5";"BR-153/SP";"Sul";"Engavetamento";0;0;1;0;0;0;0;0;0;2;4;0;0;0;0
"19/05/2022";"05:08:00";"2";"Acidente c";"275,5";"BR-153/SP";"Norte";"Saída de Pista";0;0;1;0;0;0;0;0;0;0;1;1;0;0;0
"19/05/2022";"18:13:00";"42";"Acidente s";"64";"BR-153/SP";"Sul";"Colisão Traseira";1;0;0;0;0;0;0;0;0;0;1;0;0;0;0
"20/05/2022";"07:04:00";"9";"Acidente c";"179,1";"BR-153/SP";"Norte";"Colisão Transversal";0;0;0;1;0;0;0;0;0;1;2;0;1;0;0
"20/05/2022";"07:38:00";"11";"Acidente s";"61";"BR-153/SP";"Sul";"Colisão Traseira";1;0;0;0;0;0;0;0;0;1;4;0;0;0;0
"20/05/2022";"08:11:00";"17";"Acidente s";"60";"BR-153/SP";"Sul";"Colisão Traseira";1;0;0;0;0;0;0;0;0;1;2;0;0;0;0
"20/05/2022";"19:06:00";"70";"Acidente s";"47";"BR-153/SP";"Sul";"Colisão Frontal";0;0;0;0;0;0;0;0;0;4;5;0;0;0;0
"20/05/2022";"19:14:00";"72";"Acidente s";"72,5";"BR-153/SP";"Sul";"Tombamento de Moto";0;0;0;1;0;0;0;0;0;0;2;0;0;0;0
"21/05/2022";"02:28:00";"7";"Acidente s";"43";"BR-153/SP";"Norte";"Saída de Pista";1;0;0;0;0;0;0;0;0;0;1;0;0;0;0
"21/05/2022";"05:08:00";"10";"Acidente s";"308";"BR-153/SP";"Norte";"Saída de Pista";0;0;0;0;0;0;0;0;0;1;1;0;0;0;0
"21/05/2022";"08:26:00";"17";"Acidente c";"39,5";"BR-153/SP";"Norte";"Saída de Pista";0;0;0;1;0;0;0;0;0;0;0;1;0;0;0
"21/05/2022";"17:01:00";"53";"Acidente c";"81,8";"BR-153/SP";"Sul";"Atropelamento  de Pedestre";0;0;0;0;0;1;0;0;0;0;0;0;1;0;0
"21/05/2022";"20:34:00";"62";"Acidente s";"73,15";"BR-153/SP";"Norte";"Colisão Lateral";1;0;1;0;0;0;0;0;0;0;2;0;0;0;0
"21/05/2022";"23:55:00";"70";"Acidente s";"41,4";"BR-153/SP";"Norte";"Tombamento de Moto";0;0;0;1;0;0;0;0;0;0;2;0;0;0;0
"22/05/2022";"10:19:00";"27";"Acidente s";"131,9";"BR-153/SP";"Sul";"Saída de Pista";0;0;0;1;0;0;0;0;0;0;2;0;0;0;0
"23/05/2022";"08:33:00";"13";"Acidente c";"62,5";"BR-153/SP";"Sul";"Colisão Traseira";0;0;0;2;0;0;0;0;0;0;1;1;0;0;0
"23/05/2022";"16:34:00";"51";"Acidente s";"324,2";"BR-153/SP";"Norte";"Colisão Transversal";2;0;0;0;0;1;0;0;0;0;5;0;0;0;0
"24/05/2022";"18:08:00";"62";"Acidente s";"63";"BR-153/SP";"Norte";"Colisão Traseira";2;0;0;0;0;0;0;0;0;0;3;0;0;0;0
"25/05/2022";"09:01:00";"15";"Acidente s";"61,9";"BR-153/SP";"Sul";"Colisão Traseira";0;0;0;0;0;0;0;0;0;2;3;0;0;0;0
"25/05/2022";"13:47:00";"33";"Acidente c";"113,2";"BR-153/SP";"Norte";"Colisão Lateral";0;0;4;0;0;0;0;0;0;0;2;0;0;2;0
"25/05/2022";"21:02:00";"57";"Acidente c";"64";"BR-153/SP";"Norte";"Atropelamento de Animal";0;0;0;1;0;0;0;0;0;0;0;1;0;0;0
"25/05/2022";"21:54:00";"63";"Acidente c";"31";"BR-153/SP";"Sul";"Colisão Transversal";1;0;0;1;0;0;0;0;0;0;4;0;1;0;0
"26/05/2022";"05:56:00";"8";"Acidente s";"192,9";"BR-153/SP";"Sul";"Saída de Pista";1;0;0;0;0;0;0;0;0;0;2;0;0;0;0
"26/05/2022";"08:05:00";"23";"Acidente c";"73,8";"BR-153/SP";"Norte";"Tombamento de Moto";0;0;0;1;0;0;0;0;0;0;0;2;0;0;0
"26/05/2022";"20:47:00";"87";"Acidente c";"159,9";"BR-153/SP";"Sul";"Tombamento de Moto";0;0;0;1;0;0;0;0;0;0;0;2;0;0;0
"27/05/2022";"13:25:00";"34";"Acidente c";"37,6";"BR-153/SP";"Sul";"Colisão Transversal";1;0;1;0;0;0;0;0;0;0;2;1;0;0;0
"28/05/2022";"06:27:00";"9";"Acidente s";"9";"BR-153/SP";"Norte";"Colisão Lateral";1;0;1;0;0;0;0;0;0;0;2;0;0;0;0
"28/05/2022";"18:47:00";"57";"Acidente c";"110";"BR-153/SP";"Norte";"Colisão Traseira";0;0;0;1;0;0;0;0;0;0;0;2;0;0;0
"29/05/2022";"02:29:00";"4";"Acidente s";"64,3";"BR-153/SP";"Norte";"Tombamento de Moto";0;0;0;1;0;0;0;0;0;0;2;0;0;0;0
"29/05/2022";"08:37:00";"14";"Acidente s";"80";"BR-153/SP";"Sul";"Saída de Pista";0;0;0;0;0;0;0;0;0;1;1;0;0;0;0
"29/05/2022";"21:50:00";"60";"Acidente c";"177";"BR-153/SP";"Norte";"Atropelamento de Animal";0;0;1;0;0;0;0;0;0;0;0;1;0;0;0
"29/05/2022";"22:17:00";"62";"Acidente c";"25,8";"BR-153/SP";"Sul";"Capotamento";0;0;0;0;0;0;0;0;0;1;0;1;0;0;0
"30/05/2022";"00:36:00";"1";"Acidente s";"43,95";"BR-153/SP";"Sul";"Atropelamento de Animal";1;0;0;0;0;0;0;0;0;0;1;0;0;0;0
"30/05/2022";"07:30:00";"12";"Acidente s";"262,8";"BR-153/SP";"Norte";"Tombamento";0;0;1;0;0;0;0;0;0;0;1;0;0;0;0
"30/05/2022";"07:47:00";"13";"Acidente c";"75";"BR-153/SP";"Norte";"Colisão Lateral";0;0;0;1;0;0;0;0;0;1;2;1;0;0;0
"30/05/2022";"18:20:00";"76";"Acidente c";"312,4";"BR-153/SP";"Norte";"Tombamento";0;0;1;0;0;0;0;0;0;0;0;1;0;0;0
"31/05/2022";"07:32:00";"9";"Acidente c";"39,2";"BR-153/SP";"Norte";"Colisão Traseira";0;0;0;1;0;0;0;0;0;1;1;1;0;0;0
"01/06/2022";"11:17:00";"31";"Acidente c";"60";"BR-153/SP";"Sul";"Colisão Traseira";1;0;0;1;0;0;0;0;0;0;1;1;0;0;0
"01/06/2022";"17:45:00";"54";"Acidente s";"35,8";"BR-153/SP";"Sul";"Colisão Traseira";0;0;1;0;0;0;0;0;0;1;2;0;0;0;0
"02/06/2022";"09:08:00";"21";"Acidente c";"62,9";"BR-153/SP";"Sul";"Colisão Traseira";0;0;1;1;0;0;0;0;0;0;1;1;0;0;0
"02/06/2022";"09:46:00";"23";"Acidente s";"62,3";"BR-153/SP";"Sul";"Colisão Traseira";2;0;0;0;0;0;0;0;0;0;2;0;0;0;0
"02/06/2022";"23:15:00";"81";"Acidente s";"274,5";"BR-153/SP";"Sul";"Saída de Pista";0;0;0;0;0;0;0;0;0;1;1;0;0;0;0
"03/06/2022";"09:57:00";"22";"Acidente s";"66,9";"BR-153/SP";"Sul";"Colisão Lateral";2;0;0;0;0;0;0;0;0;0;2;0;0;0;0
"03/06/2022";"11:46:00";"32";"Acidente c";"62,2";"BR-153/SP";"Norte";"Colisão Lateral";0;0;0;2;0;0;0;0;0;0;1;1;0;0;0
"03/06/2022";"13:47:00";"44";"Acidente s";"62,2";"BR-153/SP";"Sul";"Colisão Traseira";1;0;0;0;0;0;0;0;0;1;2;0;0;0;0
"03/06/2022";"18:20:00";"63";"Acidente s";"63,2";"BR-153/SP";"Norte";"Colisão Traseira";1;0;0;0;0;0;0;0;0;1;2;0;0;0;0
"04/06/2022";"08:04:00";"9";"Acidente c";"74,7";"BR-153/SP";"Sul";"Incidente";0;1;0;0;0;0;0;0;0;0;0;1;0;0;0
"04/06/2022";"19:54:00";"52";"Acidente s";"92";"BR-153/SP";"Norte";"Saída de Pista";1;0;0;0;0;0;0;0;0;0;1;0;0;0;0
"04/06/2022";"20:27:00";"54";"Acidente c";"69,3";"BR-153/SP";"Sul";"Saída de Pista";1;0;0;0;0;0;0;0;0;0;0;2;1;0;0
"05/06/2022";"07:21:00";"9";"Acidente c";"72";"BR-153/SP";"Sul";"Colisão Lateral";1;0;0;1;0;0;0;0;0;0;1;1;0;0;0
"05/06/2022";"13:56:00";"26";"Acidente c";"93";"BR-153/SP";"Norte";"Colisão Lateral";0;0;1;0;0;0;0;0;0;1;3;1;0;0;0
"06/06/2022";"10:04:00";"18";"Acidente s";"90,8";"BR-153/SP";"Sul";"Colisão Lateral";0;0;1;0;0;1;0;0;0;0;2;0;0;0;0
"06/06/2022";"11:58:00";"28";"Acidente c";"108";"BR-153/SP";"Sul";"Colisão Transversal";0;0;1;1;0;0;0;0;0;0;1;0;1;0;0
"06/06/2022";"16:21:00";"48";"Acidente s";"25,8";"BR-153/SP";"Norte";"Colisão Traseira";2;0;0;0;0;0;0;0;0;0;5;0;0;0;0
"06/06/2022";"22:40:00";"63";"Acidente c";"174";"BR-153/SP";"Sul";"Colisão Lateral";0;0;1;1;0;0;0;0;0;0;1;0;0;2;0
"07/06/2022";"09:09:00";"23";"Acidente c";"115,8";"BR-153/SP";"Sul";"Tombamento de Moto";0;0;0;1;0;0;0;0;0;0;0;1;0;0;0
"07/06/2022";"10:26:00";"30";"Acidente s";"62,8";"BR-153/SP";"Sul";"Colisão Traseira";0;0;0;0;0;0;0;0;0;2;3;0;0;0;0
"07/06/2022";"13:54:00";"44";"Acidente s";"62";"BR-153/SP";"Sul";"Colisão Transversal";1;0;1;0;0;0;0;0;0;0;2;0;0;0;0
"07/06/2022";"14:38:00";"47";"Acidente s";"22,5";"BR-153/SP";"Sul";"Colisão Traseira";0;0;2;0;0;0;0;0;0;0;2;0;0;0;0
"07/06/2022";"18:27:00";"65";"Acidente c";"256,1";"BR-153/SP";"Norte";"Colisão Traseira";1;0;0;1;0;0;0;0;0;0;1;0;1;0;0
"07/06/2022";"19:25:00";"68";"Acidente c";"271,8";"BR-153/SP";"Norte";"Tombamento de Moto";0;0;0;1;0;0;0;0;0;0;0;1;0;0;0
"08/06/2022";"18:25:00";"79";"Acidente s";"75,4";"BR-153/SP";"Sul";"Engavetamento";0;0;0;1;0;1;0;0;0;1;4;0;0;0;0
"09/06/2022";"06:55:00";"10";"Acidente s";"60";"BR-153/SP";"Sul";"Engavetamento";3;0;0;0;0;0;0;0;0;0;5;0;0;0;0
"09/06/2022";"11:33:00";"39";"Acidente s";"146";"BR-153/SP";"Norte";"Colisão Traseira";0;0;2;0;0;0;0;0;0;0;2;0;0;0;0
"10/06/2022";"07:54:00";"10";"Acidente c";"159,2";"BR-153/SP";"Norte";"Tombamento de Moto";0;0;0;1;0;0;0;0;0;0;0;1;0;0;0
"10/06/2022";"09:13:00";"24";"Acidente s";"62,7";"BR-153/SP";"Sul";"Colisão Traseira";2;0;0;0;0;0;0;0;0;0;3;0;0;0;0
"10/06/2022";"18:29:00";"71";"Acidente s";"122";"BR-153/SP";"Sul";"Colisão Frontal";1;0;0;0;0;0;0;0;0;1;4;0;0;0;0
"10/06/2022";"21:29:00";"83";"Acidente s";"287";"BR-153/SP";"Norte";"Saída de Pista";1;0;0;0;0;0;0;0;0;0;1;0;0;0;0
"10/06/2022";"23:18:00";"87";"Acidente c";"31,7";"BR-153/SP";"Norte";"Saída de Pista";1;0;0;0;0;0;0;0;0;0;0;0;1;0;0
"11/06/2022";"07:48:00";"18";"Acidente s";"289";"BR-153/SP";"Norte";"Colisão Traseira";0;0;2;0;0;0;0;0;0;0;2;0;0;0;0
"11/06/2022";"09:40:00";"30";"Acidente c";"54,5";"BR-153/SP";"Sul";"Tombamento de Moto";0;0;0;1;0;0;0;0;0;0;0;1;0;0;0
"11/06/2022";"23:42:00";"78";"Acidente s";"53";"BR-153/SP";"Sul";"Colisão Lateral";1;0;0;0;0;0;0;0;0;1;3;0;0;0;0
"12/06/2022";"01:16:00";"2";"Acidente s";"124";"BR-153/SP";"Norte";"Colisão Lateral";0;0;1;0;0;0;0;0;0;1;2;0;0;0;0
"13/06/2022";"09:24:00";"28";"Acidente s";"109";"BR-153/SP";"Norte";"Colisão Traseira";1;0;0;0;0;0;0;0;0;0;2;0;0;0;0
"13/06/2022";"12:13:00";"43";"Acidente s";"73,9";"BR-153/SP";"Sul";"Colisão Lateral";0;0;2;0;0;0;0;0;0;0;3;0;0;0;0
"13/06/2022";"20:51:00";"76";"Acidente s";"2,5";"BR-153/SP";"Norte";"Saída de Pista";1;0;0;0;0;0;0;0;0;0;2;0;0;0;0
"14/06/2022";"08:13:00";"16";"Acidente s";"45,5";"BR-153/SP";"Norte";"Saída de Pista";0;0;1;0;0;0;0;0;0;0;1;0;0;0;0
"14/06/2022";"14:40:00";"57";"Acidente c";"64";"BR-153/SP";"Norte";"Tombamento de Moto";0;0;0;1;0;0;0;0;0;0;0;1;0;0;0
"15/06/2022";"06:34:00";"6";"Acidente c";"62,6";"BR-153/SP";"Sul";"Colisão Traseira";0;0;0;1;0;0;0;0;0;1;2;1;0;0;0
"15/06/2022";"17:02:00";"56";"Acidente s";"168,2";"BR-153/SP";"Sul";"Tombamento";0;0;1;0;0;0;0;0;0;0;1;0;0;0;0
"15/06/2022";"18:07:00";"62";"Acidente s";"61";"BR-153/SP";"Sul";"Colisão Traseira";1;0;0;1;0;0;0;0;0;0;2;0;0;0;0
"15/06/2022";"18:53:00";"67";"Acidente s";"60";"BR-153/SP";"Sul";"Colisão Traseira";2;0;0;0;0;0;0;0;0;0;2;0;0;0;0
"16/06/2022";"03:45:00";"5";"Acidente s";"76,8";"BR-153/SP";"Sul";"Saída de Pista";0;0;1;0;0;0;0;0;0;0;1;0;0;0;0
"18/06/2022";"22:55:00";"63";"Acidente s";"274";"BR-153/SP";"Norte";"Saída de Pista";1;0;0;0;0;0;0;0;0;0;2;0;0;0;0
"19/06/2022";"13:16:00";"31";"Acidente s";"257";"BR-153/SP";"Norte";"Colisão Lateral";1;0;1;0;0;0;0;0;0;0;2;0;0;0;0
"20/06/2022";"14:00:00";"55";"Acidente s";"62";"BR-153/SP";"Sul";"Colisão Traseira";0;0;0;1;0;0;0;0;0;0;1;0;0;0;0
"20/06/2022";"19:03:00";"80";"Acidente c";"74,2";"BR-153/SP";"Norte";"Tombamento de Moto";0;0;0;1;0;0;0;0;0;0;0;1;0;0;0
"21/06/2022";"09:31:00";"26";"Acidente s";"62";"BR-153/SP";"Sul";"Engavetamento";2;0;0;0;0;0;0;0;0;2;9;0;0;0;0
"21/06/2022";"19:39:00";"65";"Acidente s";"80,6";"BR-153/SP";"Sul";"Saída de Pista";1;0;0;0;0;0;0;0;0;0;1;0;0;0;0
"22/06/2022";"07:12:00";"8";"Acidente c";"60,5";"BR-153/SP";"Sul";"Engavetamento";3;0;0;0;0;0;0;0;0;0;3;2;0;0;0
"22/06/2022";"18:08:00";"62";"Acidente c";"67";"BR-153/SP";"Norte";"Tombamento de Moto";0;0;0;1;0;0;0;0;0;0;0;2;0;0;0
"23/06/2022";"08:23:00";"15";"Acidente s";"62,1";"BR-153/SP";"Sul";"Engavetamento";0;0;3;0;0;0;0;0;0;1;6;0;0;0;0
"23/06/2022";"17:33:00";"70";"Acidente s";"61,88";"BR-153/SP";"Norte";"Choque contra Objeto Fixo";1;0;0;0;0;0;0;0;0;0;2;0;0;0;0
"23/06/2022";"22:46:00";"88";"Acidente s";"256";"BR-153/SP";"Norte";"Tombamento";0;0;1;0;0;0;0;0;0;0;2;0;0;0;0
"23/06/2022";"23:11:00";"89";"Acidente c";"174";"BR-153/SP";"Norte";"Tombamento de Moto";0;0;0;1;0;0;0;0;0;0;1;1;0;0;0
"24/06/2022";"16:12:00";"51";"Acidente s";"62,6";"BR-153/SP";"Sul";"Colisão Traseira";2;0;0;0;0;0;0;0;0;0;4;0;0;0;0
"25/06/2022";"08:45:00";"18";"Acidente c";"256";"BR-153/SP";"Norte";"Colisão Traseira";2;0;0;0;0;0;0;0;0;0;5;2;0;0;0
"25/06/2022";"12:57:00";"41";"Acidente s";"63,05";"BR-153/SP";"Sul";"Saída de Pista";1;0;0;0;0;0;0;0;0;0;1;0;0;0;0
"25/06/2022";"21:18:00";"86";"Acidente c";"157";"BR-153/SP";"Norte";"Colisão Transversal";1;0;1;0;0;0;0;0;0;0;1;0;1;0;0
"26/06/2022";"04:23:00";"3";"Acidente c";"268";"BR-153/SP";"Norte";"Saída de Pista";1;0;0;0;0;0;0;0;0;0;1;2;0;0;0
"27/06/2022";"14:12:00";"50";"Acidente s";"62,4";"BR-153/SP";"Sul";"Colisão Traseira";1;0;1;0;0;0;0;0;0;0;4;0;0;0;0
"27/06/2022";"18:52:00";"69";"Acidente c";"106";"BR-153/SP";"Sul";"Colisão Traseira";1;0;0;1;0;0;0;0;0;0;1;0;3;0;0
"27/06/2022";"18:57:00";"71";"Acidente c";"76,2";"BR-153/SP";"Norte";"Tombamento de Moto";0;0;0;1;0;0;0;0;0;0;0;1;0;1;0
"28/06/2022";"13:55:00";"43";"Acidente s";"62";"BR-153/SP";"Sul";"Engavetamento";1;0;0;0;0;1;0;0;0;1;2;0;0;0;0