data;horario;n_da_ocorrencia;tipo_de_ocorrencia;km;trecho;sentido;tipo_de_acidente;automovel;bicicleta;caminhao;moto;onibus;outros;tracao_animal;transporte_de_cargas_especiais;trator_maquinas;utilitarios;ilesos;levemente_feridos;moderadamente_feridos;gravemente_feridos;mortos
"28/06/2022";"17:24:00";"59";"Acidente c";"208,85";"BR-153/SP";"Norte";"Colisão Traseira";1;0;0;1;0;0;0;0;0;0;5;1;0;0;0
"29/06/2022";"11:07:00";"36";"Acidente s";"59,2";"BR-153/SP";"Sul";"Capotamento";1;0;0;0;0;0;0;0;0;0;2;0;0;0;0
"29/06/2022";"16:47:00";"62";"Acidente s";"298,8";"BR-153/SP";"Norte";"Colisão Traseira";0;0;1;0;0;0;0;0;0;1;2;0;0;0;0
"29/06/2022";"18:31:00";"74";"Acidente c";"51,4";"BR-153/SP";"Norte";"Colisão Frontal";0;1;0;1;0;0;0;0;0;0;1;1;0;0;0
"29/06/2022";"22:30:00";"82";"Acidente c";"73,4";"BR-153/SP";"Sul";"Tombamento de Moto";0;0;0;1;0;0;0;0;0;0;0;2;0;0;0
"30/06/2022";"06:53:00";"2";"Acidente s";"63,7";"BR-153/SP";"Norte";"Saída de Pista";0;0;0;0;0;0;0;0;0;1;1;0;0;0;0
"30/06/2022";"08:18:00";"7";"Acidente s";"61";"BR-153/SP";"Sul";"Colisão Traseira";2;0;0;0;0;0;0;0;0;0;3;0;0;0;0
"30/06/2022";"13:27:00";"27";"Acidente s";"296";"BR-153/SP";"Sul";"Saída de Pista";1;0;0;0;0;0;0;0;0;0;1;0;0;0;0
"30/06/2022";"14:02:00";"32";"Acidente s";"318";"BR-153/SP";"Sul";"Colisão Traseira";0;0;1;0;0;0;0;0;0;1;2;0;0;0;0
"01/07/2022";"18:42:00";"89";"Acidente s";"63,2";"BR-153/SP";"Norte";"Colisão Traseira";1;0;0;0;0;0;0;0;0;1;2;0;0;0;0
"01/07/2022";"18:42:00";"81";"Acidente s";"63,2";"BR-153/SP";"Norte";"Engavetamento";1;0;1;0;0;1;0;0;0;0;3;0;0;0;0
"01/07/2022";"18:42:00";"90";"Acidente s";"63,2";"BR-153/SP";"Norte";"Colisão Traseira";1;0;0;0;0;1;0;0;0;0;3;0;0;0;0
"01/07/2022";"23:14:00";"95";"Acidente s";"55";"BR-153/SP";"Norte";"Saída de Pista";1;0;0;0;0;0;0;0;0;0;1;0;0;0;0
"01/07/2022";"23:28:00";"96";"Acidente s";"64";"BR-153/SP";"Norte";"Saída de Pista";1;0;0;0;0;0;0;0;0;0;2;0;0;0;0
"02/07/2022";"11:41:00";"24";"Acidente s";"57";"BR-153/SP";"Norte";"Colisão Traseira";0;0;2;0;0;0;0;0;0;0;4;0;0;0;0
"02/07/2022";"18:55:00";"60";"Acidente s";"67";"BR-153/SP";"Norte";"Saída de Pista";1;0;0;0;0;0;0;0;0;0;2;0;0;0;0
"03/07/2022";"03:54:00";"3";"Acidente s";"72";"BR-153/SP";"Sul";"Saída de Pista";1;0;0;0;0;0;0;0;0;0;4;0;0;0;0
"03/07/2022";"06:41:00";"5";"Acidente s";"170,3";"BR-153/SP";"Sul";"Colisão Frontal";1;0;1;0;0;0;0;0;0;0;3;0;0;0;0
"04/07/2022";"07:24:00";"11";"Acidente s";"87,2";"BR-153/SP";"Norte";"Tombamento";0;0;1;0;0;0;0;0;0;0;1;0;0;0;0
"04/07/2022";"16:56:00";"70";"Acidente s";"27,6";"BR-153/SP";"Norte";"Colisão Traseira";1;0;0;1;0;0;0;0;0;0;2;0;0;0;0
"06/07/2022";"06:44:00";"8";"Acidente c";"62";"BR-153/SP";"Sul";"Colisão Traseira";1;0;0;1;0;0;0;0;0;0;1;1;0;0;0
"06/07/2022";"08:47:00";"17";"Acidente c";"62";"BR-153/SP";"Sul";"Colisão Traseira";1;0;0;1;0;0;0;0;0;0;2;1;0;0;0
"07/07/2022";"02:00:00";"3";"Acidente s";"73";"BR-153/SP";"Norte";"Saída de Pista";1;0;0;0;0;0;0;0;0;0;1;0;0;0;0
"07/07/2022";"15:36:00";"74";"Acidente s";"62";"BR-153/SP";"Sul";"Colisão Traseira";1;0;0;0;0;1;0;0;0;0;2;0;0;0;0
"07/07/2022";"15:58:00";"76";"Acidente s";"61,5";"BR-153/SP";"Sul";"Colisão Lateral";1;0;1;0;0;0;0;0;0;0;3;0;0;0;0
"07/07/2022";"16:40:00";"79";"Acidente s";"76";"BR-153/SP";"Norte";"Colisão Traseira";1;0;0;1;0;0;0;0;0;0;2;0;0;0;0
"07/07/2022";"16:45:00";"82";"Acidente s";"187";"BR-153/SP";"Sul";"Saída de Pista";1;0;0;0;0;0;0;0;0;0;2;0;0;0;0
"07/07/2022";"18:28:00";"92";"Acidente s";"62,8";"BR-153/SP";"Sul";"Engavetamento";4;0;0;0;0;0;0;0;0;0;7;0;0;0;0
"08/07/2022";"17:08:00";"57";"Acidente s";"51";"BR-153/SP";"Norte";"Colisão Lateral";1;0;1;0;0;0;0;0;0;0;3;0;0;0;0
"09/07/2022";"20:28:00";"75";"Acidente c";"262";"BR-153/SP";"Sul";"Colisão Transversal";0;0;0;0;0;0;0;0;1;1;2;1;0;0;0
"10/07/2022";"14:39:00";"37";"Acidente c";"161,2";"BR-153/SP";"Norte";"Colisão Lateral";0;0;0;0;0;0;0;0;0;3;2;4;0;0;0
"11/07/2022";"17:54:00";"45";"Acidente s";"62";"BR-153/SP";"Norte";"Engavetamento";2;0;0;0;0;0;0;0;0;1;7;0;0;0;0
"12/07/2022";"18:36:00";"62";"Acidente s";"63";"BR-153/SP";"Norte";"Colisão Traseira";0;0;0;0;0;0;0;0;0;2;3;0;0;0;0
"13/07/2022";"08:15:00";"17";"Acidente c";"106,5";"BR-153/SP";"Sul";"Colisão Frontal";0;0;1;1;0;0;0;0;0;0;1;0;1;0;0
"13/07/2022";"16:22:00";"59";"Acidente s";"76";"BR-153/SP";"Sul";"Saída de Pista";1;0;0;0;0;0;0;0;0;0;4;0;0;0;0
"13/07/2022";"16:54:00";"65";"Acidente s";"259";"BR-153/SP";"Sul";"Colisão Lateral";0;0;2;0;0;0;0;0;0;0;3;0;0;0;0
"14/07/2022";"17:27:00";"54";"Acidente s";"184";"BR-153/SP";"Norte";"Colisão Traseira";0;0;1;0;0;0;0;0;0;1;2;0;0;0;0
"14/07/2022";"18:06:00";"57";"Acidente c";"75";"BR-153/SP";"Sul";"Colisão Traseira";0;0;0;1;0;1;0;0;0;0;0;2;0;0;0
"15/07/2022";"16:58:00";"79";"Acidente s";"27";"BR-153/SP";"Norte";"Colisão Traseira";0;0;0;0;0;1;0;0;0;1;1;0;0;0;0
"15/07/2022";"17:01:00";"80";"Acidente s";"142";"BR-153/SP";"Norte";"Tombamento de Moto";0;0;0;1;0;0;0;0;0;0;1;0;0;0;0
"16/07/2022";"18:26:00";"57";"Acidente s";"222,8";"BR-153/SP";"Norte";"Colisão Lateral";2;0;0;0;0;0;0;0;0;0;5;0;0;0;0
"17/07/2022";"05:22:00";"5";"Acidente s";"53,4";"BR-153/SP";"Sul";"Saída de Pista";1;0;0;0;0;0;0;0;0;0;1;0;0;0;0
"19/07/2022";"13:31:00";"39";"Acidente c";"333";"BR-153/SP";"Sul";"Colisão Lateral";0;0;1;0;0;0;0;0;0;1;3;1;0;0;0
"20/07/2022";"18:10:00";"60";"Acidente s";"23";"BR-153/SP";"Sul";"Colisão Traseira";1;0;0;0;0;0;0;0;0;1;4;0;0;0;0
"21/07/2022";"09:22:00";"36";"Acidente s";"62";"BR-153/SP";"Sul";"Colisão Traseira";2;0;0;0;0;0;0;0;0;0;2;0;0;0;0
"22/07/2022";"08:14:00";"15";"Acidente s";"82,5";"BR-153/SP";"Norte";"Engavetamento";2;0;0;0;0;0;0;0;0;1;4;0;0;0;0
"22/07/2022";"13:03:00";"38";"Acidente s";"108";"BR-153/SP";"Norte";"Colisão Transversal";2;0;0;0;0;0;0;0;0;0;2;0;0;0;0
"22/07/2022";"17:31:00";"60";"Acidente s";"74,15";"BR-153/SP";"Sul";"Colisão Traseira";0;0;0;1;0;0;0;0;0;1;2;0;0;0;0
"24/07/2022";"20:06:00";"69";"Acidente c";"54,2";"BR-153/SP";"Norte";"Atropelamento de Animal";0;0;0;1;0;0;0;0;0;0;0;1;0;0;0
"24/07/2022";"22:42:00";"83";"Acidente c";"74,3";"BR-153/SP";"Sul";"Colisão Traseira";1;0;0;1;0;0;0;0;0;0;2;2;0;0;0
"25/07/2022";"10:04:00";"22";"Acidente s";"80,9";"BR-153/SP";"Norte";"Colisão Traseira";0;0;1;0;0;0;0;0;0;1;3;0;0;0;0
"27/07/2022";"11:43:00";"29";"Acidente s";"227,5";"BR-153/SP";"Sul";"Colisão Traseira";1;0;2;0;0;0;0;0;0;0;2;0;0;0;0
"27/07/2022";"15:17:00";"44";"Acidente c";"35,8";"BR-153/SP";"Norte";"Colisão Lateral";0;0;1;0;0;1;0;0;0;0;1;2;0;0;0
"27/07/2022";"15:36:00";"46";"Acidente s";"12,2";"BR-153/SP";"Norte";"Colisão Traseira";1;0;1;0;0;0;0;0;0;0;2;0;0;0;0
"27/07/2022";"17:18:00";"56";"Acidente s";"62,2";"BR-153/SP";"Sul";"Engavetamento";0;0;0;0;0;3;0;0;0;1;4;0;0;0;0
"28/07/2022";"07:48:00";"9";"Acidente s";"161,3";"BR-153/SP";"Sul";"Colisão Transversal";1;0;1;0;0;0;0;0;0;0;2;0;0;0;0
"28/07/2022";"14:44:00";"35";"Acidente c";"63";"BR-153/SP";"Sul";"Engavetamento";2;0;0;0;0;0;0;0;0;1;3;1;0;0;0
"29/07/2022";"15:34:00";"52";"Acidente c";"64,6";"BR-153/SP";"Norte";"Saída de Pista";0;0;0;1;0;0;0;0;0;0;0;0;1;0;0
"29/07/2022";"18:47:00";"64";"Acidente s";"63,1";"BR-153/SP";"Norte";"Engavetamento";2;0;0;0;0;0;0;0;0;1;5;0;0;0;0
"30/07/2022";"03:48:00";"8";"Acidente s";"56";"BR-153/SP";"Norte";"Atropelamento de Animal";0;0;0;0;0;0;0;0;0;1;5;0;0;0;0
"31/07/2022";"18:54:00";"63";"Acidente s";"87,6";"BR-153/SP";"Norte";"Colisão Traseira";2;0;0;0;0;0;0;0;0;0;3;0;0;0;0
"01/08/2022";"19:41:00";"53";"Acidente s";"280";"BR-153/SP";"Norte";"Colisão Transversal";1;0;0;0;0;1;0;0;0;0;2;0;0;0;0
"01/08/2022";"19:53:00";"55";"Acidente s";"215,2";"BR-153/SP";"Norte";"Colisão Transversal";0;0;1;0;0;0;0;0;0;1;2;0;0;0;0
"02/08/2022";"14:50:00";"54";"Acidente s";"58,2";"BR-153/SP";"Sul";"Colisão Lateral";1;0;0;0;0;0;0;0;0;1;2;0;0;0;0
"02/08/2022";"16:27:00";"65";"Acidente c";"182";"BR-153/SP";"Norte";"Colisão Transversal";2;0;0;0;0;0;0;0;0;0;4;1;1;0;0
"02/08/2022";"18:23:00";"77";"Acidente s";"63";"BR-153/SP";"Norte";"Colisão Traseira";1;0;0;0;0;0;0;0;0;1;4;0;0;0;0
"03/08/2022";"10:10:00";"25";"Acidente s";"24,6";"BR-153/SP";"Sul";"Colisão Traseira";0;0;2;0;0;0;0;0;0;0;2;0;0;0;0
"03/08/2022";"13:28:00";"40";"Acidente s";"70,6";"BR-153/SP";"Sul";"Colisão Traseira";1;0;0;0;0;0;0;0;0;0;1;0;0;0;0
"04/08/2022";"07:14:00";"12";"Acidente c";"61,2";"BR-153/SP";"Norte";"Colisão Traseira";0;0;0;2;0;0;0;0;0;0;0;2;0;0;0
"04/08/2022";"09:11:00";"22";"Acidente s";"61,8";"BR-153/SP";"Sul";"Engavetamento";3;0;0;0;0;0;0;0;0;1;4;0;0;0;0
"04/08/2022";"09:45:00";"24";"Acidente s";"61,8";"BR-153/SP";"Sul";"Colisão Traseira";4;0;2;0;0;0;0;0;0;0;7;0;0;0;0
"04/08/2022";"13:57:00";"44";"Acidente s";"57,6";"BR-153/SP";"Sul";"Tombamento de Moto";0;0;1;1;0;0;0;0;0;0;2;0;0;0;0
"04/08/2022";"17:40:00";"62";"Acidente s";"62";"BR-153/SP";"Sul";"Colisão Traseira";2;0;0;0;0;0;0;0;0;0;2;0;0;0;0
"05/08/2022";"03:24:00";"2";"Acidente s";"344";"BR-153/SP";"Norte";"Saída de Pista";0;0;1;0;0;0;0;0;0;0;1;0;0;0;0
"05/08/2022";"07:30:00";"14";"Acidente s";"61";"BR-153/SP";"Sul";"Colisão Traseira";1;0;1;0;0;0;0;0;0;0;2;0;0;0;0
"05/08/2022";"19:38:00";"66";"Acidente c";"63";"BR-153/SP";"Norte";"Engavetamento";4;0;0;0;0;0;0;0;0;0;6;1;0;0;0
"05/08/2022";"20:07:00";"70";"Acidente c";"5";"BR-153/SP";"Norte";"Colisão Transversal";1;0;0;0;0;0;0;0;0;1;5;1;0;0;0
"06/08/2022";"02:15:00";"7";"Acidente s";"85";"BR-153/SP";"Norte";"Saída de Pista";1;0;0;0;0;0;0;0;0;0;1;0;0;0;0
"06/08/2022";"19:45:00";"68";"Acidente s";"65";"BR-153/SP";"Sul";"Colisão Traseira";1;0;0;0;0;0;0;0;0;1;5;0;0;0;0
"06/08/2022";"20:07:00";"70";"Acidente c";"181,8";"BR-153/SP";"Sul";"Capotamento";1;0;0;0;0;0;0;0;0;0;0;1;2;0;0
"07/08/2022";"07:31:00";"7";"Acidente s";"293,9";"BR-153/SP";"Norte";"Colisão Lateral";1;0;1;0;0;0;0;0;0;0;4;0;0;0;0
"07/08/2022";"18:48:00";"56";"Acidente c";"144";"BR-153/SP";"Sul";"Colisão Lateral";1;0;0;0;0;1;0;0;0;0;3;1;0;1;0
"08/08/2022";"06:10:00";"1";"Acidente s";"275";"BR-153/SP";"Norte";"Capotamento";0;0;0;0;0;0;0;0;0;1;2;0;0;0;0
"08/08/2022";"08:07:00";"13";"Acidente c";"124";"BR-153/SP";"Norte";"Saída de Pista";1;0;0;0;0;0;0;0;0;0;1;1;0;0;0
"09/08/2022";"06:28:00";"6";"Acidente c";"260,9";"BR-153/SP";"Sul";"Tombamento de Moto";0;0;0;1;0;0;0;0;0;0;0;1;0;0;0
"09/08/2022";"07:59:00";"14";"Acidente c";"75";"BR-153/SP";"Norte";"Tombamento de Moto";0;0;0;1;0;0;0;0;0;0;0;1;0;0;0
"09/08/2022";"13:36:00";"42";"Acidente s";"30,2";"BR-153/SP";"Sul";"Colisão Transversal";0;0;0;0;0;0;0;0;0;2;3;0;0;0;0
"11/08/2022";"09:44:00";"25";"Acidente s";"31,7";"BR-153/SP";"Norte";"Colisão Traseira";1;0;0;0;0;0;0;0;0;0;1;0;0;0;0
"12/08/2022";"14:32:00";"43";"Acidente s";"62,3";"BR-153/SP";"Sul";"Colisão Traseira";0;0;0;0;0;0;0;0;0;2;4;0;0;0;0
"12/08/2022";"15:16:00";"50";"Acidente c";"108";"BR-153/SP";"Norte";"Colisão Lateral";1;0;0;1;0;0;0;0;0;0;5;1;0;0;0
"12/08/2022";"16:08:00";"56";"Acidente s";"218,95";"BR-153/SP";"Norte";"Colisão Traseira";1;0;1;0;0;0;0;0;0;0;3;0;0;0;0
"12/08/2022";"16:31:00";"58";"Acidente c";"48,95";"BR-153/SP";"Norte";"Saída de Pista";1;0;0;0;0;0;0;0;0;0;1;0;1;0;0
"12/08/2022";"18:37:00";"68";"Acidente c";"106,4";"BR-153/SP";"Norte";"Colisão Transversal";1;0;0;1;0;0;0;0;0;0;2;0;1;0;0
"12/08/2022";"18:50:00";"69";"Acidente s";"62";"BR-153/SP";"Norte";"Colisão Traseira";1;0;0;0;0;0;0;0;0;1;2;0;0;0;0
"13/08/2022";"07:24:00";"6";"Acidente c";"53,3";"BR-153/SP";"Norte";"Capotamento";1;0;0;0;0;0;0;0;0;0;1;1;0;0;0
"13/08/2022";"19:01:00";"53";"Acidente c";"324";"BR-153/SP";"Norte";"Saída de Pista";1;0;0;0;0;0;0;0;0;0;0;1;0;0;0
"13/08/2022";"20:59:00";"63";"Acidente s";"82";"BR-153/SP";"Norte";"Saída de Pista";1;0;0;0;0;0;0;0;0;0;1;0;0;0;0
"14/08/2022";"12:30:00";"25";"Acidente c";"64,15";"BR-153/SP";"Sul";"Tombamento de Moto";0;0;0;1;0;0;0;0;0;0;1;0;1;0;0
"14/08/2022";"16:28:00";"42";"Acidente s";"35,8";"BR-153/SP";"Sul";"Colisão Lateral";2;0;0;0;0;0;0;0;0;0;3;0;0;0;0
"15/08/2022";"06:15:00";"6";"Acidente s";"46,6";"BR-153/SP";"Norte";"Saída de Pista";0;0;0;0;0;0;0;0;0;1;1;0;0;0;0
"15/08/2022";"15:32:00";"40";"Acidente s";"119";"BR-153/SP";"Norte";"Colisão Lateral";2;0;0;0;0;0;0;0;0;0;2;0;0;0;0
"16/08/2022";"13:53:00";"48";"Acidente s";"62,4";"BR-153/SP";"Sul";"Engavetamento";1;0;1;0;0;0;0;0;0;1;5;0;0;0;0
"17/08/2022";"09:23:00";"20";"Acidente s";"265";"BR-153/SP";"Sul";"Tombamento";0;0;1;0;0;0;0;0;0;0;1;0;0;0;0
"17/08/2022";"16:28:00";"60";"Acidente s";"321";"BR-153/SP";"Norte";"Colisão Transversal";0;0;1;0;0;0;0;0;0;1;2;0;0;0;0
"17/08/2022";"16:34:00";"61";"Acidente s";"57,8";"BR-153/SP";"Sul";"Colisão Lateral";0;0;2;0;0;0;0;0;0;0;2;0;0;0;0
"17/08/2022";"17:23:00";"64";"Acidente c";"58,4";"BR-153/SP";"Norte";"Engavetamento";2;0;2;0;0;0;0;0;0;0;4;2;0;0;0
"17/08/2022";"19:06:00";"68";"Acidente s";"345,4";"BR-153/SP";"Norte";"Choque contra Objeto Fixo";1;0;0;0;0;0;0;0;0;0;1;0;0;0;0
"18/08/2022";"05:39:00";"1";"Acidente c";"51";"BR-153/SP";"Sul";"Tombamento de Moto";0;0;0;1;0;0;0;0;0;0;0;2;0;0;0
"18/08/2022";"11:53:00";"45";"Acidente c";"81";"BR-153/SP";"Norte";"Colisão Traseira";0;0;0;0;0;0;0;0;0;2;5;1;0;0;0
"19/08/2022";"09:25:00";"15";"Acidente c";"64";"BR-153/SP";"Sul";"Choque contra objeto na faixa de rolamento";1;0;0;1;0;0;0;0;0;0;1;1;0;0;0
"19/08/2022";"18:16:00";"45";"Acidente c";"80,1";"BR-153/SP";"Sul";"Colisão Traseira";2;0;0;0;0;0;0;0;0;0;2;2;0;0;0
"19/08/2022";"21:23:00";"56";"Acidente s";"108";"BR-153/SP";"Norte";"Colisão Lateral";1;0;1;0;0;0;0;0;0;0;4;0;0;0;0
"20/08/2022";"01:05:00";"3";"Acidente c";"113,9";"BR-153/SP";"Norte";"Colisão Traseira";1;0;0;0;0;0;0;0;0;0;0;1;0;0;0
"20/08/2022";"09:26:00";"20";"Acidente c";"149";"BR-153/SP";"Sul";"Saída de Pista";1;0;0;0;0;0;0;0;0;0;0;2;1;0;0
"20/08/2022";"12:50:00";"39";"Acidente s";"174";"BR-153/SP";"Norte";"Colisão Lateral";1;0;1;0;0;0;0;0;0;0;3;0;0;0;0
"20/08/2022";"17:52:00";"68";"Acidente s";"61,4";"BR-153/SP";"Norte";"Colisão Lateral";0;0;1;0;0;0;0;0;0;1;3;0;0;0;0
"20/08/2022";"18:29:00";"73";"Acidente c";"211,6";"BR-153/SP";"Norte";"Colisão Lateral";0;0;1;0;0;0;0;0;0;1;2;0;1;0;0
"20/08/2022";"19:38:00";"75";"Acidente s";"64";"BR-153/SP";"Norte";"Tombamento de Moto";0;0;0;1;0;0;0;0;0;0;1;0;0;0;0
"23/08/2022";"00:34:00";"1";"Acidente c";"56,3";"BR-153/SP";"Norte";"Saída de Pista";0;0;0;0;0;0;0;0;0;1;0;0;0;1;0
"23/08/2022";"14:40:00";"50";"Acidente c";"216";"BR-153/SP";"Norte";"Colisão Traseira";0;0;2;0;0;0;0;0;0;0;1;0;0;0;1
"23/08/2022";"17:19:00";"61";"Acidente s";"61,95";"BR-153/SP";"Norte";"Colisão Traseira";2;0;0;0;0;0;0;0;0;0;2;0;0;0;0
"24/08/2022";"07:27:00";"8";"Acidente c";"61";"BR-153/SP";"Sul";"Colisão Traseira";1;0;0;1;0;0;0;0;0;0;2;0;0;1;0
"24/08/2022";"18:14:00";"67";"Acidente c";"62";"BR-153/SP";"Sul";"Colisão Lateral";0;0;1;1;0;0;0;0;0;0;2;0;1;0;0
"25/08/2022";"17:11:00";"64";"Acidente c";"71,8";"BR-153/SP";"Norte";"Tombamento de Moto";0;0;0;1;0;0;0;0;0;0;0;2;0;0;0
"25/08/2022";"18:58:00";"73";"Acidente s";"258";"BR-153/SP";"Norte";"Atropelamento de Animal";0;0;0;0;0;0;0;0;0;1;1;0;0;0;0
"25/08/2022";"19:48:00";"75";"Acidente c";"54,4";"BR-153/SP";"Norte";"Tombamento de Moto";0;0;0;1;0;0;0;0;0;0;0;1;0;0;0
"25/08/2022";"22:31:00";"79";"Acidente c";"39,5";"BR-153/SP";"Sul";"Saída de Pista";1;0;0;0;0;0;0;0;0;0;0;0;0;1;1
"26/08/2022";"14:22:00";"56";"Acidente s";"62,4";"BR-153/SP";"Norte";"Engavetamento";2;0;0;0;0;1;0;0;0;0;7;0;0;0;0
"26/08/2022";"18:45:00";"83";"Acidente s";"291,8";"BR-153/SP";"Sul";"Saída de Pista";0;0;1;0;0;0;0;0;0;0;1;0;0;0;0
"27/08/2022";"16:11:00";"49";"Acidente s";"321";"BR-153/SP";"Norte";"Colisão Transversal";1;0;1;0;0;0;0;0;0;0;4;0;0;0;0
"28/08/2022";"12:07:00";"21";"Acidente c";"63,1";"BR-153/SP";"Sul";"Colisão Traseira";0;0;0;2;0;0;0;0;0;0;1;1;0;0;0
"28/08/2022";"19:46:00";"67";"Acidente s";"56,6";"BR-153/SP";"Norte";"Choque contra Objeto Fixo";1;0;0;0;0;0;0;0;0;0;1;0;0;0;0
"29/08/2022";"09:25:00";"13";"Acidente s";"62,5";"BR-153/SP";"Sul";"Colisão Traseira";2;0;0;0;0;0;0;0;0;0;6;0;0;0;0
"29/08/2022";"18:35:00";"43";"Acidente c";"37,4";"BR-153/SP";"Norte";"Colisão Transversal";0;0;0;2;0;0;0;0;0;0;0;2;0;0;0
"30/08/2022";"08:58:00";"17";"Acidente s";"273,3";"BR-153/SP";"Norte";"Colisão Lateral";1;0;1;0;0;0;0;0;0;0;4;0;0;0;0
"30/08/2022";"14:27:00";"47";"Acidente c";"62,7";"BR-153/SP";"Sul";"Colisão Transversal";1;0;0;1;0;0;0;0;0;0;1;1;0;0;0
"31/08/2022";"05:12:00";"11";"Acidente s";"81";"BR-153/SP";"Norte";"Saída de Pista";0;0;0;0;0;1;0;0;0;0;1;0;0;0;0
"31/08/2022";"13:33:00";"50";"Acidente c";"63,9";"BR-153/SP";"Norte";"Tombamento de Moto";0;0;0;1;0;0;0;0;0;0;0;2;0;0;0
"31/08/2022";"16:39:00";"60";"Acidente s";"33,2";"BR-153/SP";"Sul";"Colisão Lateral";0;0;2;0;0;0;0;0;0;0;4;0;0;0;0
"31/08/2022";"22:48:00";"83";"Acidente s";"339,5";"BR-153/SP";"Sul";"Saída de Pista";1;0;0;0;0;0;0;0;0;0;1;0;0;0;0
"01/09/2022";"21:07:00";"75";"Acidente s";"2";"BR-153/SP";"Norte";"Saída de Pista";0;0;0;0;0;0;0;0;0;1;1;0;0;0;0
"01/09/2022";"23:09:00";"82";"Acidente s";"312,1";"BR-153/SP";"Sul";"Tombamento";0;0;1;0;0;0;0;0;0;0;1;0;0;0;0
"02/09/2022";"04:50:00";"6";"Acidente s";"40,7";"BR-153/SP";"Norte";"Colisão Lateral";1;0;0;0;0;0;0;0;0;0;1;0;0;0;0
"02/09/2022";"06:14:00";"7";"Acidente s";"83";"BR-153/SP";"Sul";"Atropelamento de Animal";0;0;1;0;0;0;0;0;0;0;1;0;0;0;0
"02/09/2022";"07:44:00";"11";"Acidente s";"62";"BR-153/SP";"Sul";"Colisão Traseira";0;0;1;0;0;0;0;0;0;1;3;0;0;0;0
"02/09/2022";"21:14:00";"82";"Acidente s";"321";"BR-153/SP";"Norte";"Colisão Transversal";1;0;1;0;0;0;0;0;0;0;4;0;0;0;0
"03/09/2022";"02:43:00";"4";"Acidente c";"64";"BR-153/SP";"Sul";"Saída de Pista";1;0;0;0;0;0;0;0;0;0;0;1;0;0;0
"03/09/2022";"06:08:00";"7";"Acidente s";"324";"BR-153/SP";"Norte";"Saída de Pista";1;0;0;0;0;0;0;0;0;0;4;0;0;0;0
"04/09/2022";"03:03:00";"3";"Acidente s";"276";"BR-153/SP";"Sul";"Saída de Pista";1;0;0;0;0;0;0;0;0;0;1;0;0;0;0
"05/09/2022";"17:25:00";"47";"Acidente c";"62,4";"BR-153/SP";"Sul";"Colisão Traseira";0;0;0;1;0;0;0;0;0;1;1;1;0;0;0
"06/09/2022";"02:32:00";"1";"Acidente s";"12";"BR-153/SP";"Norte";"Atropelamento de Animal";0;0;0;0;0;0;0;0;0;1;1;0;0;0;0
"06/09/2022";"07:15:00";"7";"Acidente c";"74,7";"BR-153/SP";"Norte";"Tombamento de Moto";0;0;0;1;0;0;0;0;0;0;0;1;0;0;0
"06/09/2022";"07:20:00";"8";"Acidente s";"74,9";"BR-153/SP";"Norte";"Engavetamento";3;0;0;0;0;0;0;0;0;1;7;0;0;0;0
"07/09/2022";"12:56:00";"36";"Acidente s";"81";"BR-153/SP";"Sul";"Tombamento";0;0;1;0;0;0;0;0;0;0;1;0;0;0;0
"07/09/2022";"18:55:00";"61";"Acidente c";"317,5";"BR-153/SP";"Sul";"Colisão Transversal";0;0;2;0;0;0;0;0;0;0;1;0;0;1;0
"08/09/2022";"16:11:00";"56";"Acidente c";"61";"BR-153/SP";"Sul";"Tombamento de Moto";0;0;0;1;0;0;0;0;0;0;0;1;0;0;0
"09/09/2022";"00:34:00";"1";"Acidente s";"33";"BR-153/SP";"Sul";"Saída de Pista";0;0;0;0;0;1;0;0;0;0;1;0;0;0;0
"09/09/2022";"07:49:00";"13";"Acidente s";"61";"BR-153/SP";"Sul";"Colisão Traseira";1;0;0;0;0;0;0;0;0;0;3;0;0;0;0
"09/09/2022";"07:55:00";"14";"Acidente s";"61";"BR-153/SP";"Sul";"Engavetamento";3;0;0;0;0;0;0;0;0;0;8;0;0;0;0
"09/09/2022";"10:57:00";"32";"Acidente s";"296";"BR-153/SP";"Norte";"Colisão Lateral";0;0;1;0;0;0;0;0;0;0;1;0;0;0;0
"09/09/2022";"15:34:00";"72";"Acidente c";"99";"BR-153/SP";"Norte";"Colisão Transversal";0;0;0;0;0;1;0;0;0;1;0;1;0;0;0
"09/09/2022";"18:37:00";"98";"Acidente s";"105";"BR-153/SP";"Sul";"Colisão Lateral";1;0;0;0;0;1;0;0;0;0;3;0;0;0;0
"09/09/2022";"19:07:00";"100";"Acidente s";"121,5";"BR-153/SP";"Norte";"Choque contra Objeto Fixo";1;0;0;0;0;0;0;0;0;0;1;0;0;0;0
"10/09/2022";"06:56:00";"15";"Acidente s";"57";"BR-153/SP";"Sul";"Saída de Pista";1;0;0;0;0;0;0;0;0;0;1;0;0;0;0
"10/09/2022";"09:08:00";"25";"Acidente c";"96,9";"BR-153/SP";"Norte";"Saída de Pista";1;0;0;0;0;0;0;0;0;0;0;0;2;0;0
"10/09/2022";"23:31:00";"90";"Acidente c";"206";"BR-153/SP";"Norte";"Saída de Pista";1;0;0;0;0;0;0;0;0;0;0;0;1;0;0
"10/09/2022";"23:50:00";"91";"Acidente s";"206";"BR-153/SP";"Norte";"Colisão Transversal";1;0;0;0;0;0;0;0;0;0;2;0;0;0;0
"11/09/2022";"08:42:00";"21";"Acidente c";"28,6";"BR-153/SP";"Norte";"Tombamento de Moto";0;0;0;1;0;0;0;0;0;0;0;0;0;1;0
"12/09/2022";"05:46:00";"2";"Acidente s";"76";"BR-153/SP";"Norte";"Saída de Pista";0;0;0;0;0;0;0;0;0;1;2;0;0;0;0