data;horario;n_da_ocorrencia;tipo_de_ocorrencia;km;trecho;sentido;tipo_de_acidente;automovel;bicicleta;caminhao;moto;onibus;outros;tracao_animal;transporte_de_cargas_especiais;trator_maquinas;utilitarios;ilesos;levemente_feridos;moderadamente_feridos;gravemente_feridos;mortos
"12/05/2023";"08:14:00";"8";"Acidente s";"15";"BR-153/SP";"Norte";"Colisão Frontal";0;0;2;0;0;0;0;0;0;2;5;0;0;0;0
"12/05/2023";"10:57:00";"26";"Acidente s";"108";"BR-153/SP";"Norte";"Engavetamento";0;0;3;0;0;0;0;0;0;0;3;0;0;0;0
"12/05/2023";"11:13:00";"28";"Acidente s";"108,05";"BR-153/SP";"Norte";"Colisão Traseira";1;0;1;0;0;0;0;0;0;0;3;0;0;0;0
"13/05/2023";"21:49:00";"77";"Acidente c";"27,2";"BR-153/SP";"Norte";"Colisão Lateral";0;0;1;0;0;0;0;0;0;1;1;0;1;0;0
"14/05/2023";"19:36:00";"38";"Acidente c";"65,2";"BR-153/SP";"Sul";"Colisão Traseira";0;0;0;1;0;0;0;0;0;1;1;2;0;0;0
"15/05/2023";"06:46:00";"3";"Acidente c";"110";"BR-153/SP";"Sul";"Capotamento";1;0;0;0;0;0;0;0;0;0;0;1;0;0;0
"16/05/2023";"08:47:00";"17";"Acidente s";"61,2";"BR-153/SP";"Sul";"Engavetamento";1;0;0;0;0;1;0;0;0;1;3;0;0;0;0
"16/05/2023";"14:33:00";"45";"Acidente s";"307,95";"BR-153/SP";"Sul";"Colisão Traseira";0;0;2;0;0;0;0;0;0;0;3;0;0;0;0
"17/05/2023";"00:15:00";"2";"Acidente s";"151";"BR-153/SP";"Sul";"Atropelamento de Animal";0;0;1;0;0;0;0;0;0;0;1;0;0;0;0
"17/05/2023";"07:21:00";"12";"Acidente s";"61,5";"BR-153/SP";"Sul";"Engavetamento";1;0;0;0;0;0;0;0;0;2;5;0;0;0;0
"17/05/2023";"07:36:00";"13";"Acidente c";"255";"BR-153/SP";"Norte";"Colisão Traseira";0;0;0;1;0;0;0;0;0;1;1;1;0;0;0
"18/05/2023";"18:17:00";"83";"Acidente s";"61,2";"BR-153/SP";"Sul";"Colisão Traseira";3;0;0;0;0;0;0;0;0;0;4;0;0;0;0
"19/05/2023";"09:47:00";"20";"Acidente s";"85";"BR-153/SP";"Norte";"Colisão Traseira";2;0;0;0;0;0;0;0;0;0;4;0;0;0;0
"19/05/2023";"23:08:00";"97";"Acidente s";"87";"BR-153/SP";"Sul";"Atropelamento de Animal";1;0;0;0;0;0;0;0;0;0;1;0;0;0;0
"20/05/2023";"03:10:00";"7";"Acidente s";"51";"BR-153/SP";"Sul";"Saída de Pista";1;0;0;0;0;0;0;0;0;0;4;0;0;0;0
"20/05/2023";"18:35:00";"64";"Acidente c";"118,1";"BR-153/SP";"Sul";"Colisão Traseira";1;0;0;1;0;0;0;0;0;0;4;0;1;0;0
"21/05/2023";"13:45:00";"46";"Acidente c";"27,8";"BR-153/SP";"Norte";"Colisão Transversal";1;0;1;0;0;0;0;0;0;0;1;0;1;0;0
"23/05/2023";"21:43:00";"74";"Acidente s";"275";"BR-153/SP";"Sul";"Colisão Frontal";1;0;1;0;0;0;0;0;0;0;2;0;0;0;0
"24/05/2023";"17:10:00";"59";"Acidente s";"31,4";"BR-153/SP";"Norte";"Colisão Transversal";1;0;0;1;0;0;0;0;0;0;3;0;0;0;0
"25/05/2023";"07:18:00";"11";"Acidente c";"58";"BR-153/SP";"Sul";"Colisão Traseira";1;0;0;1;0;0;0;0;0;0;2;2;0;0;0
"25/05/2023";"07:33:00";"16";"Acidente c";"58,1";"BR-153/SP";"Sul";"Colisão Traseira";1;0;0;1;0;0;0;0;0;0;3;1;0;0;0
"25/05/2023";"07:43:00";"17";"Acidente c";"53,7";"BR-153/SP";"Norte";"Colisão Transversal";1;1;0;0;0;0;0;0;0;0;2;0;1;0;0
"25/05/2023";"12:01:00";"50";"Acidente s";"280";"BR-153/SP";"Sul";"Colisão Transversal";1;0;1;0;0;0;0;0;0;0;2;0;0;0;0
"25/05/2023";"16:28:00";"79";"Acidente c";"25,9";"BR-153/SP";"Norte";"Saída de Pista";1;0;0;0;0;0;0;0;0;0;1;1;0;0;0
"26/05/2023";"05:51:00";"9";"Acidente s";"99,95";"BR-153/SP";"Norte";"Saída de Pista";0;0;1;0;0;0;0;0;0;0;1;0;0;0;0
"26/05/2023";"08:03:00";"15";"Acidente c";"60";"BR-153/SP";"Sul";"Colisão Traseira";1;0;0;1;0;0;0;0;0;0;1;1;0;0;0
"26/05/2023";"20:03:00";"91";"Acidente s";"129";"BR-153/SP";"Norte";"Capotamento";1;0;0;0;0;0;0;0;0;0;1;0;0;0;0
"27/05/2023";"07:29:00";"13";"Acidente s";"30";"BR-153/SP";"Sul";"Saída de Pista";1;0;0;0;0;0;0;0;0;0;1;0;0;0;0
"28/05/2023";"08:14:00";"13";"Acidente c";"150,4";"BR-153/SP";"Sul";"Tombamento de Moto";0;0;0;1;0;0;0;0;0;0;0;0;1;0;0
"28/05/2023";"12:08:00";"22";"Acidente c";"292";"BR-153/SP";"Sul";"Colisão Frontal";0;0;2;0;0;0;0;0;0;0;0;0;0;2;0
"29/05/2023";"01:10:00";"1";"Acidente s";"220,3";"BR-153/SP";"Norte";"Colisão Lateral";0;0;0;0;1;1;0;0;0;0;20;0;0;0;0
"30/05/2023";"06:51:00";"8";"Acidente c";"60";"BR-153/SP";"Sul";"Colisão Transversal";1;0;0;0;0;0;0;0;0;1;1;1;0;0;0
"31/05/2023";"11:13:00";"45";"Acidente s";"72,5";"BR-153/SP";"Norte";"Saída de Pista";0;0;0;0;0;0;0;0;0;1;2;0;0;0;0
"31/05/2023";"13:42:00";"64";"Acidente c";"83,9";"BR-153/SP";"Sul";"Colisão Frontal";1;0;0;0;0;0;0;0;0;1;1;0;0;1;0
"01/06/2023";"06:51:00";"11";"Acidente s";"93,7";"BR-153/SP";"Norte";"Colisão Traseira";0;0;2;0;0;0;0;0;0;0;2;0;0;0;0
"01/06/2023";"19:05:00";"84";"Acidente s";"60,5";"BR-153/SP";"Sul";"Colisão Traseira";2;0;0;0;0;0;0;0;0;0;2;0;0;0;0
"02/06/2023";"06:05:00";"10";"Acidente s";"108,3";"BR-153/SP";"Norte";"Colisão Traseira";1;0;1;0;0;0;0;0;0;0;2;0;0;0;0
"02/06/2023";"07:00:00";"18";"Acidente c";"215";"BR-153/SP";"Norte";"Outros";0;0;1;0;0;0;0;0;0;0;18;2;0;0;0
"02/06/2023";"14:33:00";"62";"Acidente c";"62";"BR-153/SP";"Sul";"Engavetamento";4;0;1;0;0;0;0;0;0;0;8;1;0;0;0
"02/06/2023";"16:10:00";"68";"Acidente s";"60,5";"BR-153/SP";"Sul";"Saída de Pista";1;0;0;0;0;0;0;0;0;0;1;0;0;0;0
"02/06/2023";"19:05:00";"80";"Acidente c";"37,7";"BR-153/SP";"Norte";"Colisão Traseira";1;0;0;1;0;0;0;0;0;0;1;0;1;0;0
"03/06/2023";"10:41:00";"28";"Acidente s";"255";"BR-153/SP";"Sul";"Colisão Lateral";0;0;0;0;0;1;0;0;0;0;2;0;0;0;0
"03/06/2023";"19:06:00";"66";"Acidente c";"74";"BR-153/SP";"Norte";"Atropelamento  de Pedestre";1;0;0;0;0;0;0;0;0;0;2;0;0;0;1
"04/06/2023";"07:23:00";"8";"Acidente s";"256";"BR-153/SP";"Norte";"Saída de Pista";0;0;0;0;0;0;0;0;0;1;3;0;0;0;0
"04/06/2023";"12:26:00";"28";"Acidente c";"115,5";"BR-153/SP";"Norte";"Tombamento de Moto";0;0;0;1;0;0;0;0;0;0;0;1;0;0;0
"04/06/2023";"19:24:00";"51";"Acidente s";"63,4";"BR-153/SP";"Norte";"Colisão Traseira";2;0;0;0;0;0;0;0;0;0;4;0;0;0;0
"05/06/2023";"16:05:00";"52";"Acidente s";"171";"BR-153/SP";"Sul";"Colisão Traseira";0;0;0;0;0;0;0;0;0;2;8;0;0;0;0
"06/06/2023";"00:16:00";"2";"Acidente s";"111,4";"BR-153/SP";"Sul";"Atropelamento de Animal";1;0;0;0;0;0;0;0;0;0;2;0;0;0;0
"06/06/2023";"15:11:00";"70";"Acidente s";"62,15";"BR-153/SP";"Sul";"Engavetamento";2;0;0;0;0;0;0;0;0;1;4;0;0;0;0
"06/06/2023";"19:22:00";"89";"Acidente s";"62";"BR-153/SP";"Norte";"Engavetamento";1;0;1;0;0;0;0;0;0;0;3;0;0;0;0
"07/06/2023";"07:36:00";"4";"Acidente c";"75,6";"BR-153/SP";"Norte";"Tombamento de Moto";0;0;0;1;0;0;0;0;0;0;0;1;0;0;0
"07/06/2023";"08:44:00";"13";"Acidente s";"60";"BR-153/SP";"Sul";"Colisão Traseira";1;0;0;0;0;0;0;0;0;1;2;0;0;0;0
"07/06/2023";"17:46:00";"64";"Acidente c";"61";"BR-153/SP";"Sul";"Colisão Traseira";1;0;0;1;0;0;0;0;0;0;1;1;0;0;0
"07/06/2023";"18:01:00";"67";"Acidente c";"60";"BR-153/SP";"Sul";"Colisão Lateral";1;0;0;1;0;0;0;0;0;0;2;2;0;0;0
"07/06/2023";"18:50:00";"72";"Acidente c";"61";"BR-153/SP";"Norte";"Colisão Traseira";0;0;0;1;0;0;0;0;0;0;0;1;0;0;0
"08/06/2023";"11:01:00";"27";"Acidente s";"86";"BR-153/SP";"Sul";"Engavetamento";4;0;0;0;0;0;0;0;0;0;9;0;0;0;0
"08/06/2023";"11:50:00";"34";"Acidente c";"129,3";"BR-153/SP";"Sul";"Tombamento de Moto";0;0;0;1;0;0;0;0;0;0;0;2;0;0;0
"09/06/2023";"17:56:00";"59";"Acidente c";"64,3";"BR-153/SP";"Sul";"Tombamento de Moto";0;0;0;1;0;0;0;0;0;0;0;1;0;0;0
"10/06/2023";"21:17:00";"67";"Acidente c";"25";"BR-153/SP";"Sul";"Colisão Transversal";2;0;0;0;0;0;0;0;0;0;2;0;1;0;0
"11/06/2023";"22:11:00";"75";"Acidente s";"48";"BR-153/SP";"Norte";"Saída de Pista";1;0;0;0;0;0;0;0;0;0;2;0;0;0;0
"13/06/2023";"07:06:00";"10";"Acidente c";"25,4";"BR-153/SP";"Sul";"Tombamento de Moto";0;0;0;1;0;0;0;0;0;0;0;1;0;0;0
"13/06/2023";"08:41:00";"14";"Acidente c";"62";"BR-153/SP";"Sul";"Colisão Traseira";0;0;0;2;0;0;0;0;0;0;0;2;0;0;0
"13/06/2023";"12:57:00";"26";"Acidente c";"319";"BR-153/SP";"Norte";"Colisão Frontal";1;0;1;0;0;0;0;0;0;0;0;1;0;0;1
"13/06/2023";"13:50:00";"27";"Acidente s";"264";"BR-153/SP";"Sul";"Tombamento de Moto";0;0;0;1;0;0;0;0;0;0;2;0;0;0;0
"13/06/2023";"15:25:00";"31";"Acidente s";"343,1";"BR-153/SP";"Norte";"Capotamento";1;0;0;0;0;0;0;0;0;0;4;0;0;0;0
"13/06/2023";"16:44:00";"34";"Acidente s";"316";"BR-153/SP";"Sul";"Colisão Traseira";2;0;0;0;0;0;0;0;0;0;4;0;0;0;0
"13/06/2023";"17:05:00";"36";"Acidente s";"343,1";"BR-153/SP";"Sul";"Saída de Pista";2;0;0;0;0;0;0;0;0;0;4;0;0;0;0
"14/06/2023";"07:47:00";"10";"Acidente s";"74";"BR-153/SP";"Norte";"Colisão Traseira";2;0;0;0;0;0;0;0;0;0;4;0;0;0;0
"15/06/2023";"12:23:00";"34";"Acidente s";"55";"BR-153/SP";"Norte";"Saída de Pista";0;0;0;0;0;0;0;0;0;1;1;0;0;0;0
"15/06/2023";"18:54:00";"62";"Acidente c";"61";"BR-153/SP";"Sul";"Colisão Traseira";1;0;0;1;0;0;0;0;0;0;1;1;0;0;0
"15/06/2023";"19:29:00";"66";"Acidente s";"66,3";"BR-153/SP";"Norte";"Colisão Traseira";2;0;0;0;0;0;0;0;0;0;5;0;0;0;0
"16/06/2023";"07:22:00";"4";"Acidente s";"61";"BR-153/SP";"Sul";"Saída de Pista";0;0;0;0;0;0;0;0;0;1;1;0;0;0;0
"17/06/2023";"11:38:00";"30";"Acidente s";"220,1";"BR-153/SP";"Norte";"Tombamento de Moto";0;0;0;1;0;0;0;0;0;0;2;0;0;0;0
"18/06/2023";"05:10:00";"4";"Acidente c";"335,4";"BR-153/SP";"Sul";"Colisão Lateral";1;0;1;0;0;0;0;0;0;0;2;0;1;0;0
"19/06/2023";"14:37:00";"62";"Acidente c";"61";"BR-153/SP";"Sul";"Colisão Traseira";1;0;0;1;0;0;0;0;0;1;2;1;0;0;0
"19/06/2023";"15:11:00";"67";"Acidente s";"62,5";"BR-153/SP";"Sul";"Colisão Traseira";0;0;0;0;0;0;0;0;0;2;2;0;0;0;0
"19/06/2023";"17:28:00";"82";"Acidente s";"280";"BR-153/SP";"Sul";"Colisão Traseira";2;0;0;0;0;0;0;0;0;0;3;0;0;0;0
"19/06/2023";"17:32:00";"85";"Acidente s";"62";"BR-153/SP";"Sul";"Colisão Traseira";2;0;0;0;0;0;0;0;0;0;2;0;0;0;0
"19/06/2023";"18:04:00";"87";"Acidente c";"138";"BR-153/SP";"Norte";"Colisão Traseira";1;0;0;0;0;0;0;0;0;0;0;0;1;0;0
"20/06/2023";"05:15:00";"4";"Acidente c";"38";"BR-153/SP";"Norte";"Atropelamento de Animal";1;0;0;0;0;0;0;0;0;0;1;2;0;0;0
"21/06/2023";"03:08:00";"1";"Acidente s";"256";"BR-153/SP";"Norte";"Tombamento";0;0;1;0;0;0;0;0;0;0;1;0;0;0;0
"21/06/2023";"08:54:00";"10";"Acidente s";"286";"BR-153/SP";"Sul";"Saída de Pista";1;0;0;0;0;0;0;0;0;0;1;0;0;0;0
"21/06/2023";"11:25:00";"27";"Acidente s";"124,4";"BR-153/SP";"Sul";"Colisão Traseira";0;0;1;0;0;0;0;0;0;1;2;0;0;0;0
"21/06/2023";"11:30:00";"28";"Acidente s";"42,8";"BR-153/SP";"Sul";"Colisão Traseira";0;0;2;0;0;0;0;0;0;0;3;0;0;0;0
"21/06/2023";"18:04:00";"58";"Acidente c";"255";"BR-153/SP";"Norte";"Tombamento de Moto";0;0;0;1;0;0;0;0;0;0;0;1;0;0;0
"22/06/2023";"10:33:00";"30";"Acidente s";"6,95";"BR-153/SP";"Sul";"Colisão Traseira";0;0;2;0;0;0;0;0;0;0;2;0;0;0;0
"23/06/2023";"08:46:00";"13";"Acidente c";"96";"BR-153/SP";"Sul";"Colisão Traseira";1;0;0;0;0;0;0;0;0;1;4;1;0;0;0
"23/06/2023";"10:23:00";"24";"Acidente s";"181";"BR-153/SP";"Norte";"Colisão Lateral";0;0;2;0;0;0;0;0;0;0;2;0;0;0;0
"23/06/2023";"13:03:00";"31";"Acidente c";"274,4";"BR-153/SP";"Norte";"Tombamento";0;0;1;0;0;0;0;0;0;0;0;0;0;0;1
"23/06/2023";"13:54:00";"35";"Acidente s";"35,8";"BR-153/SP";"Sul";"Colisão Traseira";1;0;0;0;0;0;0;0;0;0;1;0;0;0;0
"23/06/2023";"19:30:00";"62";"Acidente s";"62";"BR-153/SP";"Sul";"Colisão Traseira";1;0;0;0;0;0;0;0;0;0;1;0;0;0;0
"24/06/2023";"03:45:00";"6";"Acidente s";"59,1";"BR-153/SP";"Sul";"Saída de Pista";1;0;0;0;0;0;0;0;0;0;2;0;0;0;0
"24/06/2023";"20:26:00";"82";"Acidente s";"75";"BR-153/SP";"Sul";"Colisão Traseira";1;0;0;0;0;0;0;0;0;0;1;0;0;0;0
"24/06/2023";"23:20:00";"88";"Acidente c";"116";"BR-153/SP";"Sul";"Tombamento de Moto";0;0;0;1;0;0;0;0;0;0;0;1;1;0;0
"25/06/2023";"05:08:00";"6";"Acidente s";"49,4";"BR-153/SP";"Sul";"Colisão Transversal";0;0;0;0;0;0;0;0;0;2;4;0;0;0;0
"25/06/2023";"20:30:00";"67";"Acidente s";"107";"BR-153/SP";"Norte";"Atropelamento de Animal";0;0;0;0;0;0;0;0;0;1;4;0;0;0;0
"26/06/2023";"17:52:00";"65";"Acidente s";"62,5";"BR-153/SP";"Sul";"Colisão Traseira";1;0;0;0;0;0;0;0;0;0;4;0;0;0;0
"27/06/2023";"13:50:00";"39";"Acidente c";"28,9";"BR-153/SP";"Sul";"Saída de Pista";0;0;1;0;0;0;0;0;0;0;0;0;1;0;1
"27/06/2023";"14:15:00";"41";"Acidente s";"203";"BR-153/SP";"Sul";"Colisão Traseira";0;0;1;0;0;0;0;0;0;1;2;0;0;0;0
"28/06/2023";"08:55:00";"14";"Acidente s";"99";"BR-153/SP";"Norte";"Tombamento";0;0;1;0;0;0;0;0;0;0;1;0;0;0;0
"28/06/2023";"22:15:00";"73";"Acidente c";"34,6";"BR-153/SP";"Norte";"Colisão Frontal";1;0;1;0;0;0;0;0;0;0;1;0;0;0;1
"29/06/2023";"07:47:00";"9";"Acidente c";"57,8";"BR-153/SP";"Sul";"Colisão Traseira";1;0;0;0;0;1;0;0;0;0;0;1;0;0;0
"30/06/2023";"15:00:00";"59";"Acidente c";"174";"BR-153/SP";"Norte";"Colisão Transversal";1;0;0;0;0;0;0;0;0;1;5;0;1;0;0
"30/06/2023";"16:37:00";"71";"Acidente c";"125";"BR-153/SP";"Norte";"Engavetamento";1;0;2;0;0;0;0;0;0;0;2;0;0;2;1
"30/06/2023";"17:45:00";"77";"Acidente c";"58";"BR-153/SP";"Norte";"Tombamento de Moto";0;0;0;1;0;0;0;0;0;0;1;1;0;0;0
"30/06/2023";"18:51:00";"79";"Acidente c";"61";"BR-153/SP";"Sul";"Colisão Traseira";1;0;0;1;0;0;0;0;0;0;1;1;0;0;0
"01/07/2023";"07:54:00";"9";"Acidente c";"283";"BR-153/SP";"Norte";"Tombamento de Moto";0;0;0;1;0;0;0;0;0;0;1;1;0;0;0
"01/07/2023";"09:42:00";"17";"Acidente s";"108";"BR-153/SP";"Norte";"Colisão Traseira";1;0;0;0;0;0;0;0;0;1;5;0;0;0;0
"01/07/2023";"11:40:00";"33";"Acidente c";"25,8";"BR-153/SP";"Norte";"Colisão Transversal";0;0;0;1;0;0;0;0;0;1;2;1;0;0;0
"01/07/2023";"19:34:00";"56";"Acidente s";"76,6";"BR-153/SP";"Sul";"Atropelamento de Animal";1;0;0;0;0;0;0;0;0;0;4;0;0;0;0
"01/07/2023";"19:53:00";"57";"Acidente s";"84";"BR-153/SP";"Norte";"Atropelamento de Animal";1;0;0;0;0;0;0;0;0;0;1;0;0;0;0
"02/07/2023";"20:23:00";"53";"Acidente s";"49";"BR-153/SP";"Sul";"Atropelamento de Animal";0;0;0;0;0;0;0;0;0;1;2;0;0;0;0
"04/07/2023";"19:03:00";"69";"Acidente s";"63";"BR-153/SP";"Norte";"Colisão Traseira";2;0;0;0;0;0;0;0;0;0;5;0;0;0;0
"04/07/2023";"19:09:00";"70";"Acidente s";"63";"BR-153/SP";"Norte";"Engavetamento";3;0;0;0;0;0;0;0;0;0;5;0;0;0;0
"05/07/2023";"07:45:00";"11";"Acidente s";"263";"BR-153/SP";"Norte";"Colisão Lateral";1;0;1;0;0;0;0;0;0;0;2;0;0;0;0
"05/07/2023";"09:38:00";"26";"Acidente s";"108";"BR-153/SP";"Sul";"Colisão Traseira";2;0;0;0;0;0;0;0;0;0;5;0;0;0;0
"05/07/2023";"11:16:00";"37";"Acidente c";"62,7";"BR-153/SP";"Sul";"Colisão Traseira";0;0;0;2;0;0;0;0;0;0;1;1;0;0;0
"05/07/2023";"17:24:00";"68";"Acidente c";"53";"BR-153/SP";"Norte";"Tombamento de Moto";0;0;0;1;0;0;0;0;0;0;0;1;0;0;0
"05/07/2023";"19:19:00";"76";"Acidente c";"63";"BR-153/SP";"Sul";"Tombamento de Moto";0;0;0;1;0;0;0;0;0;0;0;1;0;0;0
"05/07/2023";"19:36:00";"79";"Acidente c";"63";"BR-153/SP";"Sul";"Tombamento de Moto";0;0;0;1;0;0;0;0;0;0;1;1;0;0;0
"06/07/2023";"07:19:00";"7";"Acidente c";"49,2";"BR-153/SP";"Sul";"Tombamento de Moto";1;0;0;1;0;0;0;0;0;0;2;0;1;0;0
"06/07/2023";"08:38:00";"14";"Acidente c";"61";"BR-153/SP";"Sul";"Colisão Lateral";1;0;0;1;0;0;0;0;0;0;1;0;1;0;0
"07/07/2023";"11:07:00";"39";"Acidente s";"48";"BR-153/SP";"Sul";"Saída de Pista";1;0;0;0;0;0;0;0;0;0;1;0;0;0;0
"07/07/2023";"16:43:00";"63";"Acidente s";"62";"BR-153/SP";"Sul";"Colisão Traseira";2;0;0;0;0;0;0;0;0;0;3;0;0;0;0
"09/07/2023";"09:23:00";"18";"Acidente c";"31,5";"BR-153/SP";"Sul";"Colisão Transversal";2;0;0;0;0;0;0;0;0;0;4;2;1;0;0
"09/07/2023";"10:28:00";"22";"Acidente s";"256";"BR-153/SP";"Norte";"Tombamento";0;0;1;0;0;0;0;0;0;0;1;0;0;0;0
"09/07/2023";"15:29:00";"40";"Acidente s";"74";"BR-153/SP";"Norte";"Colisão Traseira";0;0;1;0;0;1;0;0;0;0;1;0;0;0;0
"09/07/2023";"17:15:00";"48";"Acidente s";"114";"BR-153/SP";"Norte";"Saída de Pista";1;0;0;0;0;0;0;0;0;0;1;0;0;0;0
"09/07/2023";"18:15:00";"52";"Acidente s";"45";"BR-153/SP";"Sul";"Colisão Transversal";2;0;0;0;0;0;0;0;0;0;6;0;0;0;0
"09/07/2023";"21:04:00";"64";"Acidente c";"60,2";"BR-153/SP";"Sul";"Colisão Traseira";1;0;0;1;0;0;0;0;0;0;2;0;0;1;0
"09/07/2023";"21:47:00";"67";"Acidente c";"60,2";"BR-153/SP";"Sul";"Colisão Traseira";1;0;0;0;0;0;0;0;0;1;3;1;0;0;0
"10/07/2023";"06:30:00";"11";"Acidente s";"260";"BR-153/SP";"Sul";"Atropelamento de Animal";0;0;0;0;0;0;0;0;0;1;1;0;0;0;0
"10/07/2023";"19:17:00";"72";"Acidente s";"61,85";"BR-153/SP";"Norte";"Colisão Traseira";0;0;2;0;0;0;0;0;0;0;2;0;0;0;0
"11/07/2023";"07:03:00";"6";"Acidente c";"50";"BR-153/SP";"Norte";"Colisão Traseira";0;0;0;1;0;0;0;0;0;1;1;0;2;0;0
"12/07/2023";"08:02:00";"10";"Acidente c";"61,3";"BR-153/SP";"Sul";"Tombamento de Moto";0;0;0;2;0;0;0;0;0;0;2;1;0;0;0
"12/07/2023";"15:17:00";"61";"Acidente s";"62,5";"BR-153/SP";"Sul";"Engavetamento";0;0;1;0;0;0;0;0;0;2;4;0;0;0;0
"12/07/2023";"17:28:00";"71";"Acidente s";"64,2";"BR-153/SP";"Norte";"Colisão Traseira";3;0;0;0;0;0;0;0;0;0;3;0;0;0;0
"12/07/2023";"23:05:00";"85";"Acidente s";"273";"BR-153/SP";"Sul";"Atropelamento de Animal";1;0;0;0;0;0;0;0;0;0;3;0;0;0;0
"13/07/2023";"07:26:00";"7";"Acidente c";"58";"BR-153/SP";"Sul";"Colisão Traseira";1;0;0;1;0;0;0;0;0;0;1;0;1;0;0
"13/07/2023";"11:26:00";"31";"Acidente s";"64";"BR-153/SP";"Sul";"Tombamento de Moto";0;0;0;1;0;0;0;0;0;0;1;0;0;0;0
"13/07/2023";"20:49:00";"74";"Acidente s";"61";"BR-153/SP";"Norte";"Capotamento";1;0;0;0;0;0;0;0;0;0;1;0;0;0;0
"14/07/2023";"10:07:00";"27";"Acidente c";"62";"BR-153/SP";"Sul";"Engavetamento";3;0;0;0;0;0;0;0;0;1;6;2;0;0;0
"15/07/2023";"12:33:00";"34";"Acidente c";"93";"BR-153/SP";"Sul";"Engavetamento";0;0;2;0;1;0;0;0;0;0;28;1;0;0;0
"15/07/2023";"18:45:00";"48";"Acidente s";"75";"BR-153/SP";"Sul";"Engavetamento";2;0;0;0;0;0;0;0;0;1;13;0;0;0;0
"16/07/2023";"04:31:00";"2";"Acidente c";"12,1";"BR-153/SP";"Sul";"Colisão Frontal";1;0;1;0;0;0;0;0;0;0;2;0;0;0;1
"16/07/2023";"17:08:00";"37";"Acidente s";"39,2";"BR-153/SP";"Sul";"Tombamento";1;0;0;0;0;0;0;0;0;0;3;0;0;0;0
"16/07/2023";"17:47:00";"40";"Acidente c";"331";"BR-153/SP";"Norte";"Saída de Pista";0;0;0;0;0;0;0;0;0;1;1;2;1;0;0
"16/07/2023";"20:46:00";"45";"Acidente s";"282,2";"BR-153/SP";"Sul";"Saída de Pista";1;0;0;0;0;0;0;0;0;0;1;0;0;0;0
"17/07/2023";"13:36:00";"44";"Acidente c";"132";"BR-153/SP";"Norte";"Colisão Lateral";1;0;0;0;1;0;0;0;0;0;14;1;0;0;0
"17/07/2023";"17:14:00";"57";"Acidente c";"69,8";"BR-153/SP";"Norte";"Colisão Lateral";1;1;0;0;0;0;0;0;0;0;1;1;0;0;0
"18/07/2023";"06:38:00";"4";"Acidente c";"57,5";"BR-153/SP";"Sul";"Colisão Lateral";1;0;0;1;0;0;0;0;0;0;2;1;0;0;0
"18/07/2023";"08:52:00";"13";"Acidente s";"211,6";"BR-153/SP";"Sul";"Colisão Lateral";1;0;0;0;0;1;0;0;0;0;2;0;0;0;0
"19/07/2023";"09:05:00";"17";"Acidente s";"278,9";"BR-153/SP";"Norte";"Colisão Transversal";1;0;0;0;0;0;0;0;0;1;4;0;0;0;0
"19/07/2023";"10:16:00";"29";"Acidente s";"43,5";"BR-153/SP";"Sul";"Saída de Pista";0;0;1;0;0;0;0;0;0;0;1;0;0;0;0
"20/07/2023";"02:58:00";"3";"Acidente s";"137";"BR-153/SP";"Sul";"Atropelamento de Animal";1;0;0;0;0;0;0;0;0;0;2;0;0;0;0
"20/07/2023";"11:17:00";"47";"Acidente s";"148,8";"BR-153/SP";"Norte";"Tombamento";0;0;1;0;0;0;0;0;0;0;1;0;0;0;0
"20/07/2023";"16:55:00";"74";"Acidente s";"64";"BR-153/SP";"Norte";"Colisão Traseira";1;0;0;0;0;0;0;0;0;0;3;0;0;0;0
"20/07/2023";"18:42:00";"84";"Acidente s";"226";"BR-153/SP";"Sul";"Colisão Lateral";0;0;1;0;0;0;0;0;1;0;3;0;0;0;0
"22/07/2023";"09:43:00";"21";"Acidente s";"61";"BR-153/SP";"Norte";"Saída de Pista";1;0;0;0;0;0;0;0;0;0;2;0;0;0;0
"22/07/2023";"21:27:00";"64";"Acidente c";"77,97";"BR-153/SP";"Sul";"Atropelamento  de Pedestre";1;0;0;0;0;0;0;0;0;0;1;0;0;1;0
"24/07/2023";"07:15:00";"9";"Acidente s";"94,2";"BR-153/SP";"Sul";"Saída de Pista";1;0;0;0;0;0;0;0;0;0;4;0;0;0;0
"25/07/2023";"07:34:00";"12";"Acidente s";"256,5";"BR-153/SP";"Sul";"Colisão Traseira";1;0;0;1;0;0;0;0;0;0;2;0;0;0;0
"25/07/2023";"13:44:00";"44";"Acidente s";"35,8";"BR-153/SP";"Sul";"Colisão Traseira";0;0;2;0;0;0;0;0;0;0;3;0;0;0;0
"26/07/2023";"06:17:00";"11";"Acidente s";"214";"BR-153/SP";"Norte";"Colisão Traseira";0;0;1;0;0;0;0;0;0;1;3;0;0;0;0
"26/07/2023";"17:33:00";"70";"Acidente c";"63,5";"BR-153/SP";"Norte";"Colisão Lateral";0;0;0;1;0;0;0;0;0;1;5;1;0;0;0
"26/07/2023";"17:42:00";"74";"Acidente c";"98,5";"BR-153/SP";"Norte";"Colisão Lateral";1;0;1;0;0;0;0;0;0;0;5;1;0;0;0
"27/07/2023";"09:27:00";"28";"Acidente s";"61,5";"BR-153/SP";"Sul";"Colisão Traseira";2;0;1;0;0;0;0;0;0;0;4;0;0;0;0
"27/07/2023";"11:28:00";"44";"Acidente s";"341,1";"BR-153/SP";"Norte";"Colisão Lateral";1;0;1;0;0;0;0;0;0;0;3;0;0;0;0
"27/07/2023";"13:18:00";"51";"Acidente s";"62,5";"BR-153/SP";"Sul";"Colisão Traseira";1;0;0;0;0;0;0;0;0;1;3;0;0;0;0