data;horario;n_da_ocorrencia;tipo_de_ocorrencia;km;trecho;sentido;tipo_de_acidente;automovel;bicicleta;caminhao;moto;onibus;outros;tracao_animal;transporte_de_cargas_especiais;trator_maquinas;utilitarios;ilesos;levemente_feridos;moderadamente_feridos;gravemente_feridos;mortos
"27/07/2023";"16:19:00";"62";"Acidente s";"58";"BR-153/SP";"Sul";"Colisão Lateral";1;0;1;0;0;0;0;0;0;0;6;0;0;0;0
"27/07/2023";"21:15:00";"77";"Acidente c";"127";"BR-153/SP";"Sul";"Colisão Lateral";0;0;2;0;0;0;0;0;0;0;1;1;0;0;0
"28/07/2023";"18:40:00";"91";"Acidente c";"74,5";"BR-153/SP";"Sul";"Colisão Traseira";1;0;0;0;0;0;0;0;0;1;5;1;0;1;0
"29/07/2023";"18:56:00";"66";"Acidente s";"51,5";"BR-153/SP";"Sul";"Colisão Traseira";1;0;1;0;0;0;0;0;0;0;3;0;0;0;0
"30/07/2023";"10:05:00";"19";"Acidente s";"60";"BR-153/SP";"Norte";"Colisão Lateral";1;0;1;0;0;0;0;0;0;0;2;0;0;0;0
"30/07/2023";"18:52:00";"44";"Acidente c";"19";"BR-153/SP";"Norte";"Colisão Lateral";1;0;0;1;0;0;0;0;0;0;2;1;0;0;0
"30/07/2023";"19:30:00";"49";"Acidente s";"27,4";"BR-153/SP";"Norte";"Saída de Pista";1;0;0;0;0;0;0;0;0;0;2;0;0;0;0
"31/07/2023";"04:52:00";"8";"Acidente c";"37";"BR-153/SP";"Sul";"Colisão Transversal";0;0;1;0;0;0;0;0;0;1;1;1;1;0;0
"31/07/2023";"11:57:00";"33";"Acidente s";"304";"BR-153/SP";"Norte";"Colisão Traseira";1;0;1;0;0;0;0;0;0;0;6;0;0;0;0
"31/07/2023";"13:56:00";"50";"Acidente s";"64";"BR-153/SP";"Norte";"Colisão Lateral";1;0;1;0;0;0;0;0;0;0;2;0;0;0;0
"31/07/2023";"14:16:00";"53";"Acidente s";"62";"BR-153/SP";"Sul";"Engavetamento";1;0;0;0;0;0;0;0;0;1;3;0;0;0;0
"31/07/2023";"21:49:00";"75";"Acidente c";"111";"BR-153/SP";"Sul";"Colisão Frontal";0;0;1;0;0;0;0;0;0;1;1;0;0;0;1
"01/08/2023";"13:23:00";"49";"Acidente s";"60";"BR-153/SP";"Sul";"Colisão Lateral";0;0;0;0;0;0;0;0;0;2;3;0;0;0;0
"02/08/2023";"07:55:00";"9";"Acidente s";"75,9";"BR-153/SP";"Sul";"Colisão Traseira";1;0;0;0;0;0;0;0;0;1;4;0;0;0;0
"02/08/2023";"12:55:00";"44";"Acidente s";"285,6";"BR-153/SP";"Norte";"Saída de Pista";0;0;1;0;0;0;0;0;0;0;1;0;0;0;0
"03/08/2023";"06:54:00";"7";"Acidente c";"61";"BR-153/SP";"Sul";"Engavetamento";1;0;0;2;0;0;0;0;0;0;2;1;0;0;0
"03/08/2023";"07:56:00";"13";"Acidente s";"64,2";"BR-153/SP";"Norte";"Colisão Traseira";2;0;0;0;0;0;0;0;0;0;2;0;0;0;0
"04/08/2023";"20:04:00";"66";"Acidente s";"61,8";"BR-153/SP";"Sul";"Colisão Traseira";2;0;0;0;0;0;0;0;0;0;5;0;0;0;0
"05/08/2023";"00:02:00";"1";"Acidente c";"62";"BR-153/SP";"Sul";"Colisão Traseira";1;0;0;1;0;0;0;0;0;0;3;1;0;0;0
"06/08/2023";"09:50:00";"12";"Acidente s";"73";"BR-153/SP";"Norte";"Saída de Pista";1;0;0;0;0;0;0;0;0;0;3;0;0;0;0
"06/08/2023";"11:16:00";"17";"Acidente c";"182";"BR-153/SP";"Norte";"Tombamento de Moto";0;0;0;1;0;0;0;0;0;0;0;0;1;0;0
"06/08/2023";"18:08:00";"48";"Acidente c";"31";"BR-153/SP";"Norte";"Choque contra Objeto Fixo";1;0;0;0;0;0;0;0;0;0;0;1;0;0;0
"06/08/2023";"20:51:00";"58";"Acidente c";"64";"BR-153/SP";"Norte";"Tombamento de Moto";0;0;0;1;0;0;0;0;0;0;0;1;0;0;0
"07/08/2023";"18:42:00";"66";"Acidente c";"43,1";"BR-153/SP";"Sul";"Colisão Traseira";0;0;0;1;0;0;0;0;0;1;2;2;0;0;0
"07/08/2023";"19:22:00";"72";"Acidente c";"85";"BR-153/SP";"Sul";"Colisão Traseira";1;0;2;0;0;0;0;0;0;0;2;0;1;0;0
"08/08/2023";"13:23:00";"30";"Acidente c";"63";"BR-153/SP";"Norte";"Colisão Lateral";1;0;0;1;0;0;0;0;0;0;1;0;1;0;0
"08/08/2023";"16:28:00";"46";"Acidente c";"30,5";"BR-153/SP";"Sul";"Colisão Transversal";1;0;0;1;0;0;0;0;0;0;5;1;0;0;0
"08/08/2023";"18:28:00";"55";"Acidente c";"61,75";"BR-153/SP";"Sul";"Engavetamento";4;0;1;1;0;0;0;0;0;0;5;1;0;0;1
"09/08/2023";"16:48:00";"76";"Acidente c";"39,3";"BR-153/SP";"Norte";"Tombamento de Moto";0;0;0;1;0;0;0;0;0;0;0;2;0;0;0
"09/08/2023";"23:46:00";"94";"Acidente s";"19";"BR-153/SP";"Sul";"Choque contra Objeto Fixo";0;0;1;0;0;0;0;0;0;0;1;0;0;0;0
"10/08/2023";"16:17:00";"73";"Acidente s";"63";"BR-153/SP";"Sul";"Colisão Traseira";2;0;0;0;0;0;0;0;0;0;2;0;0;0;0
"11/08/2023";"09:36:00";"31";"Acidente s";"61";"BR-153/SP";"Norte";"Engavetamento";2;0;0;0;0;0;0;0;0;1;6;0;0;0;0
"11/08/2023";"12:26:00";"51";"Acidente s";"31";"BR-153/SP";"Norte";"Colisão Transversal";2;0;0;0;0;0;0;0;0;0;5;0;0;0;0
"11/08/2023";"18:34:00";"79";"Acidente s";"21,8";"BR-153/SP";"Norte";"Saída de Pista";1;0;0;0;0;0;0;0;0;0;2;0;0;0;0
"11/08/2023";"21:55:00";"93";"Acidente s";"54";"BR-153/SP";"Sul";"Saída de Pista";1;0;0;0;0;0;0;0;0;0;1;0;0;0;0
"13/08/2023";"06:59:00";"8";"Acidente s";"213";"BR-153/SP";"Norte";"Saída de Pista";0;0;0;0;0;0;0;0;0;1;1;0;0;0;0
"13/08/2023";"14:14:00";"27";"Acidente c";"313,9";"BR-153/SP";"Norte";"Colisão Frontal";0;0;2;0;0;0;0;0;0;0;1;0;1;0;0
"13/08/2023";"16:13:00";"38";"Acidente c";"55";"BR-153/SP";"Sul";"Capotamento";1;0;0;0;0;0;0;0;0;0;0;1;0;0;0
"14/08/2023";"07:45:00";"10";"Acidente c";"61";"BR-153/SP";"Sul";"Colisão Lateral";1;0;0;1;0;0;0;0;0;0;1;1;0;0;0
"14/08/2023";"11:06:00";"41";"Acidente s";"133,1";"BR-153/SP";"Norte";"Colisão Traseira";1;0;1;0;0;0;0;0;0;0;4;0;0;0;0
"14/08/2023";"18:33:00";"83";"Acidente s";"61";"BR-153/SP";"Norte";"Colisão Traseira";2;0;0;0;0;0;0;0;0;0;5;0;0;0;0
"14/08/2023";"19:05:00";"84";"Acidente c";"63";"BR-153/SP";"Norte";"Colisão Traseira";0;0;0;1;0;0;0;0;0;1;1;0;0;1;0
"16/08/2023";"08:39:00";"10";"Acidente c";"280";"BR-153/SP";"Sul";"Colisão Traseira";0;0;0;1;0;0;0;0;0;1;1;0;0;1;0
"16/08/2023";"12:01:00";"31";"Acidente s";"88";"BR-153/SP";"Norte";"Colisão Traseira";2;0;0;0;0;0;0;0;0;0;3;0;0;0;0
"17/08/2023";"09:51:00";"31";"Acidente s";"61,5";"BR-153/SP";"Sul";"Colisão Transversal";0;0;1;0;0;0;0;0;0;1;3;0;0;0;0
"17/08/2023";"10:15:00";"36";"Acidente s";"61";"BR-153/SP";"Sul";"Colisão Lateral";1;0;1;0;0;0;0;0;0;0;2;0;0;0;0
"17/08/2023";"11:14:00";"42";"Acidente s";"61";"BR-153/SP";"Sul";"Colisão Lateral";1;0;0;1;0;0;0;0;0;0;4;0;0;0;0
"17/08/2023";"18:11:00";"81";"Acidente s";"65";"BR-153/SP";"Norte";"Colisão Traseira";2;0;0;0;0;0;0;0;0;0;3;0;0;0;0
"17/08/2023";"23:25:00";"96";"Acidente s";"341";"BR-153/SP";"Sul";"Colisão Lateral";1;0;1;0;0;0;0;0;0;0;4;0;0;0;0
"18/08/2023";"09:05:00";"16";"Acidente s";"96,5";"BR-153/SP";"Sul";"Colisão Traseira";1;0;0;0;0;0;0;0;0;0;1;0;0;0;0
"18/08/2023";"14:23:00";"47";"Acidente c";"62,3";"BR-153/SP";"Sul";"Colisão Lateral";1;0;0;1;0;0;0;0;0;0;1;1;0;0;0
"18/08/2023";"18:25:00";"65";"Acidente c";"62,8";"BR-153/SP";"Sul";"Colisão Traseira";2;0;0;0;0;0;0;0;0;0;1;1;0;0;0
"19/08/2023";"06:50:00";"3";"Acidente c";"67";"BR-153/SP";"Norte";"Tombamento de Moto";0;0;0;1;0;0;0;0;0;0;0;0;1;0;0
"19/08/2023";"08:03:00";"11";"Acidente s";"63";"BR-153/SP";"Sul";"Tombamento de Moto";0;0;0;1;0;0;0;0;0;0;1;0;0;0;0
"19/08/2023";"09:22:00";"16";"Acidente s";"307";"BR-153/SP";"Norte";"Colisão Lateral";0;0;2;0;0;0;0;0;0;0;2;0;0;0;0
"19/08/2023";"09:41:00";"17";"Acidente s";"307";"BR-153/SP";"Norte";"Saída de Pista";1;0;0;0;0;0;0;0;0;0;1;0;0;0;0
"19/08/2023";"20:01:00";"53";"Acidente c";"75";"BR-153/SP";"Sul";"Colisão Traseira";2;0;0;0;0;0;0;0;0;0;3;1;0;0;0
"20/08/2023";"08:25:00";"11";"Acidente c";"333,7";"BR-153/SP";"Sul";"Tombamento de Moto";0;0;0;1;0;0;0;0;0;0;0;1;0;0;0
"20/08/2023";"18:33:00";"47";"Acidente c";"50,3";"BR-153/SP";"Norte";"Colisão Traseira";0;0;1;1;0;0;0;0;0;0;1;0;1;0;0
"21/08/2023";"02:25:00";"5";"Acidente s";"152";"BR-153/SP";"Sul";"Atropelamento de Animal";0;0;1;0;0;0;0;0;0;0;1;0;0;0;0
"21/08/2023";"12:56:00";"57";"Acidente c";"300";"BR-153/SP";"Norte";"Engavetamento";3;0;2;0;0;0;0;0;0;0;2;0;5;0;4
"22/08/2023";"08:54:00";"19";"Acidente s";"88";"BR-153/SP";"Norte";"Colisão Traseira";1;0;1;0;0;0;0;0;0;0;2;0;0;0;0
"22/08/2023";"15:49:00";"57";"Acidente s";"61";"BR-153/SP";"Sul";"Engavetamento";2;0;1;0;0;0;0;0;0;0;3;0;0;0;0
"22/08/2023";"19:04:00";"78";"Acidente s";"341";"BR-153/SP";"Norte";"Colisão Lateral";0;0;3;0;0;0;0;0;0;0;5;0;0;0;0
"23/08/2023";"08:24:00";"15";"Acidente c";"170,3";"BR-153/SP";"Sul";"Colisão Lateral";1;0;1;0;0;0;0;0;0;0;2;1;0;0;0
"23/08/2023";"13:00:00";"40";"Acidente s";"174,5";"BR-153/SP";"Norte";"Colisão Transversal";0;0;2;0;0;0;0;0;0;0;2;0;0;0;0
"23/08/2023";"14:39:00";"51";"Acidente c";"94";"BR-153/SP";"Norte";"Tombamento de Moto";0;0;0;1;0;0;0;0;0;0;0;1;0;0;0
"23/08/2023";"15:06:00";"54";"Acidente s";"220,8";"BR-153/SP";"Sul";"Colisão Traseira";0;0;1;0;0;0;0;0;0;0;1;0;0;0;0
"23/08/2023";"16:48:00";"61";"Acidente s";"62";"BR-153/SP";"Norte";"Engavetamento";3;0;0;0;0;0;0;0;0;0;3;0;0;0;0
"23/08/2023";"18:04:00";"68";"Acidente s";"61";"BR-153/SP";"Norte";"Colisão Traseira";2;0;0;0;0;0;0;0;0;0;2;0;0;0;0
"24/08/2023";"09:08:00";"29";"Acidente c";"53";"BR-153/SP";"Sul";"Colisão Traseira";1;0;0;1;0;0;0;0;0;0;2;1;0;0;0
"27/08/2023";"15:57:00";"47";"Acidente c";"22,4";"BR-153/SP";"Sul";"Tombamento";0;0;1;0;0;0;0;0;0;0;0;1;0;0;0
"28/08/2023";"12:31:00";"28";"Acidente c";"72";"BR-153/SP";"Sul";"Saída de Pista";1;0;0;0;0;0;0;0;0;0;0;1;0;0;0
"28/08/2023";"14:17:00";"35";"Acidente s";"83,1";"BR-153/SP";"Sul";"Tombamento";0;0;1;0;0;0;0;0;0;0;1;0;0;0;0
"28/08/2023";"14:57:00";"40";"Acidente c";"63,3";"BR-153/SP";"Sul";"Colisão Traseira";1;0;0;1;0;0;0;0;0;0;1;1;0;0;0
"30/08/2023";"07:49:00";"9";"Acidente s";"266";"BR-153/SP";"Sul";"Colisão Traseira";0;0;2;0;0;0;0;0;0;0;2;0;0;0;0
"01/09/2023";"14:34:00";"38";"Acidente s";"32";"BR-153/SP";"Norte";"Colisão Lateral";1;0;1;0;0;0;0;0;0;0;2;0;0;0;0
"01/09/2023";"18:25:00";"52";"Acidente s";"321";"BR-153/SP";"Norte";"Colisão Transversal";1;0;0;0;0;0;0;0;0;1;3;0;0;0;0
"01/09/2023";"19:55:00";"60";"Acidente s";"88";"BR-153/SP";"Sul";"Saída de Pista";1;0;0;0;0;0;0;0;0;0;1;0;0;0;0
"01/09/2023";"22:01:00";"71";"Acidente s";"86";"BR-153/SP";"Norte";"Capotamento";1;0;0;0;0;0;0;0;0;1;5;0;0;0;0
"02/09/2023";"03:30:00";"3";"Acidente s";"125";"BR-153/SP";"Sul";"Saída de Pista";0;0;1;0;0;0;0;0;0;0;1;0;0;0;0
"02/09/2023";"03:33:00";"4";"Acidente c";"151";"BR-153/SP";"Norte";"Tombamento";0;0;1;0;0;0;0;0;0;0;0;1;0;0;0
"02/09/2023";"12:02:00";"44";"Acidente c";"260";"BR-153/SP";"Norte";"Colisão Frontal";0;0;1;0;0;0;0;0;0;1;0;1;0;0;1
"02/09/2023";"16:47:00";"70";"Acidente s";"343";"BR-153/SP";"Sul";"Colisão Traseira";1;0;1;0;0;0;0;0;0;0;2;0;0;0;0
"03/09/2023";"06:02:00";"6";"Acidente s";"67";"BR-153/SP";"Sul";"Saída de Pista";1;0;0;0;0;0;0;0;0;0;1;0;0;0;0
"03/09/2023";"09:28:00";"22";"Acidente s";"183,8";"BR-153/SP";"Norte";"Colisão Traseira";1;0;1;0;0;0;0;0;0;0;2;0;0;0;0
"03/09/2023";"10:11:00";"26";"Acidente c";"47,5";"BR-153/SP";"Norte";"Colisão Transversal";1;0;0;0;0;0;0;0;0;1;1;0;0;1;0
"04/09/2023";"14:57:00";"42";"Acidente s";"271";"BR-153/SP";"Norte";"Saída de Pista";0;0;1;0;0;0;0;0;0;0;1;0;0;0;0
"05/09/2023";"06:21:00";"5";"Acidente c";"59";"BR-153/SP";"Sul";"Colisão Traseira";3;0;0;0;0;0;0;0;0;0;3;0;0;1;0
"05/09/2023";"10:03:00";"15";"Acidente s";"91";"BR-153/SP";"Norte";"Saída de Pista";1;0;1;0;0;0;0;0;0;0;2;0;0;0;0
"06/09/2023";"18:16:00";"78";"Acidente c";"75,8";"BR-153/SP";"Norte";"Tombamento de Moto";0;0;0;1;0;0;0;0;0;0;1;1;0;0;0
"06/09/2023";"18:16:00";"80";"Acidente c";"75,8";"BR-153/SP";"Norte";"Tombamento de Moto";0;0;0;1;0;0;0;0;0;0;0;1;0;0;0
"07/09/2023";"18:48:00";"48";"Acidente c";"319,6";"BR-153/SP";"Norte";"Outros";0;1;0;0;0;0;0;0;0;0;0;1;0;0;0
"08/09/2023";"08:13:00";"11";"Acidente s";"124,8";"BR-153/SP";"Sul";"Colisão Traseira";1;0;1;0;0;0;0;0;0;0;4;0;0;0;0
"08/09/2023";"16:06:00";"48";"Acidente s";"263";"BR-153/SP";"Sul";"Tombamento";1;0;0;0;0;0;0;0;0;0;1;0;0;0;0
"08/09/2023";"19:59:00";"69";"Acidente s";"64";"BR-153/SP";"Norte";"Saída de Pista";1;0;0;0;0;0;0;0;0;0;1;0;0;0;0
"08/09/2023";"23:09:00";"82";"Acidente s";"53,2";"BR-153/SP";"Sul";"Tombamento de Moto";0;0;0;1;0;0;0;0;0;0;1;0;0;0;0
"09/09/2023";"05:25:00";"2";"Acidente s";"161,3";"BR-153/SP";"Norte";"Colisão Traseira";1;0;0;0;0;0;0;0;0;0;1;0;0;0;0
"10/09/2023";"06:13:00";"11";"Acidente s";"96,1";"BR-153/SP";"Sul";"Saída de Pista";0;0;1;0;0;0;0;0;0;1;3;0;0;0;0
"10/09/2023";"08:57:00";"21";"Acidente c";"327";"BR-153/SP";"Norte";"Colisão Transversal";0;0;1;1;0;0;0;0;0;1;2;1;0;0;0
"10/09/2023";"14:52:00";"55";"Acidente c";"165";"BR-153/SP";"Sul";"Capotamento";1;0;0;0;0;0;0;0;0;0;1;1;1;1;0
"10/09/2023";"19:15:00";"81";"Acidente c";"61,2";"BR-153/SP";"Sul";"Colisão Lateral";1;0;0;1;0;0;0;0;0;0;4;0;1;0;0
"11/09/2023";"06:46:00";"5";"Acidente c";"114";"BR-153/SP";"Norte";"Colisão Frontal";2;0;0;0;0;0;0;0;0;1;5;1;1;0;0
"11/09/2023";"16:43:00";"46";"Acidente s";"268,5";"BR-153/SP";"Sul";"Colisão Traseira";1;0;0;0;0;1;0;0;0;0;2;0;0;0;0
"12/09/2023";"23:23:00";"83";"Acidente s";"34,2";"BR-153/SP";"Sul";"Saída de Pista";0;0;0;0;0;0;0;0;0;1;2;0;0;0;0
"13/09/2023";"17:40:00";"39";"Acidente c";"63";"BR-153/SP";"Norte";"Colisão Lateral";1;0;0;1;0;0;0;0;0;0;1;0;1;0;0
"13/09/2023";"18:52:00";"44";"Acidente c";"64";"BR-153/SP";"Norte";"Colisão Traseira";0;0;0;2;0;0;0;0;0;0;1;1;0;0;0
"13/09/2023";"20:12:00";"50";"Acidente c";"66";"BR-153/SP";"Norte";"Colisão Transversal";1;0;0;1;0;0;0;0;0;0;1;0;1;0;0
"14/09/2023";"08:58:00";"20";"Acidente s";"64";"BR-153/SP";"Sul";"Colisão Lateral";1;0;0;0;0;1;0;0;0;0;4;0;0;0;0
"15/09/2023";"12:46:00";"42";"Acidente s";"62";"BR-153/SP";"Sul";"Colisão Traseira";1;0;0;0;0;0;0;0;0;1;2;0;0;0;0
"15/09/2023";"14:40:00";"50";"Acidente c";"69";"BR-153/SP";"Norte";"Colisão Traseira";0;0;1;1;0;0;0;0;0;0;1;1;0;0;0
"15/09/2023";"19:58:00";"73";"Acidente s";"41";"BR-153/SP";"Sul";"Atropelamento de Animal";0;0;1;0;0;0;0;0;0;0;1;0;0;0;0
"15/09/2023";"20:41:00";"77";"Acidente s";"92";"BR-153/SP";"Sul";"Colisão Traseira";1;0;1;0;0;0;0;0;0;0;3;0;0;0;0
"16/09/2023";"10:49:00";"19";"Acidente c";"109,5";"BR-153/SP";"Norte";"Saída de Pista";0;0;0;1;0;0;0;0;0;0;0;0;0;0;1
"17/09/2023";"03:00:00";"2";"Acidente c";"286";"BR-153/SP";"Sul";"Saída de Pista";1;0;0;0;0;0;0;0;0;0;0;0;1;0;0
"17/09/2023";"11:32:00";"18";"Acidente c";"158,5";"BR-153/SP";"Sul";"Incidente";0;1;0;0;0;0;0;0;0;0;0;1;0;0;0
"18/09/2023";"08:17:00";"15";"Acidente c";"61,1";"BR-153/SP";"Sul";"Colisão Lateral";0;0;0;1;0;1;0;0;0;0;1;1;0;0;0
"18/09/2023";"16:08:00";"67";"Acidente s";"66,7";"BR-153/SP";"Norte";"Saída de Pista";1;0;0;0;0;0;0;0;0;0;1;0;0;0;0
"18/09/2023";"19:54:00";"84";"Acidente s";"12";"BR-153/SP";"Sul";"Atropelamento de Animal";1;0;0;0;0;0;0;0;0;0;2;0;0;0;0
"19/09/2023";"09:19:00";"23";"Acidente s";"61";"BR-153/SP";"Sul";"Colisão Traseira";1;0;0;0;0;0;0;0;0;0;1;0;0;0;0
"21/09/2023";"10:55:00";"27";"Acidente s";"256";"BR-153/SP";"Norte";"Tombamento";0;0;1;0;0;0;0;0;0;0;1;0;0;0;0
"22/09/2023";"21:27:00";"82";"Acidente c";"81,4";"BR-153/SP";"Sul";"Saída de Pista";0;0;0;0;0;0;0;0;0;1;0;2;1;0;0
"23/09/2023";"06:57:00";"8";"Acidente s";"273,3";"BR-153/SP";"Sul";"Colisão Lateral";0;0;1;0;0;0;0;0;0;1;3;0;0;0;0
"23/09/2023";"14:56:00";"54";"Acidente s";"183,8";"BR-153/SP";"Sul";"Colisão Traseira";1;0;1;0;0;0;0;0;0;0;3;0;0;0;0
"23/09/2023";"19:33:00";"74";"Acidente c";"169";"BR-153/SP";"Sul";"Colisão Traseira";1;0;0;0;0;0;0;0;0;1;3;2;2;0;0
"24/09/2023";"00:47:00";"2";"Acidente c";"73,15";"BR-153/SP";"Sul";"Colisão Traseira";0;0;0;1;0;0;0;0;0;0;0;0;1;0;0
"24/09/2023";"01:36:00";"4";"Acidente s";"29";"BR-153/SP";"Sul";"Saída de Pista";1;0;0;0;0;0;0;0;0;0;1;0;0;0;0
"24/09/2023";"08:05:00";"17";"Acidente c";"72";"BR-153/SP";"Sul";"Saída de Pista";1;0;0;0;0;0;0;0;0;0;0;0;0;1;0
"24/09/2023";"20:11:00";"72";"Acidente c";"138";"BR-153/SP";"Sul";"Tombamento de Moto";0;0;0;1;0;0;0;0;0;0;0;1;0;0;0
"25/09/2023";"10:49:00";"25";"Acidente s";"18";"BR-153/SP";"Norte";"Saída de Pista";0;0;0;1;0;0;0;0;0;0;1;0;0;0;0
"25/09/2023";"16:12:00";"63";"Acidente c";"115";"BR-153/SP";"Sul";"Saída de Pista";1;0;1;0;0;0;0;0;0;0;1;1;0;0;0
"27/09/2023";"17:18:00";"63";"Acidente s";"16";"BR-153/SP";"Sul";"Colisão Traseira";1;0;0;0;0;0;0;0;0;0;1;0;0;0;0
"27/09/2023";"19:37:00";"73";"Acidente c";"96";"BR-153/SP";"Sul";"Atropelamento  de Pedestre";1;0;0;0;0;0;0;0;0;0;3;1;0;0;0
"28/09/2023";"23:35:00";"77";"Acidente s";"119";"BR-153/SP";"Sul";"Tombamento de Moto";0;0;0;1;0;0;0;0;0;0;1;0;0;0;0
"29/09/2023";"08:13:00";"16";"Acidente s";"61";"BR-153/SP";"Sul";"Colisão Traseira";1;0;1;0;0;0;0;0;0;0;2;0;0;0;0
"29/09/2023";"15:35:00";"48";"Acidente s";"27,5";"BR-153/SP";"Sul";"Colisão Transversal";2;0;0;0;0;0;0;0;0;0;4;0;0;0;0
"30/09/2023";"01:43:00";"4";"Acidente c";"63,8";"BR-153/SP";"Norte";"Colisão Frontal";1;0;1;0;0;0;0;0;0;0;1;1;0;0;0
"30/09/2023";"03:03:00";"6";"Acidente c";"108";"BR-153/SP";"Sul";"Saída de Pista";0;0;1;0;0;0;0;0;0;0;0;1;0;0;0
"30/09/2023";"05:06:00";"12";"Acidente c";"19,9";"BR-153/SP";"Sul";"Saída de Pista";1;0;0;0;0;0;0;0;0;0;1;0;1;0;0
"01/10/2023";"06:31:00";"8";"Acidente s";"69";"BR-153/SP";"Norte";"Saída de Pista";1;0;0;0;0;0;0;0;0;0;1;0;0;0;0
"01/10/2023";"15:09:00";"39";"Acidente s";"61";"BR-153/SP";"Sul";"Colisão Traseira";1;0;0;0;0;0;0;0;0;0;1;0;0;0;0
"02/10/2023";"01:45:00";"2";"Acidente s";"190";"BR-153/SP";"Sul";"Saída de Pista";0;0;1;0;0;0;0;0;0;0;1;0;0;0;0
"02/10/2023";"10:03:00";"21";"Acidente s";"62,7";"BR-153/SP";"Norte";"Colisão Traseira";1;0;0;1;0;0;0;0;0;0;4;0;0;0;0
"02/10/2023";"18:42:00";"54";"Acidente s";"119,1";"BR-153/SP";"Sul";"Colisão Lateral";0;0;2;0;0;0;0;0;0;0;2;0;0;0;0
"03/10/2023";"20:02:00";"57";"Acidente c";"49";"BR-153/SP";"Norte";"Colisão Transversal";1;0;1;0;0;0;0;0;0;0;1;1;0;0;0
"04/10/2023";"10:24:00";"32";"Acidente c";"328";"BR-153/SP";"Norte";"Colisão Traseira";0;0;2;0;0;0;0;0;0;0;1;0;1;0;0
"04/10/2023";"16:23:00";"68";"Acidente s";"62";"BR-153/SP";"Sul";"Engavetamento";1;0;0;0;0;0;0;0;0;0;2;0;0;0;0
"04/10/2023";"20:03:00";"84";"Acidente s";"66";"BR-153/SP";"Sul";"Saída de Pista";1;0;0;0;0;0;0;0;0;0;1;0;0;0;0
"04/10/2023";"22:01:00";"91";"Acidente s";"63";"BR-153/SP";"Sul";"Tombamento de Moto";0;0;0;1;0;0;0;0;0;0;1;0;0;0;0
"05/10/2023";"13:28:00";"52";"Acidente s";"62";"BR-153/SP";"Sul";"Colisão Traseira";0;0;0;0;0;0;0;0;0;2;3;0;0;0;0
"05/10/2023";"18:59:00";"83";"Acidente c";"182,2";"BR-153/SP";"Norte";"Colisão Frontal";1;0;0;1;0;0;0;0;0;0;3;0;0;1;0
"05/10/2023";"20:15:00";"87";"Acidente s";"108";"BR-153/SP";"Sul";"Saída de Pista";0;0;0;0;0;0;0;0;0;1;1;0;0;0;0
"06/10/2023";"16:13:00";"61";"Acidente s";"62,7";"BR-153/SP";"Sul";"Engavetamento";2;0;0;0;0;0;0;0;0;1;7;0;0;0;0
"06/10/2023";"18:16:00";"67";"Acidente s";"32";"BR-153/SP";"Norte";"Saída de Pista";0;0;0;1;0;0;0;0;0;0;1;1;0;0;0
"07/10/2023";"19:38:00";"64";"Acidente c";"49,05";"BR-153/SP";"Norte";"Colisão Transversal";2;0;0;0;0;0;0;0;0;0;0;0;4;0;0
"08/10/2023";"06:25:00";"9";"Acidente s";"72";"BR-153/SP";"Sul";"Colisão Transversal";2;0;0;0;0;0;0;0;0;0;3;0;0;0;0
"08/10/2023";"09:01:00";"22";"Acidente s";"53,05";"BR-153/SP";"Sul";"Saída de Pista";0;0;0;0;0;0;0;0;0;1;1;0;0;0;0
"08/10/2023";"18:25:00";"70";"Acidente c";"72,8";"BR-153/SP";"Sul";"Atropelamento de Animal";1;0;0;0;0;0;0;0;0;0;2;0;1;0;0
"08/10/2023";"23:10:00";"84";"Acidente c";"58,8";"BR-153/SP";"Norte";"Capotamento";1;0;0;0;0;0;0;0;0;0;1;0;2;1;0
"09/10/2023";"13:20:00";"40";"Acidente c";"71,9";"BR-153/SP";"Sul";"Colisão Traseira";0;0;1;0;0;0;0;0;0;0;0;1;0;0;0
"10/10/2023";"11:26:00";"27";"Acidente c";"178,35";"BR-153/SP";"Sul";"Tombamento";0;0;1;0;0;0;0;0;0;0;0;0;1;0;0
"10/10/2023";"11:43:00";"28";"Acidente s";"98,9";"BR-153/SP";"Sul";"Colisão Traseira";1;0;1;0;0;0;0;0;0;0;4;0;0;0;0
"10/10/2023";"14:44:00";"43";"Acidente s";"24,3";"BR-153/SP";"Sul";"Saída de Pista";1;0;0;0;0;0;0;0;0;0;2;0;0;0;0
"10/10/2023";"18:23:00";"59";"Acidente c";"255";"BR-153/SP";"Norte";"Engavetamento";2;0;1;1;0;0;0;0;0;0;4;0;0;0;1
"11/10/2023";"07:18:00";"10";"Acidente c";"59";"BR-153/SP";"Sul";"Colisão Traseira";1;0;0;1;0;0;0;0;0;0;2;2;0;0;0
"11/10/2023";"08:17:00";"19";"Acidente s";"61";"BR-153/SP";"Sul";"Engavetamento";0;0;1;0;0;0;0;0;0;2;4;0;0;0;0
"11/10/2023";"09:00:00";"24";"Acidente c";"58";"BR-153/SP";"Sul";"Colisão Traseira";0;0;1;1;0;0;0;0;0;0;1;1;0;0;0
"11/10/2023";"15:25:00";"47";"Acidente s";"62";"BR-153/SP";"Norte";"Colisão Traseira";1;0;0;1;0;0;0;0;0;0;2;0;0;0;0
"12/10/2023";"00:15:00";"2";"Acidente c";"55";"BR-153/SP";"Norte";"Atropelamento de Animal";0;0;0;0;0;0;0;0;0;1;2;0;1;0;0
"12/10/2023";"23:07:00";"83";"Acidente c";"56";"BR-153/SP";"Norte";"Atropelamento  de Pedestre";0;0;0;0;0;0;0;0;0;0;0;0;0;0;1