data;horario;n_da_ocorrencia;tipo_de_ocorrencia;km;trecho;sentido;tipo_de_acidente;automovel;bicicleta;caminhao;moto;onibus;outros;tracao_animal;transporte_de_cargas_especiais;trator_maquinas;utilitarios;ilesos;levemente_feridos;moderadamente_feridos;gravemente_feridos;mortos
"27/12/2023";"08:56:00";"14";"Acidente c";"84,5";"BR-153/SP";"Norte";"Tombamento de Moto";0;0;0;1;0;0;0;0;0;0;0;1;0;0;0
"28/12/2023";"00:06:00";"1";"Acidente s";"260";"BR-153/SP";"Norte";"Atropelamento de Animal";1;0;0;0;0;0;0;0;0;0;1;0;0;0;0
"29/12/2023";"07:55:00";"8";"Acidente s";"62,4";"BR-153/SP";"Sul";"Colisão Traseira";0;0;0;0;0;0;0;0;0;2;2;0;0;0;0
"29/12/2023";"15:10:00";"31";"Acidente c";"152";"BR-153/SP";"Sul";"Saída de Pista";1;0;0;0;0;0;0;0;0;0;0;1;2;0;0
"29/12/2023";"17:17:00";"42";"Acidente s";"62";"BR-153/SP";"Sul";"Tombamento de Moto";0;0;0;1;0;0;0;0;0;0;1;0;0;0;0
"30/12/2023";"08:25:00";"18";"Acidente s";"149";"BR-153/SP";"Sul";"Saída de Pista";1;0;0;0;0;0;0;0;0;0;2;0;0;0;0
"30/12/2023";"19:26:00";"49";"Acidente c";"74,9";"BR-153/SP";"Norte";"Saída de Pista";1;0;0;0;0;0;0;0;0;0;0;0;1;0;0
"01/01/2024";"14:10:00";"24";"Sem vítima";"71,000";"BR-153/SP";"Crescente";"Saída de pista";0;0;0;0;0;0;0;0;0;1;0;0;0;0;0
"01/01/2024";"14:19:00";"25";"Sem vítima";"71,000";"BR-153/SP";"Crescente";"Choque";1;0;0;0;0;0;0;0;0;0;0;0;0;0;0
"01/01/2024";"17:55:00";"35";"Sem vítima";"16,000";"BR-153/SP";"Crescente";"Colisão traseira";1;0;0;0;0;0;0;0;0;0;0;0;0;0;0
"01/01/2024";"21:56:00";"47";"Sem vítima";"322,700";"BR-153/SP";"Decrescente";"Acidentes de outra natureza";0;0;0;1;0;0;0;0;0;0;0;0;0;0;0
"03/01/2024";"06:49:00";"6";"Com vítima";"64,300";"BR-153/SP";"Decrescente";"Colisão traseira";1;0;0;1;0;0;0;0;0;0;2;1;0;0;0
"03/01/2024";"10:54:00";"30";"Com vítima";"19,000";"BR-153/SP";"Decrescente";"Colisão traseira";1;0;1;0;0;0;0;0;0;0;1;1;0;0;0
"03/01/2024";"14:42:00";"43";"Com vítima";"58,300";"BR-153/SP";"Crescente";"Colisão traseira";1;0;1;0;0;0;0;0;0;0;1;0;1;0;0
"05/01/2024";"10:49:00";"22";"Sem vítima";"31,500";"BR-153/SP";"Crescente";"Colisão transversal";1;0;1;0;0;0;0;0;0;0;0;0;0;0;0
"05/01/2024";"20:39:00";"64";"Sem vítima";"100,000";"BR-153/SP";"Decrescente";"Saída de pista";0;0;0;0;0;0;0;0;1;0;0;0;0;0;0
"05/01/2024";"23:23:00";"69";"Sem vítima";"113,200";"BR-153/SP";"Decrescente";"Atropelamento de animal";1;0;0;0;0;0;0;0;0;0;0;0;0;0;0
"06/01/2024";"04:08:00";"6";"Sem vítima";"341,000";"BR-153/SP";"Crescente";"Colisão traseira";0;0;1;0;1;0;0;0;0;0;0;0;0;0;0
"06/01/2024";"07:14:00";"10";"Sem vítima";"33,000";"BR-153/SP";"Decrescente";"Colisão lateral no mesmo sentido";2;0;0;0;0;1;0;0;0;0;0;0;0;0;0
"06/01/2024";"08:50:00";"13";"Sem vítima";"60,000";"BR-153/SP";"Crescente";"Colisão lateral no mesmo sentido";1;0;1;0;0;0;0;0;0;0;0;0;0;0;0
"06/01/2024";"21:40:00";"56";"Sem vítima";"69,950";"BR-153/SP";"Decrescente";"Colisão traseira";1;0;0;0;0;0;0;0;0;0;0;0;0;0;0
"08/01/2024";"10:27:00";"29";"Sem vítima";"62,000";"BR-153/SP";"Crescente";"Colisão traseira";1;0;0;0;0;0;0;0;0;0;0;0;0;0;0
"08/01/2024";"17:00:00";"74";"Com vítima";"74,600";"BR-153/SP";"Crescente";"Acidentes de outra natureza";0;0;0;1;0;0;0;0;0;0;0;2;0;0;0
"09/01/2024";"19:58:00";"63";"Com vítima";"120,300";"BR-153/SP";"Decrescente";"Colisão transversal";0;0;1;1;0;0;0;0;0;0;1;0;1;0;0
"10/01/2024";"07:19:00";"12";"Sem vítima";"61,900";"BR-153/SP";"Crescente";"Colisão lateral no mesmo sentido";1;0;0;1;0;0;0;0;0;0;0;0;0;0;0
"10/01/2024";"07:56:00";"16";"Com vítima";"61,800";"BR-153/SP";"Crescente";"Colisão traseira";0;0;0;1;0;0;0;0;0;1;1;1;0;0;0
"10/01/2024";"18:13:00";"62";"Com vítima";"111,000";"BR-153/SP";"Decrescente";"Colisão traseira";1;0;0;0;0;0;0;0;0;1;1;2;0;0;0
"11/01/2024";"11:51:00";"23";"Sem vítima";"108,000";"BR-153/SP";"Crescente";"Colisão lateral no mesmo sentido";0;0;1;0;0;0;0;0;0;1;0;0;0;0;0
"11/01/2024";"15:33:00";"35";"Sem vítima";"78,800";"BR-153/SP";"Decrescente";"Saída de pista";0;0;0;0;0;0;0;0;0;1;0;0;0;0;0
"12/01/2024";"11:17:00";"29";"Sem vítima";"75,000";"BR-153/SP";"Crescente";"Colisão lateral no mesmo sentido";0;0;2;0;0;0;0;0;0;0;0;0;0;0;0
"13/01/2024";"09:36:00";"23";"Sem vítima";"61,500";"BR-153/SP";"Crescente";"Colisão traseira";0;0;2;0;0;0;0;0;0;0;0;0;0;0;0
"13/01/2024";"14:17:00";"36";"Sem vítima";"173,000";"BR-153/SP";"Decrescente";"Saída de pista";1;0;0;0;0;0;0;0;0;0;0;0;0;0;0
"13/01/2024";"17:22:00";"47";"Sem vítima";"61,800";"BR-153/SP";"Crescente";"Saída de pista";1;0;0;0;0;0;0;0;0;0;0;0;0;0;0
"13/01/2024";"18:21:00";"51";"Sem vítima";"229,000";"BR-153/SP";"Crescente";"Colisão lateral no mesmo sentido";1;0;0;0;0;0;0;0;0;0;0;0;0;0;0
"14/01/2024";"01:06:00";"1";"Sem vítima";"73,800";"BR-153/SP";"Crescente";"Atropelamento de animal";1;0;0;0;0;0;0;0;0;0;0;0;0;0;0
"14/01/2024";"14:12:00";"34";"Sem vítima";"168,000";"BR-153/SP";"Crescente";"Colisão traseira";0;0;1;0;0;0;0;0;0;1;0;0;0;0;0
"15/01/2024";"15:00:00";"40";"Sem vítima";"62,000";"BR-153/SP";"Crescente";"Engavetamento";1;0;0;0;0;0;0;0;0;4;0;0;0;0;0
"16/01/2024";"08:32:00";"11";"Com vítima";"74,000";"BR-153/SP";"Decrescente";"Engavetamento";4;0;0;0;0;0;0;0;0;0;2;1;1;0;0
"17/01/2024";"07:42:00";"11";"Sem vítima";"60,000";"BR-153/SP";"Crescente";"Colisão traseira";2;0;0;0;0;0;0;0;0;0;0;0;0;0;0
"17/01/2024";"08:02:00";"14";"Sem vítima";"147,800";"BR-153/SP";"Decrescente";"Capotamento";1;0;0;0;0;0;0;0;0;0;0;0;0;0;0
"17/01/2024";"13:58:00";"52";"Sem vítima";"75,500";"BR-153/SP";"Decrescente";"Colisão traseira";0;0;1;0;0;0;0;0;0;1;0;0;0;0;0
"18/01/2024";"00:35:00";"1";"Sem vítima";"67,000";"BR-153/SP";"Decrescente";"Saída de pista";1;0;0;0;0;0;0;0;0;0;0;0;0;0;0
"18/01/2024";"08:23:00";"14";"Sem vítima";"60,000";"BR-153/SP";"Crescente";"Colisão traseira";1;0;0;0;0;0;0;0;0;1;0;0;0;0;0
"18/01/2024";"19:27:00";"53";"Com vítima";"64,000";"BR-153/SP";"Decrescente";"Colisão traseira";3;0;0;0;0;0;0;0;0;0;2;1;0;0;0
"19/01/2024";"07:46:00";"8";"Sem vítima";"63,000";"BR-153/SP";"Crescente";"Colisão traseira";1;0;0;0;0;0;0;0;0;0;0;0;0;0;0
"19/01/2024";"10:16:00";"25";"Com vítima";"64,800";"BR-153/SP";"Crescente";"Saída de pista";0;0;0;1;0;0;0;0;0;0;0;1;0;0;0
"19/01/2024";"15:14:00";"56";"Sem vítima";"57,000";"BR-153/SP";"Decrescente";"Saída de pista";1;0;0;0;0;0;0;0;0;0;0;0;0;0;0
"19/01/2024";"17:32:00";"67";"Sem vítima";"190,000";"BR-153/SP";"Crescente";"Colisão traseira";0;0;1;0;0;0;0;0;0;0;0;0;0;0;0
"21/01/2024";"13:09:00";"20";"Sem vítima";"76,800";"BR-153/SP";"Crescente";"Saída de pista";1;0;1;0;0;0;0;0;0;0;0;0;0;0;0
"21/01/2024";"22:22:00";"48";"Com vítima";"63,000";"BR-153/SP";"Crescente";"Acidentes de outra natureza";0;0;0;1;0;0;0;0;0;0;0;1;0;0;0
"22/01/2024";"06:48:00";"6";"Sem vítima";"186,150";"BR-153/SP";"Decrescente";"Saída de pista";1;0;0;0;0;0;0;0;0;0;0;0;0;0;0
"23/01/2024";"09:58:00";"19";"Com vítima";"257,000";"BR-153/SP";"Decrescente";"Acidentes de outra natureza";0;0;0;1;0;0;0;0;0;0;0;1;0;0;0
"23/01/2024";"11:53:00";"27";"Sem vítima";"157,000";"BR-153/SP";"Crescente";"Colisão lateral no mesmo sentido";0;0;0;0;0;0;0;0;0;1;0;0;0;0;0
"23/01/2024";"22:04:00";"55";"Sem vítima";"16,300";"BR-153/SP";"Crescente";"Atropelamento de animal";0;0;1;0;0;0;0;0;0;0;0;0;0;0;0
"24/01/2024";"11:12:00";"24";"Com vítima";"62,300";"BR-153/SP";"Decrescente";"Engavetamento";1;0;0;0;0;0;0;0;0;2;3;1;0;0;0
"25/01/2024";"08:45:00";"18";"Sem vítima";"282,000";"BR-153/SP";"Crescente";"Saída de pista";0;0;1;0;0;0;0;0;0;0;0;0;0;0;0
"25/01/2024";"15:17:00";"34";"Sem vítima";"62,500";"BR-153/SP";"Crescente";"Colisão lateral no mesmo sentido";1;0;2;0;0;0;0;0;0;0;0;0;0;0;0
"25/01/2024";"20:50:00";"51";"Sem vítima";"84,000";"BR-153/SP";"Crescente";"Atropelamento de animal";1;0;0;0;0;0;0;0;0;0;0;0;0;0;0
"26/01/2024";"06:25:00";"3";"Sem vítima";"267,000";"BR-153/SP";"Crescente";"Saída de pista";0;0;1;0;0;0;0;0;0;0;0;0;0;0;0
"26/01/2024";"20:05:00";"67";"Com vítima";"262,000";"BR-153/SP";"Decrescente";"Colisão traseira";1;0;1;0;0;0;0;0;0;0;2;0;1;0;0
"27/01/2024";"04:29:00";"3";"Sem vítima";"72,400";"BR-153/SP";"Crescente";"Capotamento";1;0;0;0;0;0;0;0;0;0;0;0;0;0;0
"27/01/2024";"16:29:00";"42";"Sem vítima";"62,000";"BR-153/SP";"Decrescente";"Colisão lateral no mesmo sentido";2;0;0;0;0;0;0;0;0;0;0;0;0;0;0
"28/01/2024";"10:14:00";"12";"Sem vítima";"343,000";"BR-153/SP";"Crescente";"Colisão lateral no mesmo sentido";1;0;2;0;0;0;0;0;0;0;0;0;0;0;0
"28/01/2024";"18:14:00";"44";"Com vítima";"67,000";"BR-153/SP";"Crescente";"Colisão traseira";0;0;0;1;0;0;0;0;0;0;0;0;1;0;0
"29/01/2024";"16:28:00";"57";"Sem vítima";"35,800";"BR-153/SP";"Decrescente";"Colisão traseira";2;0;0;0;0;0;0;0;0;0;0;0;0;0;0
"30/01/2024";"10:58:00";"23";"Com vítima";"114,000";"BR-153/SP";"Decrescente";"Engavetamento";2;0;2;0;0;0;0;0;0;0;2;0;2;2;1
"30/01/2024";"11:48:00";"26";"Com vítima";"257,000";"BR-153/SP";"Decrescente";"Saída de pista";0;0;0;1;0;0;0;0;0;0;0;1;0;0;0
"31/01/2024";"17:03:00";"49";"Sem vítima";"27,500";"BR-153/SP";"Crescente";"Colisão traseira";1;0;0;0;0;0;0;0;0;0;0;0;0;0;0
"31/01/2024";"18:26:00";"53";"Sem vítima";"174,000";"BR-153/SP";"Crescente";"Colisão traseira";0;0;0;0;0;0;0;0;0;1;0;0;0;0;0
"01/02/2024";"09:22:00";"15";"Com vítima";"347,000";"BR-153/SP";"Decrescente";"Acidentes de outra natureza";0;0;0;1;0;0;0;0;0;0;0;1;0;0;0
"03/02/2024";"01:53:00";"3";"Sem vítima";"72,800";"BR-153/SP";"Crescente";"Saída de pista";1;0;0;0;0;0;0;0;0;0;0;0;0;0;0
"03/02/2024";"05:49:00";"7";"Sem vítima";"172,500";"BR-153/SP";"Decrescente";"Atropelamento de animal";1;0;0;0;0;0;0;0;0;0;0;0;0;0;0
"03/02/2024";"08:17:00";"12";"Sem vítima";"62,000";"BR-153/SP";"Decrescente";"Colisão traseira";1;0;1;0;0;0;0;0;0;0;0;0;0;0;0
"03/02/2024";"19:36:00";"57";"Sem vítima";"89,500";"BR-153/SP";"Decrescente";"Saída de pista";0;0;0;0;0;0;0;0;0;1;0;0;0;0;0
"03/02/2024";"23:04:00";"64";"Com vítima";"344,000";"BR-153/SP";"Decrescente";"Atropelamento de pedestre";0;0;0;0;1;0;0;0;0;0;1;0;1;0;0
"04/02/2024";"13:10:00";"20";"Com vítima";"148,000";"BR-153/SP";"Crescente";"Acidentes de outra natureza";0;0;0;1;0;0;0;0;0;0;0;1;0;0;0
"04/02/2024";"18:00:00";"31";"Sem vítima";"61,150";"BR-153/SP";"Decrescente";"Colisão lateral no mesmo sentido";1;0;1;0;0;0;0;0;0;0;0;0;0;0;0
"04/02/2024";"19:27:00";"38";"Sem vítima";"72,500";"BR-153/SP";"Crescente";"Saída de pista";1;0;0;0;0;0;0;0;0;0;0;0;0;0;0
"05/02/2024";"06:57:00";"7";"Sem vítima";"60,900";"BR-153/SP";"Decrescente";"Colisão lateral no mesmo sentido";1;0;1;0;0;0;0;0;0;0;0;0;0;0;0
"06/02/2024";"16:34:00";"41";"Sem vítima";"62,000";"BR-153/SP";"Crescente";"Colisão traseira";1;0;0;0;0;0;0;0;0;1;0;0;0;0;0
"06/02/2024";"18:20:00";"50";"Sem vítima";"271,000";"BR-153/SP";"Decrescente";"Colisão traseira";2;0;0;0;0;0;0;0;0;0;0;0;0;0;0
"07/02/2024";"06:51:00";"13";"Com vítima";"62,000";"BR-153/SP";"Crescente";"Colisão traseira";1;0;0;1;0;0;0;0;0;0;1;1;0;0;0
"07/02/2024";"07:48:00";"20";"Sem vítima";"62,000";"BR-153/SP";"Crescente";"Colisão lateral no mesmo sentido";1;0;1;0;0;0;0;0;0;0;0;0;0;0;0
"07/02/2024";"19:37:00";"80";"Com vítima";"114,700";"BR-153/SP";"Crescente";"Acidentes de outra natureza";0;0;0;1;0;0;0;0;0;0;0;0;1;0;0
"07/02/2024";"23:35:00";"93";"Sem vítima";"111,000";"BR-153/SP";"Decrescente";"Colisão lateral no mesmo sentido";1;0;0;0;0;0;0;0;0;0;0;0;0;0;0
"08/02/2024";"17:34:00";"49";"Sem vítima";"62,000";"BR-153/SP";"Crescente";"Engavetamento";2;0;0;0;0;0;0;0;0;1;0;0;0;0;0
"08/02/2024";"21:06:00";"58";"Com vítima";"174,400";"BR-153/SP";"Crescente";"Colisão lateral no mesmo sentido";1;0;0;1;0;0;0;0;0;0;1;1;0;0;0
"09/02/2024";"16:54:00";"53";"Sem vítima";"39,500";"BR-153/SP";"Decrescente";"Colisão transversal";2;0;0;0;0;0;0;0;0;0;0;0;0;0;0
"09/02/2024";"18:00:00";"58";"Sem vítima";"58,300";"BR-153/SP";"Decrescente";"Acidentes de outra natureza";1;0;0;0;0;0;0;0;0;0;0;0;0;0;0
"10/02/2024";"02:27:00";"3";"Sem vítima";"288,000";"BR-153/SP";"Decrescente";"Saída de pista";0;0;0;0;0;0;0;0;0;1;0;0;0;0;0
"10/02/2024";"02:44:00";"4";"Sem vítima";"64,200";"BR-153/SP";"Decrescente";"Saída de pista";1;0;0;0;0;0;0;0;0;0;0;0;0;0;0
"10/02/2024";"17:09:00";"56";"Sem vítima";"22,800";"BR-153/SP";"Crescente";"Colisão traseira";2;0;0;0;0;0;0;0;0;0;0;0;0;0;0
"11/02/2024";"00:05:00";"1";"Sem vítima";"208,800";"BR-153/SP";"Crescente";"Saída de pista";1;0;0;0;0;0;0;0;0;0;0;0;0;0;0
"11/02/2024";"01:50:00";"4";"Com vítima";"219,500";"BR-153/SP";"Crescente";"Acidentes de outra natureza";0;0;0;1;0;0;0;0;0;0;0;1;0;0;0
"11/02/2024";"03:19:00";"6";"Com vítima";"110,000";"BR-153/SP";"Crescente";"Saída de pista";1;0;0;0;0;0;0;0;0;0;0;1;0;0;0
"14/02/2024";"05:05:00";"6";"Sem vítima";"57,000";"BR-153/SP";"Decrescente";"Saída de pista";1;0;0;0;0;0;0;0;0;0;0;0;0;0;0
"16/02/2024";"08:19:00";"10";"Sem vítima";"61,900";"BR-153/SP";"Crescente";"Colisão traseira";1;0;1;0;0;0;0;0;0;0;0;0;0;0;0
"16/02/2024";"18:47:00";"63";"Sem vítima";"63,200";"BR-153/SP";"Decrescente";"Colisão traseira";2;0;0;0;0;0;0;0;0;0;0;0;0;0;0
"17/02/2024";"14:09:00";"39";"Com vítima";"114,000";"BR-153/SP";"Crescente";"Colisão traseira";0;0;1;1;0;0;0;0;0;0;1;1;0;0;0
"18/02/2024";"03:32:00";"7";"Sem vítima";"13,000";"BR-153/SP";"Crescente";"Choque";1;0;0;0;0;0;0;0;0;0;0;0;0;0;0
"19/02/2024";"11:40:00";"95";"Sem vítima";"62,000";"BR-153/SP";"Crescente";"Colisão lateral no mesmo sentido";0;0;2;0;0;0;0;0;0;0;0;0;0;0;0
"19/02/2024";"14:15:00";"119";"Com vítima";"88,000";"BR-153/SP";"Decrescente";"Colisão lateral no mesmo sentido";0;0;1;0;0;0;0;0;0;1;1;1;0;0;0
"19/02/2024";"23:05:00";"142";"Sem vítima";"99,800";"BR-153/SP";"Decrescente";"Tombamento";0;0;1;0;0;0;0;0;0;0;0;0;0;0;0
"20/02/2024";"05:58:00";"4";"Sem vítima";"178,500";"BR-153/SP";"Crescente";"Colisão traseira";2;0;0;0;0;0;0;0;0;0;0;0;0;0;0
"20/02/2024";"07:38:00";"9";"Sem vítima";"60,000";"BR-153/SP";"Crescente";"Engavetamento";2;0;0;1;0;0;0;0;0;0;0;0;0;0;0
"20/02/2024";"16:24:00";"55";"Com vítima";"18,000";"BR-153/SP";"Crescente";"Colisão lateral no mesmo sentido";0;0;0;1;0;0;0;0;0;0;0;0;1;0;0
"22/02/2024";"07:30:00";"14";"Sem vítima";"71,900";"BR-153/SP";"Decrescente";"Colisão traseira";0;0;0;1;0;0;0;0;0;0;0;0;0;0;0
"22/02/2024";"14:22:00";"54";"Sem vítima";"55,000";"BR-153/SP";"Crescente";"Saída de pista";1;0;0;0;0;0;0;0;0;0;0;0;0;0;0
"23/02/2024";"06:10:00";"3";"Com vítima";"58,400";"BR-153/SP";"Decrescente";"Acidentes de outra natureza";0;0;0;1;0;0;0;0;0;0;0;1;0;0;0
"23/02/2024";"15:18:00";"43";"Com vítima";"31,000";"BR-153/SP";"Decrescente";"Colisão transversal";1;0;1;0;0;0;0;0;0;0;2;0;0;0;2
"23/02/2024";"15:22:00";"45";"Sem vítima";"74,000";"BR-153/SP";"Decrescente";"Saída de pista";1;0;0;0;0;0;0;0;0;0;0;0;0;0;0
"23/02/2024";"16:23:00";"48";"Com vítima";"122,000";"BR-153/SP";"Crescente";"Saída de pista";1;0;0;0;0;0;0;0;0;0;0;1;0;0;0
"23/02/2024";"18:05:00";"54";"Com vítima";"71,000";"BR-153/SP";"Crescente";"Acidentes de outra natureza";0;0;0;1;0;0;0;0;0;0;0;1;0;0;0
"24/02/2024";"05:54:00";"12";"Sem vítima";"71,600";"BR-153/SP";"Decrescente";"Saída de pista";1;0;0;0;0;0;0;0;0;0;0;0;0;0;0
"25/02/2024";"19:45:00";"64";"Sem vítima";"5,000";"BR-153/SP";"Crescente";"Colisão traseira";1;0;0;0;0;0;0;0;0;1;0;0;0;0;0
"25/02/2024";"22:21:00";"68";"Com vítima";"156,000";"BR-153/SP";"Decrescente";"Saída de pista";1;0;0;0;0;0;0;0;0;0;0;1;1;0;0
"25/02/2024";"22:32:00";"69";"Sem vítima";"47,500";"BR-153/SP";"Crescente";"Atropelamento de animal";1;0;0;0;0;0;0;0;0;0;0;0;0;0;0
"26/02/2024";"19:05:00";"62";"Sem vítima";"49,000";"BR-153/SP";"Crescente";"Colisão transversal";1;0;0;1;0;0;0;0;0;0;0;0;0;0;0
"27/02/2024";"05:48:00";"2";"Sem vítima";"173,000";"BR-153/SP";"Decrescente";"Atropelamento de animal";1;0;0;0;0;0;0;0;0;0;0;0;0;0;0
"27/02/2024";"17:19:00";"61";"Com vítima";"63,200";"BR-153/SP";"Crescente";"Colisão lateral no mesmo sentido";1;0;0;1;0;0;0;0;0;0;2;0;1;0;0
"28/02/2024";"10:39:00";"25";"Com vítima";"53,000";"BR-153/SP";"Decrescente";"Acidentes de outra natureza";0;0;0;1;0;0;0;0;0;0;0;1;0;0;0
"28/02/2024";"12:15:00";"30";"Com vítima";"56,000";"BR-153/SP";"Decrescente";"Colisão traseira";1;0;0;1;0;0;0;0;0;0;1;0;1;0;0
"28/02/2024";"15:41:00";"45";"Sem vítima";"62,500";"BR-153/SP";"Crescente";"Engavetamento";2;0;0;0;0;0;0;0;0;2;0;0;0;0;0
"29/02/2024";"16:01:00";"37";"Sem vítima";"35,800";"BR-153/SP";"Crescente";"Colisão traseira";1;0;0;0;0;0;0;0;0;1;0;0;0;0;0
"29/02/2024";"19:35:00";"59";"Sem vítima";"304,900";"BR-153/SP";"Crescente";"Colisão traseira";1;0;0;1;0;0;0;0;0;0;0;0;0;0;0
"29/02/2024";"21:32:00";"63";"Sem vítima";"15,000";"BR-153/SP";"Crescente";"Choque";0;0;0;0;0;0;0;0;0;1;0;0;0;0;0
"01/03/2024";"06:31:00";"2";"Com vítima";"9,600";"BR-153/SP";"Decrescente";"Saída de pista";0;0;0;0;0;0;0;0;0;1;0;1;0;0;0
"01/03/2024";"11:13:00";"37";"Sem vítima";"40,400";"BR-153/SP";"Decrescente";"Engavetamento";1;0;0;0;0;0;0;0;0;1;0;0;0;0;0
"01/03/2024";"15:11:00";"59";"Sem vítima";"62,000";"BR-153/SP";"Crescente";"Engavetamento";1;0;0;0;0;0;0;0;0;0;0;0;0;0;0
"01/03/2024";"15:22:00";"60";"Sem vítima";"35,800";"BR-153/SP";"Decrescente";"Engavetamento";2;0;0;0;0;0;0;0;0;1;0;0;0;0;0
"01/03/2024";"19:27:00";"77";"Sem vítima";"119,000";"BR-153/SP";"Decrescente";"Colisão transversal";0;0;0;0;0;0;0;0;0;1;0;0;0;0;0
"02/03/2024";"01:55:00";"6";"Sem vítima";"35,800";"BR-153/SP";"Crescente";"Saída de pista";0;0;1;0;0;0;0;0;0;0;0;0;0;0;0
"02/03/2024";"05:40:00";"10";"Sem vítima";"47,800";"BR-153/SP";"Crescente";"Atropelamento de animal";0;0;1;0;0;0;0;0;0;0;0;0;0;0;0
"03/03/2024";"04:51:00";"10";"Sem vítima";"41,000";"BR-153/SP";"Decrescente";"Atropelamento de animal";1;0;0;0;0;0;0;0;0;0;0;0;0;0;0
"03/03/2024";"05:01:00";"11";"Com vítima";"62,000";"BR-153/SP";"Crescente";"Colisão traseira";2;0;0;0;0;0;0;0;0;0;3;1;0;0;0
"03/03/2024";"05:33:00";"13";"Com vítima";"159,000";"BR-153/SP";"Decrescente";"Colisão frontal";1;0;1;0;0;0;0;0;0;0;1;1;0;1;0
"03/03/2024";"05:50:00";"15";"Sem vítima";"86,000";"BR-153/SP";"Decrescente";"Saída de pista";1;0;0;0;0;0;0;0;0;0;0;0;0;0;0
"03/03/2024";"17:36:00";"64";"Com vítima";"62,000";"BR-153/SP";"Decrescente";"Colisão lateral no mesmo sentido";2;0;0;0;0;0;0;0;0;0;1;1;0;0;0
"04/03/2024";"00:09:00";"1";"Sem vítima";"111,000";"BR-153/SP";"Crescente";"Acidentes de outra natureza";1;0;0;0;0;0;0;0;0;0;0;0;0;0;0
"04/03/2024";"08:22:00";"20";"Com vítima";"65,500";"BR-153/SP";"Decrescente";"Acidentes de outra natureza";0;0;0;1;0;0;0;0;0;0;0;1;0;0;0
"04/03/2024";"11:23:00";"39";"Sem vítima";"17,000";"BR-153/SP";"Decrescente";"Colisão traseira";1;0;0;0;0;0;0;0;0;0;0;0;0;0;0
"04/03/2024";"14:42:00";"54";"Sem vítima";"117,950";"BR-153/SP";"Decrescente";"Colisão traseira";0;0;1;0;0;0;0;0;0;0;0;0;0;0;0
"04/03/2024";"19:20:00";"76";"Com vítima";"80,000";"BR-153/SP";"Crescente";"Saída de pista";1;0;0;0;0;0;0;0;0;0;0;1;0;0;0
"06/03/2024";"13:51:00";"47";"Sem vítima";"64,200";"BR-153/SP";"Crescente";"Colisão lateral no mesmo sentido";1;0;0;0;0;0;0;0;0;0;0;0;0;0;0
"06/03/2024";"14:27:00";"50";"Sem vítima";"61,000";"BR-153/SP";"Crescente";"Colisão traseira";0;0;2;0;0;0;0;0;0;0;0;0;0;0;0
"06/03/2024";"19:06:00";"65";"Sem vítima";"27,000";"BR-153/SP";"Crescente";"Acidentes de outra natureza";0;0;0;1;0;0;0;0;0;0;0;0;0;0;0
"07/03/2024";"17:02:00";"58";"Com vítima";"41,400";"BR-153/SP";"Decrescente";"Saída de pista";1;0;0;0;0;0;0;0;0;0;0;1;0;0;0
"07/03/2024";"19:10:00";"67";"Sem vítima";"74,000";"BR-153/SP";"Decrescente";"Engavetamento";8;0;1;0;0;0;0;0;0;1;0;0;0;0;0
"08/03/2024";"11:24:00";"38";"Sem vítima";"11,000";"BR-153/SP";"Decrescente";"Colisão traseira";1;0;0;0;0;0;0;0;0;0;0;0;0;0;0
"08/03/2024";"17:26:00";"65";"Com vítima";"61,000";"BR-153/SP";"Crescente";"Acidentes de outra natureza";1;0;0;1;0;0;0;0;0;0;2;1;0;0;0
"08/03/2024";"18:00:00";"66";"Com vítima";"105,700";"BR-153/SP";"Decrescente";"Saída de pista";0;0;1;0;0;0;0;0;0;0;0;1;0;0;0
"08/03/2024";"19:02:00";"69";"Com vítima";"51,600";"BR-153/SP";"Decrescente";"Colisão transversal";2;0;0;0;0;0;0;0;0;0;0;2;0;0;0
"08/03/2024";"20:15:00";"75";"Sem vítima";"61,800";"BR-153/SP";"Crescente";"Colisão traseira";1;0;0;0;0;0;0;0;0;1;0;0;0;0;0
"09/03/2024";"05:52:00";"6";"Com vítima";"61,000";"BR-153/SP";"Crescente";"Acidentes de outra natureza";0;0;0;2;0;0;0;0;0;0;0;2;0;0;0