data;horario;n_da_ocorrencia;tipo_de_ocorrencia;km;trecho;sentido;tipo_de_acidente;automovel;bicicleta;caminhao;moto;onibus;outros;tracao_animal;transporte_de_cargas_especiais;trator_maquinas;utilitarios;ilesos;levemente_feridos;moderadamente_feridos;gravemente_feridos;mortos
"03/10/2024";"11:59:00";"31";"Com vítima";"57,100";"BR-153/SP";"Crescente";"Acidentes de outra natureza";0;0;0;1;0;0;0;0;0;0;0;0;2;0;0
"03/10/2024";"16:37:00";"56";"Sem vítima";"62,500";"BR-153/SP";"Crescente";"Colisão lateral no mesmo sentido";1;0;1;0;0;0;0;0;0;0;0;0;0;0;0
"04/10/2024";"09:22:00";"16";"Sem vítima";"52,000";"BR-153/SP";"Decrescente";"Saída de pista";1;0;0;0;0;0;0;0;0;0;0;0;0;0;0
"04/10/2024";"14:44:00";"34";"Com vítima";"64,000";"BR-153/SP";"Crescente";"Engavetamento";3;0;0;0;0;0;0;0;0;0;4;1;0;0;0
"04/10/2024";"18:10:00";"51";"Sem vítima";"35,800";"BR-153/SP";"Decrescente";"Colisão traseira";1;0;0;0;0;0;0;0;0;1;0;0;0;0;0
"04/10/2024";"20:16:00";"63";"Sem vítima";"326,000";"BR-153/SP";"Decrescente";"Acidentes de outra natureza";0;0;0;1;0;0;0;0;0;0;0;0;0;0;0
"05/10/2024";"13:22:00";"32";"Com vítima";"208,000";"BR-153/SP";"Decrescente";"Colisão transversal";0;0;0;2;0;0;0;0;0;0;0;1;1;0;0
"05/10/2024";"18:50:00";"56";"Com vítima";"274,000";"BR-153/SP";"Decrescente";"Tombamento";0;0;1;0;0;0;0;0;0;0;0;0;1;0;0
"05/10/2024";"22:02:00";"70";"Sem vítima";"37,600";"BR-153/SP";"Decrescente";"Colisão lateral no mesmo sentido";1;0;0;0;0;0;0;0;0;0;0;0;0;0;0
"06/10/2024";"00:14:00";"1";"Com vítima";"103,700";"BR-153/SP";"Decrescente";"Colisão transversal";0;0;0;0;0;0;0;0;0;2;1;2;1;0;0
"06/10/2024";"05:43:00";"5";"Com vítima";"58,100";"BR-153/SP";"Decrescente";"Acidentes de outra natureza";1;0;0;1;0;0;0;0;0;0;1;1;0;0;0
"06/10/2024";"09:50:00";"21";"Com vítima";"57,300";"BR-153/SP";"Crescente";"Acidentes de outra natureza";0;0;0;1;0;0;0;0;0;0;1;1;0;0;0
"06/10/2024";"14:31:00";"44";"Com vítima";"271,000";"BR-153/SP";"Crescente";"Colisão traseira";1;0;0;0;0;0;0;0;0;0;0;0;1;0;0
"06/10/2024";"16:46:00";"55";"Com vítima";"256,300";"BR-153/SP";"Crescente";"Colisão lateral no mesmo sentido";0;0;0;2;0;0;0;0;0;0;0;1;0;0;0
"06/10/2024";"19:10:00";"66";"Sem vítima";"270,000";"BR-153/SP";"Decrescente";"Colisão traseira";2;0;0;0;0;0;0;0;0;0;0;0;0;0;0
"07/10/2024";"10:41:00";"26";"Com vítima";"174,400";"BR-153/SP";"Decrescente";"Colisão lateral no mesmo sentido";1;0;1;0;0;0;0;0;0;0;1;0;2;0;0
"07/10/2024";"10:47:00";"27";"Com vítima";"217,000";"BR-153/SP";"Crescente";"Colisão traseira";0;0;0;1;0;0;0;0;0;1;1;1;0;0;0
"07/10/2024";"16:57:00";"61";"Sem vítima";"118,000";"BR-153/SP";"Decrescente";"Colisão traseira";0;0;1;0;0;0;0;0;0;1;0;0;0;0;0
"08/10/2024";"07:55:00";"16";"Com vítima";"60,000";"BR-153/SP";"Crescente";"Colisão traseira";2;0;0;0;0;0;0;0;0;0;1;1;0;0;0
"08/10/2024";"10:50:00";"25";"Com vítima";"61,500";"BR-153/SP";"Decrescente";"Saída de pista";1;0;0;0;0;0;0;0;0;0;2;1;0;0;0
"09/10/2024";"12:58:00";"46";"Sem vítima";"35,800";"BR-153/SP";"Crescente";"Colisão traseira";1;0;1;0;0;0;0;0;0;0;0;0;0;0;0
"10/10/2024";"12:17:00";"37";"Com vítima";"61,000";"BR-153/SP";"Decrescente";"Colisão traseira";1;0;0;1;0;0;0;0;0;0;0;2;0;0;0
"11/10/2024";"14:00:00";"49";"Sem vítima";"62,500";"BR-153/SP";"Crescente";"Colisão traseira";1;0;0;0;0;0;0;0;0;1;0;0;0;0;0
"11/10/2024";"18:40:00";"85";"Sem vítima";"83,000";"BR-153/SP";"Crescente";"Saída de pista";1;0;0;0;0;0;0;0;0;0;0;0;0;0;0
"12/10/2024";"11:38:00";"36";"Com vítima";"287,000";"BR-153/SP";"Decrescente";"Capotamento";1;0;0;0;0;0;0;0;0;0;0;1;0;0;0
"12/10/2024";"21:00:00";"78";"Sem vítima";"35,800";"BR-153/SP";"Crescente";"Colisão traseira";2;0;0;0;0;0;0;0;0;0;0;0;0;0;0
"12/10/2024";"22:04:00";"87";"Sem vítima";"7,000";"BR-153/SP";"Crescente";"Colisão traseira";1;0;0;0;0;0;0;0;0;1;0;0;0;0;0
"13/10/2024";"00:48:00";"3";"Sem vítima";"10,000";"BR-153/SP";"Decrescente";"Atropelamento de animal";0;0;0;0;0;0;0;0;0;1;0;0;0;0;0
"13/10/2024";"17:09:00";"49";"Sem vítima";"120,000";"BR-153/SP";"Crescente";"Colisão lateral no mesmo sentido";1;0;0;0;0;0;0;0;0;0;0;0;0;0;0
"14/10/2024";"19:22:00";"57";"Sem vítima";"68,000";"BR-153/SP";"Decrescente";"Colisão lateral no mesmo sentido";0;0;1;0;0;0;0;0;0;1;0;0;0;0;0
"15/10/2024";"07:48:00";"12";"Sem vítima";"71,500";"BR-153/SP";"Decrescente";"Colisão traseira";2;0;0;0;0;0;0;0;0;0;0;0;0;0;0
"15/10/2024";"13:27:00";"44";"Com vítima";"65,000";"BR-153/SP";"Crescente";"Saída de pista";1;0;0;0;0;0;0;0;0;0;0;0;1;0;0
"15/10/2024";"14:36:00";"52";"Com vítima";"174,000";"BR-153/SP";"Decrescente";"Colisão transversal";0;0;1;1;0;0;0;0;0;0;1;0;1;0;0
"16/10/2024";"07:07:00";"9";"Com vítima";"257,900";"BR-153/SP";"Crescente";"Acidentes de outra natureza";0;0;0;1;0;0;0;0;0;0;0;0;1;0;0
"17/10/2024";"09:10:00";"19";"Sem vítima";"72,000";"BR-153/SP";"Decrescente";"Saída de pista";1;0;0;0;0;0;0;0;0;0;0;0;0;0;0
"17/10/2024";"09:27:00";"21";"Com vítima";"13,000";"BR-153/SP";"Crescente";"Saída de pista";1;0;0;0;0;0;0;0;0;0;0;1;0;0;0
"17/10/2024";"15:32:00";"44";"Sem vítima";"136,000";"BR-153/SP";"Crescente";"Colisão traseira";0;0;2;0;0;0;0;0;0;0;0;0;0;0;0
"18/10/2024";"09:21:00";"20";"Sem vítima";"68,000";"BR-153/SP";"Decrescente";"Saída de pista";1;0;0;0;0;0;0;0;0;0;0;0;0;0;0
"18/10/2024";"15:05:00";"45";"Sem vítima";"61,500";"BR-153/SP";"Decrescente";"Colisão traseira";0;0;1;0;0;0;0;0;0;1;0;0;0;0;0
"18/10/2024";"15:37:00";"50";"Sem vítima";"64,000";"BR-153/SP";"Decrescente";"Colisão traseira";1;0;0;0;0;0;0;0;0;1;0;0;0;0;0
"19/10/2024";"03:21:00";"1";"Com vítima";"96,100";"BR-153/SP";"Crescente";"Engavetamento";3;0;0;0;0;0;0;0;0;0;6;2;1;0;0
"19/10/2024";"09:35:00";"14";"Sem vítima";"148,900";"BR-153/SP";"Crescente";"Colisão lateral no mesmo sentido";0;0;1;0;0;0;0;0;0;1;0;0;0;0;0
"19/10/2024";"15:55:00";"36";"Sem vítima";"178,500";"BR-153/SP";"Decrescente";"Saída de pista";0;0;1;0;0;0;0;0;0;0;0;0;0;0;0
"19/10/2024";"17:36:00";"44";"Com vítima";"59,000";"BR-153/SP";"Decrescente";"Saída de pista";1;0;0;0;0;0;0;0;0;0;0;0;1;0;0
"19/10/2024";"20:35:00";"58";"Com vítima";"73,000";"BR-153/SP";"Crescente";"Acidentes de outra natureza";0;0;0;1;0;0;0;0;0;0;0;1;0;0;0
"20/10/2024";"07:34:00";"11";"Sem vítima";"73,000";"BR-153/SP";"Crescente";"Saída de pista";0;0;1;0;0;0;0;0;0;0;0;0;0;0;0
"20/10/2024";"13:28:00";"33";"Sem vítima";"75,000";"BR-153/SP";"Decrescente";"Colisão traseira";1;0;0;0;0;0;0;0;0;1;0;0;0;0;0
"20/10/2024";"18:56:00";"57";"Sem vítima";"65,950";"BR-153/SP";"Crescente";"Saída de pista";1;0;0;0;0;0;0;0;0;0;0;0;0;0;0
"20/10/2024";"20:58:00";"66";"Sem vítima";"58,900";"BR-153/SP";"Decrescente";"Capotamento";1;0;0;0;0;0;0;0;0;0;0;0;0;0;0
"21/10/2024";"11:26:00";"32";"Com vítima";"42,000";"BR-153/SP";"Decrescente";"Colisão transversal";1;0;0;0;0;0;0;0;0;1;1;1;0;0;0
"21/10/2024";"20:59:00";"70";"Sem vítima";"73,000";"BR-153/SP";"Decrescente";"Saída de pista";1;0;0;0;0;0;0;0;0;0;0;0;0;0;0
"24/10/2024";"08:08:00";"14";"Com vítima";"64,000";"BR-153/SP";"Crescente";"Colisão lateral no mesmo sentido";0;0;0;2;0;0;0;0;0;0;1;0;1;0;0
"24/10/2024";"17:03:00";"62";"Sem vítima";"131,500";"BR-153/SP";"Crescente";"Colisão traseira";0;0;1;0;0;0;0;0;0;1;0;0;0;0;0
"24/10/2024";"18:44:00";"68";"Com vítima";"33,000";"BR-153/SP";"Crescente";"Colisão traseira";0;0;0;1;0;0;0;0;0;1;2;1;0;0;0
"24/10/2024";"21:13:00";"87";"Sem vítima";"137,000";"BR-153/SP";"Decrescente";"Saída de pista";1;0;0;0;0;0;0;0;0;0;0;0;0;0;0
"25/10/2024";"01:33:00";"3";"Sem vítima";"111,000";"BR-153/SP";"Crescente";"Atropelamento de animal";1;0;0;0;0;0;0;0;0;0;0;0;0;0;0
"25/10/2024";"14:01:00";"51";"Sem vítima";"64,000";"BR-153/SP";"Decrescente";"Colisão lateral no mesmo sentido";1;0;0;0;0;0;0;0;0;0;0;0;0;0;0
"26/10/2024";"13:09:00";"35";"Com vítima";"256,000";"BR-153/SP";"Decrescente";"Tombamento";0;0;1;0;0;0;0;0;0;0;0;1;0;0;0
"28/10/2024";"13:51:00";"31";"Sem vítima";"174,000";"BR-153/SP";"Crescente";"Colisão lateral no mesmo sentido";1;0;0;0;0;0;0;0;0;1;0;0;0;0;0
"28/10/2024";"13:59:00";"32";"Sem vítima";"63,000";"BR-153/SP";"Crescente";"Saída de pista";0;0;0;0;0;0;0;0;0;0;0;0;0;0;0
"28/10/2024";"14:31:00";"33";"Com vítima";"102,000";"BR-153/SP";"Crescente";"Tombamento";0;0;1;0;0;0;0;0;0;0;0;1;0;0;0
"28/10/2024";"21:14:00";"62";"Sem vítima";"61,000";"BR-153/SP";"Decrescente";"Colisão traseira";0;0;2;0;0;0;0;0;0;0;0;0;0;0;0
"29/10/2024";"10:41:00";"28";"Sem vítima";"58,000";"BR-153/SP";"Crescente";"Colisão lateral no mesmo sentido";1;0;1;0;0;0;0;0;0;0;0;0;0;0;0
"29/10/2024";"11:07:00";"30";"Com vítima";"134,000";"BR-153/SP";"Crescente";"Colisão lateral no mesmo sentido";0;0;1;0;0;1;0;0;0;1;1;3;0;0;0
"29/10/2024";"16:09:00";"43";"Com vítima";"64,000";"BR-153/SP";"Decrescente";"Colisão traseira";0;0;1;0;0;0;0;0;0;1;1;1;0;0;0
"29/10/2024";"16:29:00";"44";"Com vítima";"66,000";"BR-153/SP";"Crescente";"Colisão traseira";1;0;0;0;0;0;0;0;0;0;0;1;0;0;0
"31/10/2024";"16:24:00";"60";"Com vítima";"179,000";"BR-153/SP";"Decrescente";"Colisão transversal";0;0;0;1;0;0;0;0;0;1;1;0;0;0;1
"01/11/2024";"12:55:00";"45";"Sem vítima";"63,000";"BR-153/SP";"Decrescente";"Colisão lateral no mesmo sentido";1;0;1;0;0;0;0;0;0;0;0;0;0;0;0
"02/11/2024";"08:53:00";"13";"Sem vítima";"151,000";"BR-153/SP";"Decrescente";"Colisão lateral no mesmo sentido";1;0;1;0;0;0;0;0;0;0;0;0;0;0;0
"02/11/2024";"08:55:00";"14";"Com vítima";"64,000";"BR-153/SP";"Crescente";"Tombamento";0;0;1;0;0;0;0;0;0;0;0;0;1;0;0
"02/11/2024";"22:14:00";"47";"Com vítima";"49,300";"BR-153/SP";"Crescente";"Colisão transversal";1;0;0;0;1;0;0;0;0;0;10;0;0;1;0
"03/11/2024";"00:58:00";"3";"Sem vítima";"31,000";"BR-153/SP";"Decrescente";"Saída de pista";1;0;0;0;0;0;0;0;0;0;0;0;0;0;0
"03/11/2024";"16:28:00";"47";"Sem vítima";"63,000";"BR-153/SP";"Decrescente";"Saída de pista";0;0;0;0;0;0;0;0;0;1;0;0;0;0;0
"03/11/2024";"17:00:00";"51";"Sem vítima";"5,000";"BR-153/SP";"Crescente";"Acidentes de outra natureza";0;0;0;1;0;0;0;0;0;0;0;0;0;0;0
"03/11/2024";"17:20:00";"52";"Sem vítima";"338,000";"BR-153/SP";"Decrescente";"Saída de pista";1;0;0;0;0;0;0;0;0;0;0;0;0;0;0
"03/11/2024";"18:23:00";"61";"Sem vítima";"173,700";"BR-153/SP";"Decrescente";"Colisão traseira";0;0;2;0;0;0;0;0;0;0;0;0;0;0;0
"04/11/2024";"10:42:00";"33";"Sem vítima";"61,400";"BR-153/SP";"Crescente";"Saída de pista";1;0;0;0;0;0;0;0;0;0;0;0;0;0;0
"04/11/2024";"13:27:00";"47";"Sem vítima";"46,000";"BR-153/SP";"Decrescente";"Saída de pista";0;0;1;0;0;0;0;0;0;0;0;0;0;0;0
"06/11/2024";"08:24:00";"14";"Com vítima";"63,000";"BR-153/SP";"Crescente";"Colisão traseira";0;0;1;0;0;0;0;0;0;1;1;0;0;1;0
"06/11/2024";"16:23:00";"57";"Sem vítima";"275,000";"BR-153/SP";"Crescente";"Acidentes de outra natureza";0;0;0;1;0;0;0;0;0;0;0;0;0;0;0
"07/11/2024";"19:36:00";"84";"Com vítima";"343,500";"BR-153/SP";"Decrescente";"Colisão transversal";1;0;1;0;0;0;0;0;0;0;1;1;0;0;0
"07/11/2024";"20:01:00";"87";"Sem vítima";"223,000";"BR-153/SP";"Decrescente";"Saída de pista";1;0;0;0;0;0;0;0;0;0;0;0;0;0;0
"08/11/2024";"07:40:00";"18";"Sem vítima";"61,000";"BR-153/SP";"Crescente";"Saída de pista";1;0;0;0;0;0;0;0;0;0;0;0;0;0;0
"08/11/2024";"08:13:00";"23";"Sem vítima";"61,000";"BR-153/SP";"Decrescente";"Colisão traseira";0;0;0;0;0;0;0;0;0;2;0;0;0;0;0
"08/11/2024";"12:15:00";"44";"Sem vítima";"61,000";"BR-153/SP";"Crescente";"Engavetamento";1;0;0;0;0;0;0;0;0;0;0;0;0;0;0
"08/11/2024";"14:11:00";"49";"Sem vítima";"269,100";"BR-153/SP";"Decrescente";"Colisão traseira";0;0;0;0;0;0;0;0;0;2;0;0;0;0;0
"09/11/2024";"07:15:00";"19";"Sem vítima";"188,000";"BR-153/SP";"Decrescente";"Saída de pista";1;0;0;0;0;0;0;0;0;0;0;0;0;0;0
"09/11/2024";"18:14:00";"69";"Sem vítima";"188,700";"BR-153/SP";"Crescente";"Acidentes de outra natureza";0;0;0;1;0;0;0;0;0;0;0;0;0;0;0
"09/11/2024";"19:50:00";"77";"Sem vítima";"50,000";"BR-153/SP";"Decrescente";"Colisão transversal";2;0;0;0;0;0;0;0;0;0;0;0;0;0;0
"10/11/2024";"05:37:00";"10";"Sem vítima";"66,000";"BR-153/SP";"Decrescente";"Capotamento";1;0;0;0;0;0;0;0;0;0;0;0;0;0;0
"10/11/2024";"17:53:00";"63";"Com vítima";"228,000";"BR-153/SP";"Crescente";"Colisão lateral no mesmo sentido";2;0;0;0;0;0;0;0;0;0;0;5;0;0;0
"10/11/2024";"18:56:00";"67";"Com vítima";"17,000";"BR-153/SP";"Crescente";"Acidentes de outra natureza";0;0;0;1;0;0;0;0;0;0;0;2;0;0;0
"10/11/2024";"20:41:00";"81";"Com vítima";"72,300";"BR-153/SP";"Crescente";"Acidentes de outra natureza";0;0;0;1;0;0;0;0;0;0;0;2;0;0;0
"10/11/2024";"21:39:00";"84";"Com vítima";"11,000";"BR-153/SP";"Decrescente";"Colisão lateral no mesmo sentido";2;0;0;0;0;0;0;0;0;0;1;1;0;0;0
"10/11/2024";"23:16:00";"88";"Sem vítima";"160,000";"BR-153/SP";"Crescente";"Atropelamento de animal";1;0;0;0;0;0;0;0;0;0;0;0;0;0;0
"11/11/2024";"05:05:00";"7";"Sem vítima";"258,000";"BR-153/SP";"Crescente";"Atropelamento de animal";1;0;0;0;0;0;0;0;0;0;0;0;0;0;0
"11/11/2024";"06:31:00";"13";"Com vítima";"58,500";"BR-153/SP";"Decrescente";"Capotamento";1;0;0;0;0;0;0;0;0;0;1;1;0;0;0
"11/11/2024";"06:40:00";"14";"Com vítima";"58,500";"BR-153/SP";"Crescente";"Engavetamento";2;0;0;0;0;0;0;0;0;1;2;4;0;0;0
"12/11/2024";"07:50:00";"22";"Sem vítima";"62,000";"BR-153/SP";"Crescente";"Colisão traseira";1;0;1;0;0;0;0;0;0;0;0;0;0;0;0
"13/11/2024";"05:51:00";"6";"Sem vítima";"21,000";"BR-153/SP";"Decrescente";"Acidentes de outra natureza";0;0;0;1;0;0;0;0;0;0;0;0;0;0;0
"13/11/2024";"10:24:00";"30";"Sem vítima";"62,000";"BR-153/SP";"Crescente";"Engavetamento";1;0;1;0;0;0;0;0;0;1;0;0;0;0;0
"14/11/2024";"00:56:00";"2";"Sem vítima";"58,700";"BR-153/SP";"Decrescente";"Saída de pista";1;0;0;0;0;0;0;0;0;0;0;0;0;0;0
"14/11/2024";"11:47:00";"32";"Sem vítima";"98,900";"BR-153/SP";"Crescente";"Engavetamento";0;0;3;0;0;0;0;0;0;0;0;0;0;0;0
"14/11/2024";"13:19:00";"37";"Com vítima";"90,000";"BR-153/SP";"Decrescente";"Tombamento";0;0;0;1;0;0;0;0;0;0;0;0;1;0;0
"14/11/2024";"15:25:00";"47";"Sem vítima";"61,000";"BR-153/SP";"Crescente";"Colisão traseira";2;0;0;0;0;0;0;0;0;0;0;0;0;0;0
"14/11/2024";"16:32:00";"54";"Sem vítima";"174,000";"BR-153/SP";"Decrescente";"Acidentes de outra natureza";0;0;0;1;0;0;0;0;0;0;0;0;0;0;0
"14/11/2024";"19:45:00";"66";"Com vítima";"61,650";"BR-153/SP";"Crescente";"Colisão lateral no mesmo sentido";1;0;0;1;0;0;0;0;0;0;2;1;1;0;0
"14/11/2024";"21:35:00";"74";"Com vítima";"49,700";"BR-153/SP";"Crescente";"Colisão frontal";1;0;1;0;0;0;0;0;0;0;1;0;0;0;1
"15/11/2024";"09:16:00";"31";"Sem vítima";"265,000";"BR-153/SP";"Crescente";"Saída de pista";0;0;0;0;0;0;0;0;0;1;0;0;0;0;0
"15/11/2024";"17:52:00";"78";"Com vítima";"74,000";"BR-153/SP";"Decrescente";"Colisão traseira";1;0;0;0;0;0;0;0;0;1;1;1;0;0;0
"16/11/2024";"08:33:00";"28";"Sem vítima";"309,800";"BR-153/SP";"Crescente";"Colisão traseira";1;0;0;0;0;0;0;0;0;0;0;0;0;0;0
"16/11/2024";"10:30:00";"33";"Com vítima";"295,300";"BR-153/SP";"Crescente";"Acidentes de outra natureza";0;0;0;1;0;0;0;0;0;0;0;1;0;0;0
"16/11/2024";"12:52:00";"40";"Sem vítima";"117,000";"BR-153/SP";"Decrescente";"Tombamento";0;0;0;1;0;0;0;0;0;0;0;0;0;0;0
"16/11/2024";"18:57:00";"71";"Sem vítima";"73,000";"BR-153/SP";"Decrescente";"Choque";1;0;0;0;0;0;0;0;0;0;0;0;0;0;0
"17/11/2024";"15:05:00";"32";"Com vítima";"31,000";"BR-153/SP";"Crescente";"Colisão transversal";0;0;1;1;0;0;0;0;0;0;1;2;0;0;0
"17/11/2024";"18:59:00";"53";"Com vítima";"256,000";"BR-153/SP";"Decrescente";"Acidentes de outra natureza";0;0;0;1;0;0;0;0;0;0;1;0;1;0;0
"17/11/2024";"22:24:00";"68";"Com vítima";"201,100";"BR-153/SP";"Decrescente";"Atropelamento de animal";1;0;0;0;0;0;0;0;0;0;0;2;0;0;0
"18/11/2024";"12:25:00";"46";"Com vítima";"65,000";"BR-153/SP";"Crescente";"Saída de pista";1;0;0;0;0;0;0;0;0;0;0;1;0;0;0
"19/11/2024";"10:51:00";"39";"Sem vítima";"61,000";"BR-153/SP";"Crescente";"Colisão lateral no mesmo sentido";1;0;0;0;0;0;0;0;0;1;0;0;0;0;0
"19/11/2024";"14:13:00";"55";"Sem vítima";"61,400";"BR-153/SP";"Crescente";"Colisão traseira";1;0;0;0;0;0;0;0;0;1;0;0;0;0;0
"20/11/2024";"06:36:00";"10";"Com vítima";"61,100";"BR-153/SP";"Crescente";"Acidentes de outra natureza";0;0;0;1;0;0;0;0;0;0;1;1;0;0;0
"20/11/2024";"10:21:00";"25";"Sem vítima";"87,000";"BR-153/SP";"Decrescente";"Colisão traseira";2;0;0;0;0;0;0;0;0;0;0;0;0;0;0
"21/11/2024";"22:15:00";"75";"Sem vítima";"44,000";"BR-153/SP";"Decrescente";"Saída de pista";1;0;0;0;0;0;0;0;0;0;0;0;0;0;0
"22/11/2024";"00:24:00";"1";"Sem vítima";"63,000";"BR-153/SP";"Decrescente";"Colisão lateral no mesmo sentido";1;0;0;1;0;0;0;0;0;0;0;0;0;0;0
"22/11/2024";"08:29:00";"14";"Sem vítima";"278,700";"BR-153/SP";"Decrescente";"Saída de pista";0;0;1;0;0;0;0;0;0;0;0;0;0;0;0
"22/11/2024";"11:23:00";"32";"Sem vítima";"98,900";"BR-153/SP";"Crescente";"Colisão traseira";1;0;1;0;0;0;0;0;0;0;0;0;0;0;0
"22/11/2024";"13:50:00";"43";"Sem vítima";"63,000";"BR-153/SP";"Crescente";"Colisão traseira";1;0;1;0;0;0;0;0;0;0;0;0;0;0;0
"22/11/2024";"18:26:00";"66";"Com vítima";"220,600";"BR-153/SP";"Decrescente";"Atropelamento de animal";0;0;0;1;0;0;0;0;0;0;0;0;2;0;0
"23/11/2024";"21:59:00";"71";"Com vítima";"68,000";"BR-153/SP";"Crescente";"Colisão traseira";2;0;0;1;0;0;0;0;0;0;4;1;0;0;0
"24/11/2024";"15:21:00";"43";"Sem vítima";"222,900";"BR-153/SP";"Decrescente";"Colisão lateral no mesmo sentido";0;0;1;0;0;0;0;0;0;0;0;0;0;0;0
"24/11/2024";"19:23:00";"63";"Com vítima";"45,200";"BR-153/SP";"Decrescente";"Colisão frontal";2;0;0;0;0;0;0;0;0;0;0;4;0;0;0
"24/11/2024";"19:47:00";"65";"Sem vítima";"75,000";"BR-153/SP";"Decrescente";"Colisão transversal";1;0;1;0;0;0;0;0;0;0;0;0;0;0;0
"24/11/2024";"20:39:00";"66";"Com vítima";"164,000";"BR-153/SP";"Crescente";"Colisão transversal";1;0;1;0;0;0;0;0;0;0;1;0;0;0;1
"25/11/2024";"08:19:00";"20";"Sem vítima";"60,000";"BR-153/SP";"Crescente";"Colisão traseira";1;0;1;0;0;0;0;0;0;0;0;0;0;0;0
"26/11/2024";"11:19:00";"25";"Com vítima";"161,000";"BR-153/SP";"Decrescente";"Colisão transversal";1;0;0;0;0;0;0;0;0;1;5;0;0;2;0
"26/11/2024";"14:21:00";"35";"Com vítima";"61,000";"BR-153/SP";"Crescente";"Colisão traseira";1;0;0;1;0;0;0;0;0;0;1;0;1;0;0
"27/11/2024";"07:43:00";"23";"Com vítima";"61,300";"BR-153/SP";"Crescente";"Colisão lateral no mesmo sentido";1;0;0;1;0;0;0;0;0;0;1;1;0;0;0
"27/11/2024";"08:57:00";"35";"Sem vítima";"61,000";"BR-153/SP";"Crescente";"Engavetamento";2;0;0;0;0;0;0;0;0;0;0;0;0;0;0
"27/11/2024";"13:15:00";"63";"Sem vítima";"60,900";"BR-153/SP";"Decrescente";"Colisão lateral no mesmo sentido";1;0;1;0;0;0;0;0;0;0;0;0;0;0;0
"27/11/2024";"13:59:00";"68";"Com vítima";"63,900";"BR-153/SP";"Decrescente";"Colisão lateral no mesmo sentido";0;0;1;1;0;0;0;0;0;0;1;0;1;0;0
"28/11/2024";"12:59:00";"50";"Sem vítima";"62,700";"BR-153/SP";"Crescente";"Colisão traseira";1;0;1;0;0;0;0;0;0;0;0;0;0;0;0
"28/11/2024";"17:22:00";"71";"Sem vítima";"111,000";"BR-153/SP";"Decrescente";"Colisão traseira";1;0;1;0;0;0;0;0;0;0;0;0;0;0;0
"29/11/2024";"15:30:00";"58";"Sem vítima";"0,000";"BR-153/SP";"Decrescente";"Colisão traseira";0;0;1;0;0;0;0;0;0;0;0;0;0;0;0
"29/11/2024";"17:32:00";"67";"Sem vítima";"62,000";"BR-153/SP";"Decrescente";"Colisão traseira";2;0;0;0;0;0;0;0;0;0;0;0;0;0;0
"29/11/2024";"17:44:00";"70";"Sem vítima";"280,000";"BR-153/SP";"Decrescente";"Colisão traseira";2;0;0;0;0;0;0;0;0;0;0;0;0;0;0
"29/11/2024";"19:03:00";"80";"Com vítima";"62,000";"BR-153/SP";"Crescente";"Colisão lateral no mesmo sentido";0;0;0;1;0;0;0;0;0;0;0;2;0;0;0
"30/11/2024";"01:31:00";"4";"Com vítima";"108,000";"BR-153/SP";"Decrescente";"Choque";1;0;0;0;0;0;0;0;0;0;0;1;0;0;0
"02/12/2024";"08:38:00";"12";"Sem vítima";"86,000";"BR-153/SP";"Crescente";"Colisão transversal";1;0;0;0;0;0;0;0;0;1;0;0;0;0;0
"02/12/2024";"17:19:00";"44";"Com vítima";"67,000";"BR-153/SP";"Decrescente";"Capotamento";1;0;0;0;0;0;0;0;0;0;0;0;0;1;0
"02/12/2024";"21:40:00";"58";"Com vítima";"73,800";"BR-153/SP";"Crescente";"Colisão traseira";1;0;0;1;0;0;0;0;0;0;2;0;1;0;0
"03/12/2024";"07:42:00";"14";"Com vítima";"50,000";"BR-153/SP";"Decrescente";"Acidentes de outra natureza";0;0;0;1;0;0;0;0;0;0;0;0;1;0;0
"03/12/2024";"11:32:00";"42";"Com vítima";"64,000";"BR-153/SP";"Decrescente";"Acidentes de outra natureza";0;0;0;0;1;0;0;0;0;0;0;0;1;0;0