data;horario;n_da_ocorrencia;tipo_de_ocorrencia;km;trecho;sentido;tipo_de_acidente;automovel;bicicleta;caminhao;moto;onibus;outros;tracao_animal;transporte_de_cargas_especiais;trator_maquinas;utilitarios;ilesos;levemente_feridos;moderadamente_feridos;gravemente_feridos;mortos
"15/10/2025";"00:16:00";"1";"Sem vítima";"213,000";"BR-153/SP";"Decrescente";"Tombamento";0;0;1;0;0;0;0;0;0;0;0;0;0;0;0
"15/10/2025";"07:22:00";"10";"Sem vítima";"64,000";"BR-153/SP";"Decrescente";"Colisão lateral no mesmo sentido";1;0;0;1;0;0;0;0;0;0;0;0;0;0;0
"15/10/2025";"15:01:00";"58";"Sem vítima";"91,000";"BR-153/SP";"Decrescente";"Tombamento";0;0;1;0;0;0;0;0;0;0;0;0;0;0;0
"15/10/2025";"17:17:00";"68";"Sem vítima";"123,100";"BR-153/SP";"Decrescente";"Saída de pista";1;0;0;0;0;0;0;0;0;0;0;0;0;0;0
"16/10/2025";"17:57:00";"67";"Com vítima";"63,000";"BR-153/SP";"Decrescente";"Colisão traseira";0;0;0;1;0;0;0;0;0;0;0;1;0;0;0
"17/10/2025";"02:47:00";"3";"Sem vítima";"49,300";"BR-153/SP";"Decrescente";"Atropelamento de animal";0;0;1;0;0;0;0;0;0;0;0;0;0;0;0
"17/10/2025";"08:23:00";"14";"Sem vítima";"61,000";"BR-153/SP";"Crescente";"Engavetamento";1;0;1;0;0;0;0;0;0;1;0;0;0;0;0
"17/10/2025";"09:59:00";"29";"Com vítima";"64,000";"BR-153/SP";"Crescente";"Colisão lateral no mesmo sentido";0;0;0;1;0;0;0;0;0;1;4;1;0;0;0
"17/10/2025";"18:45:00";"81";"Com vítima";"9,000";"BR-153/SP";"Decrescente";"Colisão lateral no mesmo sentido";1;0;1;0;0;0;0;0;0;0;5;1;0;0;0
"18/10/2025";"12:36:00";"33";"Com vítima";"269,800";"BR-153/SP";"Crescente";"Capotamento";1;0;0;0;0;0;0;0;0;0;0;1;0;0;0
"19/10/2025";"14:48:00";"39";"Com vítima";"36,000";"BR-153/SP";"Crescente";"Colisão lateral no mesmo sentido";2;0;0;0;0;0;0;0;0;0;4;1;0;0;0
"19/10/2025";"20:27:00";"65";"Com vítima";"66,850";"BR-153/SP";"Decrescente";"Colisão traseira";1;0;0;1;0;0;0;0;0;0;1;1;1;0;0
"20/10/2025";"07:49:00";"19";"Com vítima";"72,100";"BR-153/SP";"Decrescente";"Colisão traseira";1;0;0;1;0;0;0;0;0;0;1;1;0;0;0
"20/10/2025";"19:54:00";"83";"Com vítima";"171,800";"BR-153/SP";"Decrescente";"Colisão traseira";0;0;0;0;0;0;0;0;0;2;1;1;0;0;0
"21/10/2025";"00:10:00";"1";"Sem vítima";"282,500";"BR-153/SP";"Crescente";"Saída de pista";0;0;1;0;0;0;0;0;0;0;0;0;0;0;0
"21/10/2025";"01:14:00";"3";"Sem vítima";"283,000";"BR-153/SP";"Crescente";"Choque";0;0;1;0;0;0;0;0;0;0;0;0;0;0;0
"21/10/2025";"16:30:00";"69";"Com vítima";"61,000";"BR-153/SP";"Decrescente";"Acidentes de outra natureza";0;0;0;1;0;0;0;0;0;0;0;1;0;0;0
"21/10/2025";"23:12:00";"87";"Com vítima";"258,000";"BR-153/SP";"Crescente";"Atropelamento de pedestre";0;0;0;0;1;0;0;0;0;0;10;0;0;0;1
"22/10/2025";"06:34:00";"7";"Sem vítima";"35,800";"BR-153/SP";"Crescente";"Colisão traseira";1;0;0;0;0;0;0;0;0;1;0;0;0;0;0
"22/10/2025";"08:23:00";"15";"Com vítima";"55,000";"BR-153/SP";"Decrescente";"Colisão traseira";0;0;0;0;0;0;0;0;0;1;1;2;1;0;0
"23/10/2025";"07:23:00";"14";"Sem vítima";"59,500";"BR-153/SP";"Crescente";"Colisão lateral no mesmo sentido";1;0;0;1;0;0;0;0;0;0;0;0;0;0;0
"24/10/2025";"07:25:00";"16";"Com vítima";"61,000";"BR-153/SP";"Decrescente";"Tombamento";0;0;0;1;0;0;0;0;0;0;0;1;0;0;0
"25/10/2025";"19:08:00";"70";"Sem vítima";"205,000";"BR-153/SP";"Decrescente";"Colisão transversal";0;0;2;0;0;0;0;0;0;0;0;0;0;0;0
"26/10/2025";"00:04:00";"1";"Com vítima";"56,000";"BR-153/SP";"Decrescente";"Capotamento";1;0;0;0;0;0;0;0;0;0;0;0;0;0;1
"26/10/2025";"14:24:00";"41";"Com vítima";"73,100";"BR-153/SP";"Decrescente";"Acidentes de outra natureza";0;0;0;1;0;0;0;0;0;0;0;1;0;0;0
"27/10/2025";"07:31:00";"7";"Com vítima";"171,000";"BR-153/SP";"Crescente";"Colisão traseira";1;0;0;1;0;0;0;0;0;0;2;1;0;0;0
"27/10/2025";"17:47:00";"47";"Com vítima";"30,500";"BR-153/SP";"Crescente";"Colisão traseira";2;0;0;0;0;0;0;0;0;0;3;1;0;0;0
"28/10/2025";"12:37:00";"26";"Sem vítima";"73,000";"BR-153/SP";"Decrescente";"Saída de pista";1;0;0;0;0;0;0;0;0;0;0;0;0;0;0
"28/10/2025";"22:55:00";"56";"Com vítima";"342,000";"BR-153/SP";"Crescente";"Colisão lateral no mesmo sentido";2;0;1;0;0;0;0;0;0;0;3;3;0;0;0
"29/10/2025";"07:37:00";"9";"Com vítima";"122,000";"BR-153/SP";"Decrescente";"Acidentes de outra natureza";0;0;0;1;0;0;0;0;0;0;0;1;0;0;0
"30/10/2025";"07:23:00";"18";"Sem vítima";"183,800";"BR-153/SP";"Decrescente";"Colisão traseira";0;0;2;0;0;0;0;0;0;0;0;0;0;0;0
"30/10/2025";"08:45:00";"24";"Com vítima";"64,300";"BR-153/SP";"Crescente";"Acidentes de outra natureza";0;0;0;1;0;0;0;0;0;0;0;1;0;0;0
"30/10/2025";"10:38:00";"39";"Com vítima";"62,000";"BR-153/SP";"Crescente";"Engavetamento";2;0;1;0;0;0;0;0;0;1;4;1;0;0;0
"30/10/2025";"11:20:00";"45";"Sem vítima";"62,000";"BR-153/SP";"Crescente";"Colisão traseira";1;0;1;0;0;0;0;0;0;0;0;0;0;0;0
"30/10/2025";"12:31:00";"57";"Sem vítima";"62,800";"BR-153/SP";"Crescente";"Colisão traseira";0;0;0;1;0;0;0;0;0;0;0;0;0;0;0
"30/10/2025";"15:57:00";"73";"Com vítima";"73,000";"BR-153/SP";"Decrescente";"Capotamento";3;0;0;0;0;0;0;0;0;0;2;1;0;0;0
"31/10/2025";"07:49:00";"10";"Com vítima";"61,000";"BR-153/SP";"Crescente";"Colisão traseira";1;0;0;1;0;0;0;0;0;0;1;0;1;0;0
"31/10/2025";"10:02:00";"20";"Sem vítima";"257,000";"BR-153/SP";"Crescente";"Colisão frontal";0;0;1;0;0;0;0;0;0;0;0;0;0;0;0
"31/10/2025";"15:42:00";"45";"Com vítima";"30,000";"BR-153/SP";"Crescente";"Colisão lateral no mesmo sentido";0;0;1;1;0;0;0;0;0;0;1;1;0;0;0
"31/10/2025";"17:59:00";"57";"Com vítima";"61,000";"BR-153/SP";"Crescente";"Acidentes de outra natureza";0;0;0;1;0;0;0;0;0;0;0;1;0;0;0
"02/11/2025";"02:21:00";"4";"Sem vítima";"65,000";"BR-153/SP";"Decrescente";"Saída de pista";1;0;0;0;0;0;0;0;0;0;0;0;0;0;0
"02/11/2025";"02:39:00";"5";"Com vítima";"65,000";"BR-153/SP";"Crescente";"Acidentes de outra natureza";0;0;0;1;0;0;0;0;0;0;0;0;1;0;0
"02/11/2025";"10:30:00";"22";"Com vítima";"49,000";"BR-153/SP";"Crescente";"Colisão lateral no mesmo sentido";0;0;0;1;0;0;0;0;0;0;1;0;1;0;0
"02/11/2025";"17:13:00";"47";"Sem vítima";"73,000";"BR-153/SP";"Decrescente";"Saída de pista";1;0;0;0;0;0;0;0;0;0;0;0;0;0;0
"02/11/2025";"19:02:00";"50";"Com vítima";"174,000";"BR-153/SP";"Crescente";"Colisão transversal";1;0;0;0;0;0;0;0;0;1;1;1;0;0;0
"02/11/2025";"21:16:00";"57";"Sem vítima";"99,200";"BR-153/SP";"Decrescente";"Saída de pista";0;0;0;0;0;0;0;0;0;1;0;0;0;0;0
"03/11/2025";"06:08:00";"7";"Com vítima";"277,500";"BR-153/SP";"Crescente";"Colisão frontal";1;0;0;0;0;0;0;0;0;1;0;0;0;2;0
"03/11/2025";"07:09:00";"13";"Com vítima";"62,100";"BR-153/SP";"Crescente";"Acidentes de outra natureza";0;0;0;1;0;0;0;0;0;0;0;1;0;0;0
"03/11/2025";"08:09:00";"14";"Com vítima";"58,500";"BR-153/SP";"Crescente";"Colisão traseira";1;0;0;1;0;0;0;0;0;0;1;1;0;0;0
"03/11/2025";"17:07:00";"47";"Com vítima";"61,400";"BR-153/SP";"Crescente";"Acidentes de outra natureza";0;0;0;1;0;0;0;0;0;0;0;1;0;0;0
"04/11/2025";"22:48:00";"75";"Sem vítima";"32,350";"BR-153/SP";"Crescente";"Atropelamento de animal";1;0;0;0;0;0;0;0;0;0;0;0;0;0;0
"05/11/2025";"13:00:00";"35";"Com vítima";"172,000";"BR-153/SP";"Crescente";"Colisão frontal";0;0;2;0;0;0;0;0;0;0;0;2;0;1;0
"06/11/2025";"00:39:00";"3";"Com vítima";"134,000";"BR-153/SP";"Crescente";"Saída de pista";0;0;1;0;0;0;0;0;0;0;0;1;0;0;0
"06/11/2025";"02:23:00";"5";"Com vítima";"2,000";"BR-153/SP";"Crescente";"Choque";1;0;0;0;0;0;0;0;0;0;0;1;0;0;0
"07/11/2025";"05:03:00";"6";"Com vítima";"146,000";"BR-153/SP";"Crescente";"Colisão frontal";0;0;2;0;0;0;0;0;0;0;0;1;0;1;0
"07/11/2025";"09:53:00";"29";"Com vítima";"100,000";"BR-153/SP";"Decrescente";"Colisão frontal";0;0;0;0;0;0;0;0;0;0;0;0;0;0;0
"07/11/2025";"16:52:00";"66";"Sem vítima";"58,000";"BR-153/SP";"Decrescente";"Saída de pista";0;0;0;0;0;0;0;0;0;1;0;0;0;0;0
"07/11/2025";"17:39:00";"73";"Sem vítima";"42,000";"BR-153/SP";"Decrescente";"Colisão traseira";1;0;0;0;0;0;0;0;0;1;0;0;0;0;0
"07/11/2025";"18:13:00";"75";"Sem vítima";"21,900";"BR-153/SP";"Decrescente";"Capotamento";1;0;0;0;0;0;0;0;0;0;0;0;0;0;0
"08/11/2025";"05:04:00";"9";"Com vítima";"106,500";"BR-153/SP";"Crescente";"Colisão frontal";1;0;1;0;0;0;0;0;0;0;1;0;2;0;0
"09/11/2025";"05:20:00";"7";"Com vítima";"227,600";"BR-153/SP";"Decrescente";"Colisão lateral no mesmo sentido";0;0;1;0;0;0;0;0;0;1;1;1;0;0;0
"09/11/2025";"11:22:00";"24";"Sem vítima";"42,000";"BR-153/SP";"Crescente";"Colisão transversal";1;0;0;1;0;0;0;0;0;0;0;0;0;0;0
"09/11/2025";"13:06:00";"34";"Sem vítima";"62,800";"BR-153/SP";"Crescente";"Saída de pista";1;0;0;0;0;0;0;0;0;0;0;0;0;0;0
"09/11/2025";"16:43:00";"45";"Com vítima";"64,000";"BR-153/SP";"Decrescente";"Colisão lateral no mesmo sentido";1;0;1;0;0;0;0;0;0;0;4;0;1;0;0
"10/11/2025";"17:06:00";"74";"Com vítima";"61,000";"BR-153/SP";"Decrescente";"Colisão lateral no mesmo sentido";0;0;0;1;0;0;0;0;0;1;1;1;0;0;0
"11/11/2025";"17:32:00";"59";"Com vítima";"72,000";"BR-153/SP";"Decrescente";"Colisão traseira";1;0;1;0;0;0;0;0;0;0;1;1;0;0;0
"12/11/2025";"07:53:00";"13";"Sem vítima";"212,300";"BR-153/SP";"Decrescente";"Colisão traseira";1;0;0;0;0;0;0;0;0;1;0;0;0;0;0
"12/11/2025";"08:38:00";"17";"Com vítima";"229,000";"BR-153/SP";"Crescente";"Colisão frontal";1;0;2;0;0;0;0;0;0;0;2;0;0;1;0
"12/11/2025";"21:14:00";"63";"Sem vítima";"61,200";"BR-153/SP";"Decrescente";"Saída de pista";1;0;0;0;0;0;0;0;0;0;0;0;0;0;0
"13/11/2025";"17:43:00";"75";"Sem vítima";"155,000";"BR-153/SP";"Crescente";"Acidentes de outra natureza";1;0;0;1;0;0;0;0;0;0;0;0;0;0;0
"13/11/2025";"19:02:00";"81";"Sem vítima";"202,600";"BR-153/SP";"Crescente";"Saída de pista";0;0;1;0;0;0;0;0;0;0;0;0;0;0;0
"13/11/2025";"19:14:00";"83";"Sem vítima";"114,000";"BR-153/SP";"Crescente";"Colisão lateral no mesmo sentido";2;0;0;0;0;0;0;0;0;0;0;0;0;0;0
"14/11/2025";"18:05:00";"71";"Com vítima";"60,000";"BR-153/SP";"Decrescente";"Colisão lateral no mesmo sentido";2;0;0;0;0;0;0;0;0;0;1;1;0;0;0
"15/11/2025";"12:59:00";"30";"Com vítima";"63,000";"BR-153/SP";"Decrescente";"Colisão traseira";1;0;0;1;0;0;0;0;0;0;1;0;2;0;0
"15/11/2025";"13:21:00";"33";"Com vítima";"66,500";"BR-153/SP";"Crescente";"Saída de pista";0;0;0;1;0;0;0;0;0;0;0;0;1;0;1
"15/11/2025";"19:23:00";"50";"Com vítima";"42,000";"BR-153/SP";"Crescente";"Colisão transversal";1;0;0;0;0;0;0;0;0;1;2;1;0;0;0
"16/11/2025";"19:33:00";"49";"Com vítima";"76,000";"BR-153/SP";"Crescente";"Colisão traseira";2;0;0;0;0;0;0;0;0;0;2;1;0;0;0
"17/11/2025";"06:19:00";"4";"Sem vítima";"73,000";"BR-153/SP";"Decrescente";"Colisão lateral no mesmo sentido";1;0;0;1;0;0;0;0;0;0;0;0;0;0;0
"17/11/2025";"07:31:00";"9";"Sem vítima";"74,000";"BR-153/SP";"Decrescente";"Engavetamento";2;0;0;0;0;0;0;0;0;0;0;0;0;0;0
"17/11/2025";"13:14:00";"44";"Sem vítima";"58,000";"BR-153/SP";"Decrescente";"Colisão traseira";1;0;1;0;0;0;0;0;0;0;0;0;0;0;0
"18/11/2025";"02:08:00";"1";"Sem vítima";"72,800";"BR-153/SP";"Crescente";"Atropelamento de animal";1;0;0;0;0;0;0;0;0;0;0;0;0;0;0
"18/11/2025";"03:34:00";"2";"Sem vítima";"56,600";"BR-153/SP";"Decrescente";"Saída de pista";1;0;0;0;0;0;0;0;0;0;0;0;0;0;0
"19/11/2025";"07:52:00";"8";"Sem vítima";"59,000";"BR-153/SP";"Crescente";"Colisão traseira";1;0;0;0;0;0;0;0;0;1;0;0;0;0;0
"19/11/2025";"19:43:00";"61";"Sem vítima";"46,900";"BR-153/SP";"Decrescente";"Colisão lateral no mesmo sentido";0;0;0;0;0;0;0;0;0;1;0;0;0;0;0
"19/11/2025";"20:29:00";"62";"Com vítima";"63,000";"BR-153/SP";"Decrescente";"Engavetamento";2;0;0;0;0;0;0;0;0;1;3;1;0;0;0
"19/11/2025";"21:40:00";"68";"Com vítima";"52,000";"BR-153/SP";"Crescente";"Acidentes de outra natureza";0;0;0;1;0;0;0;0;0;0;0;0;1;0;0
"20/11/2025";"06:21:00";"7";"Com vítima";"14,750";"BR-153/SP";"Decrescente";"Colisão frontal";1;0;1;0;0;0;0;0;0;0;1;1;0;0;0
"21/11/2025";"02:50:00";"3";"Sem vítima";"340,000";"BR-153/SP";"Crescente";"Capotamento";1;0;0;0;0;0;0;0;0;0;0;0;0;0;0
"21/11/2025";"14:05:00";"50";"Sem vítima";"29,700";"BR-153/SP";"Decrescente";"Colisão lateral no mesmo sentido";1;0;0;0;0;0;0;0;0;1;0;0;0;0;0
"21/11/2025";"17:20:00";"63";"Com vítima";"31,500";"BR-153/SP";"Decrescente";"Colisão transversal";2;0;0;0;0;0;0;0;0;0;4;1;0;0;0
"22/11/2025";"00:58:00";"3";"Sem vítima";"346,700";"BR-153/SP";"Decrescente";"Saída de pista";1;0;0;0;0;0;0;0;0;0;0;0;0;0;0
"22/11/2025";"05:18:00";"7";"Sem vítima";"59,950";"BR-153/SP";"Decrescente";"Saída de pista";1;0;0;0;0;0;0;0;0;0;0;0;0;0;0
"22/11/2025";"15:57:00";"45";"Com vítima";"25,000";"BR-153/SP";"Crescente";"Acidentes de outra natureza";0;0;0;1;0;0;0;0;0;0;0;1;0;0;0
"22/11/2025";"21:28:00";"64";"Sem vítima";"57,000";"BR-153/SP";"Decrescente";"Saída de pista";1;0;0;0;0;0;0;0;0;0;0;0;0;0;0
"23/11/2025";"16:03:00";"42";"Com vítima";"109,500";"BR-153/SP";"Crescente";"Colisão frontal";1;0;1;0;0;0;0;0;0;0;1;1;0;0;1
"24/11/2025";"03:18:00";"1";"Sem vítima";"72,000";"BR-153/SP";"Crescente";"Saída de pista";1;0;0;0;0;0;0;0;0;0;0;0;0;0;0
"24/11/2025";"10:43:00";"34";"Sem vítima";"189,000";"BR-153/SP";"Decrescente";"Colisão traseira";1;0;1;0;0;0;0;0;0;0;0;0;0;0;0
"25/11/2025";"19:15:00";"61";"Sem vítima";"64,500";"BR-153/SP";"Decrescente";"Engavetamento";3;0;0;0;0;0;0;0;0;0;0;0;0;0;0
"26/11/2025";"08:01:00";"12";"Sem vítima";"75,100";"BR-153/SP";"Decrescente";"Colisão traseira";1;0;0;0;0;0;0;0;0;1;0;0;0;0;0
"26/11/2025";"08:06:00";"14";"Com vítima";"110,300";"BR-153/SP";"Crescente";"Colisão transversal";1;0;0;0;0;0;0;0;0;1;2;1;0;0;0
"26/11/2025";"08:35:00";"16";"Sem vítima";"61,000";"BR-153/SP";"Decrescente";"Saída de pista";1;0;0;0;0;0;0;0;0;0;0;0;0;0;0
"26/11/2025";"12:05:00";"34";"Sem vítima";"35,800";"BR-153/SP";"Crescente";"Colisão frontal";1;0;0;0;1;0;0;0;0;0;0;0;0;0;0
"27/11/2025";"08:30:00";"23";"Sem vítima";"63,000";"BR-153/SP";"Crescente";"Engavetamento";2;0;0;0;0;0;0;0;0;1;0;0;0;0;0
"28/11/2025";"13:09:00";"50";"Sem vítima";"69,700";"BR-153/SP";"Decrescente";"Colisão traseira";1;0;0;0;0;0;0;0;0;0;0;0;0;0;0
"28/11/2025";"17:37:00";"71";"Sem vítima";"229,000";"BR-153/SP";"Crescente";"Colisão traseira";0;0;2;0;0;0;0;0;0;0;0;0;0;0;0
"29/11/2025";"17:41:00";"53";"Sem vítima";"203,000";"BR-153/SP";"Crescente";"Colisão transversal";2;0;0;0;0;0;0;0;0;0;0;0;0;0;0
"30/11/2025";"12:53:00";"37";"Sem vítima";"61,700";"BR-153/SP";"Crescente";"Engavetamento";1;0;0;0;0;0;0;0;0;0;0;0;0;0;0
"30/11/2025";"16:50:00";"53";"Sem vítima";"47,000";"BR-153/SP";"Decrescente";"Colisão transversal";2;0;0;0;0;0;0;0;0;0;0;0;0;0;0
"30/11/2025";"19:54:00";"67";"Com vítima";"38,000";"BR-153/SP";"Decrescente";"Colisão lateral no mesmo sentido";1;0;1;0;0;0;0;0;0;0;1;1;0;0;0
"01/12/2025";"11:27:00";"48";"Sem vítima";"74,600";"BR-153/SP";"Decrescente";"Saída de pista";1;0;0;0;0;0;0;0;0;0;0;0;0;0;0
"02/12/2025";"10:37:00";"27";"Sem vítima";"73,000";"BR-153/SP";"Decrescente";"Colisão lateral no mesmo sentido";0;0;1;1;0;0;0;0;0;0;0;0;0;0;0
"02/12/2025";"15:25:00";"41";"Com vítima";"307,000";"BR-153/SP";"Crescente";"Colisão traseira";1;0;2;0;0;0;0;0;0;0;10;0;2;0;0
"02/12/2025";"17:23:00";"47";"Sem vítima";"307,000";"BR-153/SP";"Crescente";"Colisão lateral no mesmo sentido";0;0;1;0;0;0;0;0;0;1;0;0;0;0;0
"03/12/2025";"00:13:00";"1";"Sem vítima";"61,700";"BR-153/SP";"Decrescente";"Atropelamento de animal";1;0;0;0;0;0;0;0;0;0;0;0;0;0;0
"03/12/2025";"12:44:00";"58";"Com vítima";"62,000";"BR-153/SP";"Crescente";"Engavetamento";2;0;0;0;0;0;0;0;1;0;1;1;1;0;0
"03/12/2025";"18:25:00";"82";"Sem vítima";"60,250";"BR-153/SP";"Decrescente";"Colisão lateral no mesmo sentido";1;0;0;0;0;0;0;0;0;0;0;0;0;0;0
"04/12/2025";"13:30:00";"44";"Com vítima";"113,600";"BR-153/SP";"Crescente";"Colisão frontal";0;0;1;0;0;0;0;0;0;2;2;0;0;4;4
"04/12/2025";"17:01:00";"58";"Sem vítima";"62,000";"BR-153/SP";"Crescente";"Engavetamento";2;0;0;0;0;0;0;0;0;1;0;0;0;0;0
"06/12/2025";"06:59:00";"11";"Com vítima";"92,500";"BR-153/SP";"Crescente";"Tombamento";0;0;0;1;0;0;0;0;0;0;0;0;1;0;0
"06/12/2025";"11:28:00";"27";"Sem vítima";"62,900";"BR-153/SP";"Crescente";"Colisão traseira";0;0;2;0;0;0;0;0;0;0;0;0;0;0;0
"06/12/2025";"12:34:00";"32";"Com vítima";"69,900";"BR-153/SP";"Crescente";"Acidentes de outra natureza";0;0;0;1;0;0;0;0;0;0;0;0;1;0;0
"08/12/2025";"06:53:00";"8";"Sem vítima";"174,400";"BR-153/SP";"Decrescente";"Colisão transversal";1;0;1;0;0;0;0;0;0;0;0;0;0;0;0
"09/12/2025";"05:53:00";"8";"Sem vítima";"98,900";"BR-153/SP";"Crescente";"Colisão traseira";0;0;2;0;0;0;0;0;0;0;0;0;0;0;0
"09/12/2025";"07:50:00";"18";"Sem vítima";"43,000";"BR-153/SP";"Decrescente";"Colisão traseira";1;0;0;0;0;0;0;0;0;1;0;0;0;0;0
"09/12/2025";"08:00:00";"19";"Sem vítima";"74,000";"BR-153/SP";"Decrescente";"Saída de pista";1;0;0;0;0;0;0;0;0;0;0;0;0;0;0
"09/12/2025";"08:13:00";"20";"Sem vítima";"74,300";"BR-153/SP";"Decrescente";"Colisão traseira";2;0;0;0;0;0;0;0;0;0;0;0;0;0;0
"09/12/2025";"19:07:00";"79";"Com vítima";"52,400";"BR-153/SP";"Decrescente";"Acidentes de outra natureza";0;0;0;1;0;0;0;0;0;0;0;0;1;0;0
"10/12/2025";"07:15:00";"12";"Sem vítima";"65,000";"BR-153/SP";"Crescente";"Colisão traseira";0;0;1;0;0;0;0;0;0;0;0;0;0;0;0
"10/12/2025";"18:12:00";"61";"Sem vítima";"311,000";"BR-153/SP";"Crescente";"Colisão lateral no mesmo sentido";1;0;1;0;0;0;0;0;0;0;0;0;0;0;0
"10/12/2025";"21:32:00";"70";"Sem vítima";"173,200";"BR-153/SP";"Crescente";"Atropelamento de animal";0;0;1;0;0;0;0;0;0;0;0;0;0;0;0
"10/12/2025";"22:33:00";"73";"Sem vítima";"57,400";"BR-153/SP";"Decrescente";"Choque";1;0;0;0;0;0;0;0;0;0;0;0;0;0;0
"11/12/2025";"09:39:00";"18";"Sem vítima";"35,800";"BR-153/SP";"Decrescente";"Colisão traseira";0;0;2;0;0;0;0;0;0;0;0;0;0;0;0
"11/12/2025";"10:07:00";"23";"Com vítima";"43,000";"BR-153/SP";"Decrescente";"Colisão traseira";1;0;0;0;0;0;0;0;0;2;2;1;0;1;0
"11/12/2025";"11:00:00";"24";"Com vítima";"328,000";"BR-153/SP";"Decrescente";"Capotamento";1;0;0;0;0;0;0;0;0;0;0;0;1;0;0
"11/12/2025";"18:29:00";"35";"Sem vítima";"31,300";"BR-153/SP";"Decrescente";"Colisão traseira";1;0;1;0;0;0;0;0;0;0;0;0;0;0;0
"13/12/2025";"14:53:00";"50";"Sem vítima";"73,000";"BR-153/SP";"Crescente";"Saída de pista";0;0;1;0;0;0;0;0;0;0;0;0;0;0;0
"13/12/2025";"16:39:00";"60";"Sem vítima";"31,700";"BR-153/SP";"Crescente";"Colisão lateral no mesmo sentido";1;0;1;0;0;0;0;0;0;0;0;0;0;0;0
"13/12/2025";"23:04:00";"82";"Sem vítima";"42,000";"BR-153/SP";"Decrescente";"Colisão lateral no mesmo sentido";1;0;0;0;0;0;1;0;0;0;0;0;0;0;0
"14/12/2025";"04:39:00";"10";"Sem vítima";"169,000";"BR-153/SP";"Crescente";"Saída de pista";1;0;0;0;0;0;0;0;0;0;0;0;0;0;0
"14/12/2025";"10:07:00";"20";"Com vítima";"60,000";"BR-153/SP";"Crescente";"Atropelamento de pedestre";1;0;0;0;0;0;0;0;0;0;3;0;1;0;0
"14/12/2025";"16:58:00";"43";"Sem vítima";"218,000";"BR-153/SP";"Decrescente";"Saída de pista";1;0;0;0;0;0;0;0;0;0;0;0;0;0;0
"15/12/2025";"13:35:00";"52";"Sem vítima";"62,000";"BR-153/SP";"Decrescente";"Saída de pista";0;0;1;0;0;0;0;0;0;0;0;0;0;0;0
"15/12/2025";"15:03:00";"58";"Sem vítima";"61,000";"BR-153/SP";"Decrescente";"Saída de pista";1;0;0;0;0;0;0;0;0;0;0;0;0;0;0
"16/12/2025";"08:26:00";"16";"Com vítima";"30,000";"BR-153/SP";"Crescente";"Colisão lateral no mesmo sentido";1;0;0;1;0;0;0;0;0;0;2;1;0;0;0
"16/12/2025";"09:29:00";"26";"Sem vítima";"2,200";"BR-153/SP";"Crescente";"Capotamento";1;0;0;0;0;0;0;0;0;0;0;0;0;0;0
"16/12/2025";"19:22:00";"71";"Com vítima";"47,000";"BR-153/SP";"Decrescente";"Acidentes de outra natureza";0;0;0;1;0;0;0;0;0;0;0;0;1;0;0
"17/12/2025";"04:05:00";"3";"Sem vítima";"336,000";"BR-153/SP";"Decrescente";"Tombamento";0;0;1;0;0;0;0;0;0;0;0;0;0;0;0
"17/12/2025";"05:47:00";"5";"Sem vítima";"108,000";"BR-153/SP";"Decrescente";"Saída de pista";1;0;0;0;0;0;0;0;0;0;0;0;0;0;0
"17/12/2025";"19:09:00";"73";"Sem vítima";"16,800";"BR-153/SP";"Decrescente";"Choque";1;0;1;0;0;0;0;0;0;0;0;0;0;0;0
"17/12/2025";"22:06:00";"85";"Sem vítima";"163,000";"BR-153/SP";"Decrescente";"Colisão traseira";0;0;1;0;0;0;0;0;0;0;0;0;0;0;0
"18/12/2025";"07:03:00";"14";"Com vítima";"54,300";"BR-153/SP";"Decrescente";"Colisão lateral no mesmo sentido";0;0;0;2;0;0;0;0;0;0;1;2;0;0;0
"18/12/2025";"12:50:00";"40";"Sem vítima";"35,500";"BR-153/SP";"Crescente";"Colisão traseira";0;0;0;0;0;0;0;0;0;2;0;0;0;0;0
"18/12/2025";"15:00:00";"48";"Com vítima";"154,000";"BR-153/SP";"Crescente";"Saída de pista";0;0;1;0;0;0;0;0;0;0;0;1;0;0;0