data;horario;n_da_ocorrencia;tipo_de_ocorrencia;km;trecho;sentido;tipo_de_acidente;automovel;bicicleta;caminhao;moto;onibus;outros;tracao_animal;transporte_de_cargas_especiais;trator_maquinas;utilitarios;ilesos;levemente_feridos;moderadamente_feridos;gravemente_feridos;mortos
"19/12/2025";"11:52:00";"40";"Sem vítima";"61,000";"BR-153/SP";"Crescente";"Colisão traseira";0;0;0;0;0;0;0;0;0;2;0;0;0;0;0
"20/12/2025";"12:23:00";"50";"Com vítima";"62,000";"BR-153/SP";"Crescente";"Colisão lateral no mesmo sentido";1;0;1;0;0;0;0;0;0;0;1;5;0;0;0
"20/12/2025";"18:47:00";"76";"Sem vítima";"35,800";"BR-153/SP";"Decrescente";"Colisão traseira";1;0;0;0;0;0;0;0;0;1;0;0;0;0;0
"20/12/2025";"22:30:00";"90";"Sem vítima";"92,500";"BR-153/SP";"Crescente";"Atropelamento de animal";0;0;0;0;0;0;0;0;0;1;0;0;0;0;0
"21/12/2025";"04:20:00";"6";"Sem vítima";"60,850";"BR-153/SP";"Crescente";"Choque";1;0;0;0;0;0;0;0;0;0;0;0;0;0;0
"22/12/2025";"17:47:00";"45";"Com vítima";"49,080";"BR-153/SP";"Crescente";"Colisão transversal";1;0;0;1;0;0;0;0;0;0;1;1;0;0;0
"23/12/2025";"08:05:00";"12";"Com vítima";"62,000";"BR-153/SP";"Crescente";"Colisão lateral no mesmo sentido";1;0;0;1;0;0;0;0;0;0;0;2;0;0;0
"24/12/2025";"07:02:00";"9";"Sem vítima";"69,000";"BR-153/SP";"Decrescente";"Acidentes de outra natureza";0;0;0;1;0;0;0;0;0;0;0;0;0;0;0
"24/12/2025";"20:02:00";"69";"Sem vítima";"174,000";"BR-153/SP";"Decrescente";"Colisão traseira";2;0;0;0;0;0;0;0;0;0;0;0;0;0;0
"25/12/2025";"23:32:00";"82";"Sem vítima";"12,900";"BR-153/SP";"Decrescente";"Colisão lateral no mesmo sentido";2;0;0;0;0;0;0;0;0;0;0;0;0;0;0
"26/12/2025";"12:58:00";"23";"Com vítima";"48,000";"BR-153/SP";"Crescente";"Colisão traseira";2;0;0;0;0;0;0;0;0;0;1;2;1;0;0
"26/12/2025";"13:05:00";"24";"Com vítima";"51,500";"BR-153/SP";"Decrescente";"Colisão frontal";2;0;0;0;0;0;0;0;0;0;3;1;0;1;0
"26/12/2025";"20:18:00";"47";"Sem vítima";"322,700";"BR-153/SP";"Decrescente";"Colisão lateral no mesmo sentido";0;0;1;0;0;0;0;0;0;0;0;0;0;0;0
"27/12/2025";"06:18:00";"5";"Com vítima";"266,000";"BR-153/SP";"Decrescente";"Acidentes de outra natureza";0;0;0;1;0;0;0;0;0;0;0;0;1;0;0
"27/12/2025";"15:40:00";"43";"Sem vítima";"64,000";"BR-153/SP";"Crescente";"Saída de pista";1;0;0;0;0;0;0;0;0;0;0;0;0;0;0
"27/12/2025";"15:54:00";"44";"Sem vítima";"64,000";"BR-153/SP";"Decrescente";"Colisão traseira";1;0;0;1;0;0;0;0;0;0;0;0;0;0;0
"27/12/2025";"17:59:00";"50";"Sem vítima";"21,000";"BR-153/SP";"Crescente";"Colisão traseira";0;0;0;0;0;0;0;0;0;1;0;0;0;0;0
"27/12/2025";"19:58:00";"61";"Sem vítima";"16,000";"BR-153/SP";"Crescente";"Colisão traseira";1;0;0;0;0;0;0;0;0;0;0;0;0;0;0
"29/12/2025";"08:47:00";"20";"Com vítima";"169,000";"BR-153/SP";"Decrescente";"Colisão transversal";0;0;0;1;0;0;0;0;0;1;1;0;0;0;1
"30/12/2025";"10:50:00";"21";"Sem vítima";"192,000";"BR-153/SP";"Decrescente";"Colisão traseira";2;0;0;0;0;0;0;0;0;0;0;0;0;0;0
"30/12/2025";"16:50:00";"42";"Com vítima";"174,000";"BR-153/SP";"Decrescente";"Colisão lateral no mesmo sentido";1;0;1;0;0;0;0;0;0;0;0;0;1;0;0
"30/12/2025";"17:59:00";"44";"Sem vítima";"59,000";"BR-153/SP";"Decrescente";"Capotamento";1;0;0;0;0;0;0;0;0;0;0;0;0;0;0
"30/12/2025";"22:05:00";"56";"Com vítima";"25,500";"BR-153/SP";"Crescente";"Colisão transversal";1;0;0;0;0;0;0;0;0;1;2;0;4;0;0
"31/12/2025";"11:03:00";"21";"Sem vítima";"74,500";"BR-153/SP";"Crescente";"Colisão traseira";2;0;0;0;0;0;0;0;0;0;0;0;0;0;0
"01/01/2026";"00:49:00";"2";"Sem vítima";"47,000";"BR-153/SP";"Crescente";"Atropelamento de animal";1;0;0;0;0;0;0;0;0;0;0;0;0;0;0
"01/01/2026";"02:03:00";"4";"Sem vítima";"115,000";"BR-153/SP";"Crescente";"Saída de pista";1;0;0;0;0;0;0;0;0;0;0;0;0;0;0
"01/01/2026";"20:29:00";"45";"Sem vítima";"228,000";"BR-153/SP";"Decrescente";"Choque";0;0;0;0;0;0;0;0;0;0;0;0;0;0;0
"02/01/2026";"12:55:00";"26";"Sem vítima";"343,800";"BR-153/SP";"Decrescente";"Saída de pista";1;0;0;0;0;0;0;0;0;0;0;0;0;0;0
"02/01/2026";"15:38:00";"39";"Sem vítima";"178,000";"BR-153/SP";"Crescente";"Colisão traseira";2;0;0;0;0;0;0;0;0;0;0;0;0;0;0
"03/01/2026";"00:31:00";"1";"Sem vítima";"198,000";"BR-153/SP";"Crescente";"Atropelamento de animal";1;0;0;0;0;0;0;0;0;0;0;0;0;0;0
"03/01/2026";"21:43:00";"40";"Com vítima";"99,200";"BR-153/SP";"Decrescente";"Saída de pista";0;0;0;0;0;0;0;0;0;1;1;1;0;0;0
"05/01/2026";"13:05:00";"40";"Com vítima";"304,250";"BR-153/SP";"Decrescente";"Colisão frontal";1;0;1;0;0;0;0;0;0;0;1;0;0;0;1
"05/01/2026";"23:44:00";"67";"Com vítima";"32,000";"BR-153/SP";"Crescente";"Acidentes de outra natureza";0;0;0;1;0;0;0;0;0;0;0;2;0;0;0
"06/01/2026";"13:55:00";"44";"Sem vítima";"124,000";"BR-153/SP";"Crescente";"Saída de pista";0;0;1;0;0;0;0;0;0;0;0;0;0;0;0
"07/01/2026";"05:32:00";"5";"Com vítima";"174,000";"BR-153/SP";"Decrescente";"Tombamento";0;0;0;1;0;0;0;0;0;0;0;1;0;0;0
"08/01/2026";"21:41:00";"65";"Com vítima";"58,200";"BR-153/SP";"Crescente";"Colisão lateral no mesmo sentido";1;0;0;0;0;0;0;0;0;1;4;0;1;0;0
"09/01/2026";"15:13:00";"41";"Sem vítima";"161,300";"BR-153/SP";"Decrescente";"Colisão transversal";1;0;0;0;0;0;0;0;0;1;0;0;0;0;0
"09/01/2026";"21:43:00";"73";"Sem vítima";"58,000";"BR-153/SP";"Decrescente";"Saída de pista";1;0;0;0;0;0;0;0;0;0;0;0;0;0;0
"09/01/2026";"22:55:00";"79";"Sem vítima";"46,600";"BR-153/SP";"Decrescente";"Atropelamento de animal";1;0;0;0;0;0;0;0;0;0;0;0;0;0;0
"10/01/2026";"10:30:00";"18";"Sem vítima";"21,900";"BR-153/SP";"Decrescente";"Colisão traseira";0;0;0;0;0;0;0;0;0;2;0;0;0;0;0
"11/01/2026";"01:28:00";"4";"Com vítima";"27,000";"BR-153/SP";"Decrescente";"Colisão transversal";2;0;0;0;0;0;0;0;0;0;1;2;0;0;0
"11/01/2026";"10:10:00";"14";"Com vítima";"25,400";"BR-153/SP";"Crescente";"Tombamento";0;0;0;1;0;0;0;0;0;0;0;2;0;0;0
"11/01/2026";"15:19:00";"30";"Sem vítima";"16,500";"BR-153/SP";"Crescente";"Colisão traseira";1;0;1;0;0;0;0;0;0;0;0;0;0;0;0
"12/01/2026";"14:33:00";"38";"Com vítima";"50,800";"BR-153/SP";"Crescente";"Colisão lateral no mesmo sentido";1;0;0;1;0;0;0;0;0;0;1;1;0;0;0
"13/01/2026";"21:52:00";"78";"Sem vítima";"68,800";"BR-153/SP";"Decrescente";"Atropelamento de animal";1;0;0;0;0;0;0;0;0;0;0;0;0;0;0
"15/01/2026";"09:06:00";"20";"Sem vítima";"61,900";"BR-153/SP";"Crescente";"Colisão traseira";1;0;0;0;0;0;0;0;0;1;0;0;0;0;0
"15/01/2026";"17:20:00";"44";"Com vítima";"46,300";"BR-153/SP";"Decrescente";"Colisão lateral no mesmo sentido";1;0;0;0;0;0;0;0;0;0;4;1;0;0;0
"16/01/2026";"07:45:00";"7";"Com vítima";"76,600";"BR-153/SP";"Crescente";"Colisão traseira";2;0;1;0;0;0;0;0;0;0;3;1;0;0;0
"16/01/2026";"18:55:00";"40";"Sem vítima";"174,000";"BR-153/SP";"Decrescente";"Colisão traseira";1;0;0;0;0;0;0;0;0;0;0;0;0;0;0
"16/01/2026";"19:34:00";"43";"Sem vítima";"42,800";"BR-153/SP";"Crescente";"Atropelamento de animal";1;0;0;0;0;0;0;0;0;0;0;0;0;0;0
"16/01/2026";"19:34:00";"44";"Sem vítima";"98,900";"BR-153/SP";"Crescente";"Colisão lateral no mesmo sentido";1;0;0;0;0;0;0;0;0;0;0;0;0;0;0
"16/01/2026";"19:37:00";"45";"Sem vítima";"42,800";"BR-153/SP";"Decrescente";"Atropelamento de animal";0;0;1;0;0;0;0;0;0;0;0;0;0;0;0
"16/01/2026";"23:50:00";"56";"Sem vítima";"63,200";"BR-153/SP";"Crescente";"Saída de pista";1;0;0;0;0;0;0;0;0;0;0;0;0;0;0
"17/01/2026";"02:06:00";"2";"Sem vítima";"321,000";"BR-153/SP";"Decrescente";"Colisão lateral no mesmo sentido";1;0;1;0;0;0;0;0;0;0;0;0;0;0;0
"17/01/2026";"13:23:00";"26";"Com vítima";"184,700";"BR-153/SP";"Crescente";"Tombamento";0;0;0;1;0;0;0;0;0;0;0;0;0;1;0
"18/01/2026";"21:40:00";"55";"Sem vítima";"174,000";"BR-153/SP";"Crescente";"Colisão traseira";1;0;0;1;0;0;0;0;0;0;0;0;0;0;0
"19/01/2026";"08:00:00";"17";"Sem vítima";"215,000";"BR-153/SP";"Decrescente";"Colisão traseira";0;0;0;0;0;0;0;0;0;2;0;0;0;0;0
"19/01/2026";"10:27:00";"28";"Com vítima";"289,000";"BR-153/SP";"Decrescente";"Engavetamento";2;0;0;0;0;0;0;0;0;1;6;0;2;0;0
"19/01/2026";"15:02:00";"48";"Sem vítima";"35,800";"BR-153/SP";"Decrescente";"Colisão traseira";1;0;0;0;0;0;0;0;0;1;0;0;0;0;0
"19/01/2026";"15:53:00";"53";"Sem vítima";"289,000";"BR-153/SP";"Decrescente";"Colisão traseira";0;0;2;0;0;0;0;0;0;0;0;0;0;0;0
"19/01/2026";"18:31:00";"58";"Sem vítima";"61,050";"BR-153/SP";"Crescente";"Colisão traseira";0;0;0;1;0;0;0;0;0;0;0;0;0;0;0
"19/01/2026";"20:30:00";"66";"Sem vítima";"62,300";"BR-153/SP";"Decrescente";"Colisão lateral no mesmo sentido";1;0;0;0;0;0;0;0;0;1;0;0;0;0;0
"20/01/2026";"09:35:00";"13";"Sem vítima";"213,000";"BR-153/SP";"Crescente";"Colisão traseira";0;0;1;0;0;0;0;0;0;0;0;0;0;0;0
"20/01/2026";"22:08:00";"47";"Sem vítima";"278,300";"BR-153/SP";"Crescente";"Atropelamento de animal";1;0;0;0;0;0;0;0;0;0;0;0;0;0;0
"21/01/2026";"07:36:00";"5";"Com vítima";"77,000";"BR-153/SP";"Decrescente";"Colisão traseira";0;0;2;0;0;0;0;0;0;0;1;0;1;0;0
"21/01/2026";"11:30:00";"21";"Sem vítima";"264,000";"BR-153/SP";"Decrescente";"Tombamento";0;0;1;0;0;0;0;0;0;0;0;0;0;0;0
"22/01/2026";"08:55:00";"8";"Com vítima";"61,900";"BR-153/SP";"Crescente";"Acidentes de outra natureza";0;0;0;1;0;0;0;0;0;0;0;0;1;0;0
"23/01/2026";"13:23:00";"29";"Com vítima";"266,000";"BR-153/SP";"Decrescente";"Colisão traseira";0;0;1;0;0;0;0;0;0;1;1;1;0;0;0
"24/01/2026";"06:33:00";"8";"Sem vítima";"35,800";"BR-153/SP";"Decrescente";"Saída de pista";1;0;0;0;0;0;0;0;0;0;0;0;0;0;0
"24/01/2026";"06:56:00";"9";"Sem vítima";"68,000";"BR-153/SP";"Decrescente";"Colisão lateral no mesmo sentido";0;0;1;0;0;0;0;0;0;1;0;0;0;0;0
"24/01/2026";"08:35:00";"18";"Com vítima";"47,000";"BR-153/SP";"Decrescente";"Colisão transversal";0;0;0;1;0;0;0;0;0;1;0;0;0;1;0
"25/01/2026";"17:59:00";"42";"Sem vítima";"56,800";"BR-153/SP";"Decrescente";"Colisão traseira";2;0;0;0;0;0;0;0;0;0;0;0;0;0;0
"25/01/2026";"19:39:00";"51";"Sem vítima";"71,900";"BR-153/SP";"Decrescente";"Colisão traseira";1;0;0;0;0;0;0;0;0;0;0;0;0;0;0
"26/01/2026";"19:57:00";"54";"Sem vítima";"220,900";"BR-153/SP";"Crescente";"Atropelamento de animal";1;0;0;0;0;0;0;0;0;0;0;0;0;0;0
"27/01/2026";"08:04:00";"6";"Sem vítima";"74,000";"BR-153/SP";"Crescente";"Colisão traseira";1;0;0;1;0;0;0;0;0;0;0;0;0;0;0
"27/01/2026";"13:35:00";"21";"Sem vítima";"59,000";"BR-153/SP";"Decrescente";"Saída de pista";0;0;0;0;0;0;0;0;0;1;0;0;0;0;0
"27/01/2026";"16:42:00";"36";"Com vítima";"54,800";"BR-153/SP";"Decrescente";"Acidentes de outra natureza";0;0;0;1;0;0;0;0;0;0;0;0;1;0;0
"28/01/2026";"06:45:00";"8";"Sem vítima";"258,000";"BR-153/SP";"Decrescente";"Atropelamento de animal";1;0;0;0;0;0;0;0;0;0;0;0;0;0;0
"28/01/2026";"23:31:00";"67";"Sem vítima";"17,000";"BR-153/SP";"Crescente";"Colisão traseira";0;0;1;0;0;0;0;0;0;1;0;0;0;0;0
"29/01/2026";"09:09:00";"15";"Com vítima";"174,400";"BR-153/SP";"Decrescente";"Acidentes de outra natureza";0;0;0;1;0;0;0;0;0;0;0;1;1;0;0
"29/01/2026";"10:21:00";"21";"Sem vítima";"178,800";"BR-153/SP";"Crescente";"Colisão traseira";0;0;0;0;0;0;0;0;0;1;0;0;0;0;0
"29/01/2026";"14:22:00";"39";"Com vítima";"61,000";"BR-153/SP";"Crescente";"Engavetamento";3;0;0;0;0;0;0;0;0;1;3;1;0;0;0
"30/01/2026";"05:21:00";"4";"Sem vítima";"77,000";"BR-153/SP";"Decrescente";"Saída de pista";0;0;1;0;0;0;0;0;0;0;0;0;0;0;0
"30/01/2026";"20:54:00";"74";"Sem vítima";"58,900";"BR-153/SP";"Decrescente";"Saída de pista";1;0;0;0;0;0;0;0;0;0;0;0;0;0;0
"01/02/2026";"12:02:00";"25";"Sem vítima";"57,500";"BR-153/SP";"Crescente";"Colisão lateral no mesmo sentido";1;0;1;0;0;0;0;0;0;0;0;0;0;0;0
"02/02/2026";"08:12:00";"14";"Sem vítima";"66,000";"BR-153/SP";"Crescente";"Colisão transversal";2;0;0;0;0;0;0;0;0;0;0;0;0;0;0
"02/02/2026";"20:14:00";"53";"Com vítima";"56,000";"BR-153/SP";"Decrescente";"Colisão traseira";0;0;1;1;0;0;0;0;0;0;1;0;0;1;0
"03/02/2026";"08:47:00";"19";"Sem vítima";"112,000";"BR-153/SP";"Crescente";"Colisão lateral no mesmo sentido";1;0;0;0;0;0;0;0;0;0;0;0;0;0;0
"03/02/2026";"16:04:00";"54";"Com vítima";"280,000";"BR-153/SP";"Crescente";"Colisão transversal";1;0;0;0;0;0;0;0;0;1;10;1;0;0;0
"04/02/2026";"07:34:00";"5";"Com vítima";"263,000";"BR-153/SP";"Crescente";"Saída de pista";1;0;0;0;0;0;0;0;0;0;0;1;0;0;0
"04/02/2026";"10:18:00";"18";"Sem vítima";"292,000";"BR-153/SP";"Crescente";"Colisão traseira";0;0;2;0;0;0;0;0;0;0;0;0;0;0;0
"04/02/2026";"11:59:00";"25";"Com vítima";"69,000";"BR-153/SP";"Decrescente";"Acidentes de outra natureza";0;0;0;1;0;0;0;0;0;0;0;1;1;0;0
"05/02/2026";"00:25:00";"1";"Com vítima";"53,000";"BR-153/SP";"Decrescente";"Acidentes de outra natureza";0;0;0;1;0;0;0;0;0;0;0;2;0;0;0
"05/02/2026";"13:19:00";"38";"Com vítima";"63,000";"BR-153/SP";"Crescente";"Colisão traseira";1;0;0;0;0;0;0;0;0;1;2;1;0;0;0
"05/02/2026";"15:31:00";"48";"Sem vítima";"270,000";"BR-153/SP";"Crescente";"Colisão traseira";1;0;0;0;0;0;0;0;0;0;0;0;0;0;0
"05/02/2026";"17:55:00";"57";"Sem vítima";"97,900";"BR-153/SP";"Crescente";"Saída de pista";0;0;0;0;0;0;0;0;0;1;0;0;0;0;0
"06/02/2026";"09:53:00";"26";"Sem vítima";"75,500";"BR-153/SP";"Crescente";"Tombamento";0;0;1;0;0;0;0;0;0;0;0;0;0;0;0
"06/02/2026";"17:08:00";"63";"Com vítima";"61,000";"BR-153/SP";"Crescente";"Colisão lateral no mesmo sentido";1;0;0;1;0;0;0;0;0;0;4;2;0;0;0
"07/02/2026";"08:58:00";"24";"Com vítima";"274,600";"BR-153/SP";"Decrescente";"Saída de pista";0;0;0;0;0;0;0;0;0;1;0;1;0;0;0
"07/02/2026";"22:25:00";"70";"Sem vítima";"51,000";"BR-153/SP";"Crescente";"Saída de pista";1;0;0;0;0;0;0;0;0;0;0;0;0;0;0
"08/02/2026";"04:50:00";"6";"Sem vítima";"14,800";"BR-153/SP";"Crescente";"Saída de pista";1;0;0;0;0;0;0;0;0;0;0;0;0;0;0
"09/02/2026";"02:15:00";"5";"Sem vítima";"76,000";"BR-153/SP";"Crescente";"Atropelamento de animal";0;0;0;1;0;0;0;0;0;0;0;0;0;0;0
"09/02/2026";"06:57:00";"10";"Com vítima";"207,000";"BR-153/SP";"Decrescente";"Colisão transversal";2;0;0;0;0;0;0;0;0;0;1;0;2;0;0
"09/02/2026";"10:21:00";"29";"Sem vítima";"108,000";"BR-153/SP";"Crescente";"Choque";1;0;0;0;0;0;0;0;0;0;0;0;0;0;0
"09/02/2026";"11:27:00";"34";"Sem vítima";"88,000";"BR-153/SP";"Decrescente";"Acidentes de outra natureza";0;0;0;1;0;0;0;0;0;0;0;0;0;0;0
"09/02/2026";"12:25:00";"38";"Com vítima";"47,000";"BR-153/SP";"Crescente";"Saída de pista";1;0;0;0;0;0;0;0;0;0;1;1;0;0;0
"09/02/2026";"13:59:00";"44";"Sem vítima";"339,000";"BR-153/SP";"Decrescente";"Saída de pista";1;0;0;0;0;0;0;0;0;0;0;0;0;0;0
"09/02/2026";"16:26:00";"54";"Sem vítima";"91,000";"BR-153/SP";"Decrescente";"Saída de pista";1;0;0;0;0;0;0;0;0;0;0;0;0;0;0
"10/02/2026";"17:36:00";"62";"Com vítima";"71,500";"BR-153/SP";"Crescente";"Acidentes de outra natureza";0;0;0;1;0;0;0;0;0;0;0;1;1;0;0
"10/02/2026";"19:45:00";"69";"Sem vítima";"4,900";"BR-153/SP";"Decrescente";"Atropelamento de animal";1;0;0;0;0;0;0;0;0;0;0;0;0;0;0
"10/02/2026";"21:47:00";"79";"Sem vítima";"73,000";"BR-153/SP";"Decrescente";"Saída de pista";1;0;0;0;0;0;0;0;0;0;0;0;0;0;0
"11/02/2026";"01:56:00";"5";"Sem vítima";"61,000";"BR-153/SP";"Decrescente";"Colisão lateral no mesmo sentido";1;0;0;0;0;0;0;0;0;0;0;0;0;0;0
"11/02/2026";"05:24:00";"7";"Com vítima";"174,000";"BR-153/SP";"Crescente";"Colisão transversal";1;0;0;1;0;0;0;0;0;0;0;2;0;0;0
"11/02/2026";"11:41:00";"47";"Com vítima";"228,000";"BR-153/SP";"Decrescente";"Tombamento";0;0;1;0;0;0;0;0;0;0;0;0;2;0;0
"12/02/2026";"19:05:00";"59";"Sem vítima";"35,800";"BR-153/SP";"Decrescente";"Colisão traseira";0;0;1;0;0;0;0;0;0;0;0;0;0;0;0
"13/02/2026";"10:03:00";"26";"Sem vítima";"7,000";"BR-153/SP";"Crescente";"Saída de pista";1;0;0;0;0;0;0;0;0;0;0;0;0;0;0
"13/02/2026";"16:04:00";"46";"Com vítima";"61,000";"BR-153/SP";"Crescente";"Colisão traseira";1;0;0;1;0;0;0;0;0;0;0;0;0;1;0
"13/02/2026";"16:40:00";"48";"Sem vítima";"61,000";"BR-153/SP";"Decrescente";"Colisão lateral no mesmo sentido";1;0;1;0;0;0;0;0;0;0;0;0;0;0;0
"13/02/2026";"17:48:00";"52";"Com vítima";"261,000";"BR-153/SP";"Decrescente";"Colisão traseira";0;0;0;1;0;0;0;0;0;0;0;1;0;0;0
"13/02/2026";"19:50:00";"59";"Sem vítima";"154,000";"BR-153/SP";"Decrescente";"Atropelamento de animal";0;0;0;0;0;0;0;0;0;1;0;0;0;0;0
"13/02/2026";"23:39:00";"66";"Sem vítima";"318,000";"BR-153/SP";"Decrescente";"Colisão traseira";1;0;0;0;0;0;0;0;0;1;0;0;0;0;0
"14/02/2026";"06:30:00";"9";"Com vítima";"128,100";"BR-153/SP";"Decrescente";"Colisão lateral no mesmo sentido";1;0;0;0;0;0;0;0;0;1;1;2;0;0;0
"14/02/2026";"09:08:00";"24";"Com vítima";"61,800";"BR-153/SP";"Decrescente";"Atropelamento de pedestre";0;0;0;0;0;0;0;0;0;1;1;0;1;0;0
"14/02/2026";"14:52:00";"56";"Com vítima";"57,000";"BR-153/SP";"Decrescente";"Saída de pista";1;0;0;0;0;0;0;0;0;0;1;2;0;0;0
"14/02/2026";"17:35:00";"71";"Sem vítima";"336,000";"BR-153/SP";"Decrescente";"Colisão transversal";0;0;1;0;0;0;0;0;0;1;0;0;0;0;0
"16/02/2026";"01:36:00";"2";"Com vítima";"266,000";"BR-153/SP";"Crescente";"Tombamento";0;0;0;0;1;0;0;0;0;0;0;46;2;28;12
"16/02/2026";"19:49:00";"42";"Com vítima";"83,000";"BR-153/SP";"Crescente";"Atropelamento de animal";1;0;0;0;0;0;0;0;0;0;2;1;0;0;0
"16/02/2026";"20:06:00";"43";"Sem vítima";"83,000";"BR-153/SP";"Crescente";"Atropelamento de animal";1;0;0;0;0;0;0;0;0;0;0;0;0;0;0
"18/02/2026";"07:50:00";"16";"Com vítima";"61,700";"BR-153/SP";"Crescente";"Engavetamento";3;0;0;0;0;0;0;0;0;0;4;0;1;0;0
"18/02/2026";"08:33:00";"21";"Sem vítima";"61,700";"BR-153/SP";"Decrescente";"Colisão traseira";1;0;0;1;0;0;0;0;0;0;0;0;0;0;0
"18/02/2026";"08:59:00";"26";"Sem vítima";"58,200";"BR-153/SP";"Crescente";"Colisão traseira";0;0;0;0;0;0;0;0;0;2;0;0;0;0;0
"18/02/2026";"09:06:00";"27";"Com vítima";"255,000";"BR-153/SP";"Crescente";"Acidentes de outra natureza";0;0;0;1;0;0;0;0;0;0;0;1;0;0;0
"19/02/2026";"15:24:00";"45";"Com vítima";"205,000";"BR-153/SP";"Crescente";"Acidentes de outra natureza";0;0;0;1;0;0;0;0;0;0;0;0;1;0;0
"20/02/2026";"13:54:00";"24";"Com vítima";"260,000";"BR-153/SP";"Decrescente";"Acidentes de outra natureza";0;0;0;1;0;0;0;0;0;0;0;1;0;0;0
"20/02/2026";"17:42:00";"37";"Com vítima";"65,000";"BR-153/SP";"Decrescente";"Acidentes de outra natureza";0;0;0;1;0;0;0;0;0;0;0;1;0;0;0
"20/02/2026";"19:11:00";"46";"Sem vítima";"212,000";"BR-153/SP";"Crescente";"Choque";1;0;0;0;0;0;0;0;0;0;0;0;0;0;0
"21/02/2026";"11:05:00";"17";"Sem vítima";"60,500";"BR-153/SP";"Decrescente";"Colisão traseira";0;0;0;0;0;0;0;0;0;1;0;0;0;0;0
"21/02/2026";"23:11:00";"44";"Sem vítima";"57,300";"BR-153/SP";"Crescente";"Choque";1;0;0;0;0;0;0;0;0;0;0;0;0;0;0
"22/02/2026";"17:16:00";"42";"Sem vítima";"58,800";"BR-153/SP";"Decrescente";"Saída de pista";1;0;0;0;0;0;0;0;0;0;0;0;0;0;0
"23/02/2026";"00:33:00";"1";"Com vítima";"63,000";"BR-153/SP";"Decrescente";"Saída de pista";1;0;0;0;0;0;0;0;0;0;0;0;1;0;0
"23/02/2026";"09:53:00";"38";"Com vítima";"60,400";"BR-153/SP";"Crescente";"Colisão traseira";1;0;0;1;0;0;0;0;0;0;1;1;0;0;0
"23/02/2026";"13:28:00";"60";"Com vítima";"174,400";"BR-153/SP";"Crescente";"Colisão transversal";1;0;1;0;0;0;0;0;0;0;1;2;0;0;0
"24/02/2026";"14:06:00";"34";"Sem vítima";"62,000";"BR-153/SP";"Decrescente";"Saída de pista";0;0;1;0;0;0;0;0;0;0;0;0;0;0;0
"24/02/2026";"16:42:00";"41";"Sem vítima";"268,100";"BR-153/SP";"Decrescente";"Colisão traseira";1;0;0;0;0;0;0;0;0;1;0;0;0;0;0
"25/02/2026";"19:51:00";"27";"Sem vítima";"283,000";"BR-153/SP";"Decrescente";"Colisão lateral no mesmo sentido";1;0;1;0;0;0;0;0;0;0;0;0;0;0;0
"26/02/2026";"07:41:00";"12";"Sem vítima";"37,700";"BR-153/SP";"Crescente";"Colisão transversal";2;0;0;0;0;0;0;0;0;0;0;0;0;0;0
"26/02/2026";"08:59:00";"20";"Com vítima";"40,000";"BR-153/SP";"Crescente";"Acidentes de outra natureza";0;0;0;1;0;0;0;0;0;0;0;1;0;0;0
"26/02/2026";"15:03:00";"62";"Sem vítima";"222,000";"BR-153/SP";"Decrescente";"Colisão lateral no mesmo sentido";1;0;0;0;0;0;0;0;0;1;0;0;0;0;0
"26/02/2026";"20:21:00";"90";"Sem vítima";"73,000";"BR-153/SP";"Crescente";"Choque";1;0;0;0;0;0;0;0;0;0;0;0;0;0;0
"27/02/2026";"13:59:00";"42";"Sem vítima";"35,700";"BR-153/SP";"Crescente";"Colisão traseira";2;0;0;0;0;0;0;0;0;0;0;0;0;0;0
"27/02/2026";"14:34:00";"43";"Sem vítima";"63,000";"BR-153/SP";"Decrescente";"Saída de pista";0;0;1;0;0;0;0;0;0;0;0;0;0;0;0
"28/02/2026";"08:01:00";"11";"Sem vítima";"80,000";"BR-153/SP";"Decrescente";"Capotamento";0;0;0;0;0;0;0;0;0;1;0;0;0;0;0
"28/02/2026";"11:56:00";"27";"Com vítima";"62,500";"BR-153/SP";"Crescente";"Colisão traseira";1;0;1;0;0;0;0;0;0;0;1;0;1;0;0